ISO-10303-21;
HEADER;
FILE_DESCRIPTION(('KiCad electronic assembly'),'2;1');
FILE_NAME('Arduino Nano game.step','2025-12-28T20:41:03',('Pcbnew'),(
    'Kicad'),'Open CASCADE STEP processor 7.8','KiCad to STEP converter'
  ,'Unknown');
FILE_SCHEMA(('AUTOMOTIVE_DESIGN { 1 0 10303 214 1 1 1 1 }'));
ENDSEC;
DATA;
#1 = APPLICATION_PROTOCOL_DEFINITION('international standard',
  'automotive_design',2000,#2);
#2 = APPLICATION_CONTEXT(
  'core data for automotive mechanical design processes');
#3 = SHAPE_DEFINITION_REPRESENTATION(#4,#10);
#4 = PRODUCT_DEFINITION_SHAPE('','',#5);
#5 = PRODUCT_DEFINITION('design','',#6,#9);
#6 = PRODUCT_DEFINITION_FORMATION('','',#7);
#7 = PRODUCT('Arduino Nano game 1','Arduino Nano game 1','',(#8));
#8 = PRODUCT_CONTEXT('',#2,'mechanical');
#9 = PRODUCT_DEFINITION_CONTEXT('part definition',#2,'design');
#10 = SHAPE_REPRESENTATION('',(#11,#15,#19,#23,#27,#31),#35);
#11 = AXIS2_PLACEMENT_3D('',#12,#13,#14);
#12 = CARTESIAN_POINT('',(0.,0.,0.));
#13 = DIRECTION('',(0.,0.,1.));
#14 = DIRECTION('',(1.,0.,-0.));
#15 = AXIS2_PLACEMENT_3D('',#16,#17,#18);
#16 = CARTESIAN_POINT('',(62.25,-74.93,1.595));
#17 = DIRECTION('',(0.,0.,1.));
#18 = DIRECTION('',(1.,0.,0.));
#19 = AXIS2_PLACEMENT_3D('',#20,#21,#22);
#20 = CARTESIAN_POINT('',(65.786,-120.523,1.595));
#21 = DIRECTION('',(0.,0.,1.));
#22 = DIRECTION('',(-1.,1.224646799147E-16,0.));
#23 = AXIS2_PLACEMENT_3D('',#24,#25,#26);
#24 = CARTESIAN_POINT('',(115.58,-74.93,1.595));
#25 = DIRECTION('',(0.,0.,1.));
#26 = DIRECTION('',(1.,0.,0.));
#27 = AXIS2_PLACEMENT_3D('',#28,#29,#30);
#28 = CARTESIAN_POINT('',(71.755,-94.615,-8.5E-02));
#29 = DIRECTION('',(0.,-1.224646799147E-16,-1.));
#30 = DIRECTION('',(1.,0.,0.));
#31 = AXIS2_PLACEMENT_3D('',#32,#33,#34);
#32 = CARTESIAN_POINT('',(0.,0.,0.));
#33 = DIRECTION('',(0.,0.,1.));
#34 = DIRECTION('',(1.,0.,-0.));
#35 = ( GEOMETRIC_REPRESENTATION_CONTEXT(3) 
GLOBAL_UNCERTAINTY_ASSIGNED_CONTEXT((#39)) GLOBAL_UNIT_ASSIGNED_CONTEXT(
(#36,#37,#38)) REPRESENTATION_CONTEXT('Context #1',
  '3D Context with UNIT and UNCERTAINTY') );
#36 = ( LENGTH_UNIT() NAMED_UNIT(*) SI_UNIT(.MILLI.,.METRE.) );
#37 = ( NAMED_UNIT(*) PLANE_ANGLE_UNIT() SI_UNIT($,.RADIAN.) );
#38 = ( NAMED_UNIT(*) SI_UNIT($,.STERADIAN.) SOLID_ANGLE_UNIT() );
#39 = UNCERTAINTY_MEASURE_WITH_UNIT(LENGTH_MEASURE(1.E-07),#36,
  'distance_accuracy_value','confusion accuracy');
#40 = PRODUCT_RELATED_PRODUCT_CATEGORY('part',$,(#7));
#41 = SHAPE_DEFINITION_REPRESENTATION(#42,#48);
#42 = PRODUCT_DEFINITION_SHAPE('','',#43);
#43 = PRODUCT_DEFINITION('design','',#44,#47);
#44 = PRODUCT_DEFINITION_FORMATION('','',#45);
#45 = PRODUCT('Buzzer_12x9.5RM7.6','Buzzer_12x9.5RM7.6','',(#46));
#46 = PRODUCT_CONTEXT('',#2,'mechanical');
#47 = PRODUCT_DEFINITION_CONTEXT('part definition',#2,'design');
#48 = ADVANCED_BREP_SHAPE_REPRESENTATION('',(#11,#49),#341);
#49 = MANIFOLD_SOLID_BREP('',#50);
#50 = CLOSED_SHELL('',(#51,#84,#110,#136,#167,#187,#212,#237,#262,#288,
    #314,#323,#332));
#51 = ADVANCED_FACE('',(#52),#79,.T.);
#52 = FACE_BOUND('',#53,.T.);
#53 = EDGE_LOOP('',(#54,#63,#71,#78));
#54 = ORIENTED_EDGE('',*,*,#55,.T.);
#55 = EDGE_CURVE('',#56,#56,#58,.T.);
#56 = VERTEX_POINT('',#57);
#57 = CARTESIAN_POINT('',(9.8,1.804356723968E-35,0.33));
#58 = CIRCLE('',#59,6.);
#59 = AXIS2_PLACEMENT_3D('',#60,#61,#62);
#60 = CARTESIAN_POINT('',(3.8,1.804356723968E-35,0.33));
#61 = DIRECTION('',(-8.559688641721E-35,6.014522413226E-35,1.));
#62 = DIRECTION('',(1.,6.690258951221E-52,8.559688641721E-35));
#63 = ORIENTED_EDGE('',*,*,#64,.T.);
#64 = EDGE_CURVE('',#56,#65,#67,.T.);
#65 = VERTEX_POINT('',#66);
#66 = CARTESIAN_POINT('',(9.8,-8.91040357515E-35,8.048518518519));
#67 = LINE('',#68,#69);
#68 = CARTESIAN_POINT('',(9.8,0.,3.E-02));
#69 = VECTOR('',#70,1.);
#70 = DIRECTION('',(0.,0.,1.));
#71 = ORIENTED_EDGE('',*,*,#72,.F.);
#72 = EDGE_CURVE('',#65,#65,#73,.T.);
#73 = CIRCLE('',#74,6.);
#74 = AXIS2_PLACEMENT_3D('',#75,#76,#77);
#75 = CARTESIAN_POINT('',(3.8,-8.91040357515E-35,8.048518518519));
#76 = DIRECTION('',(-8.559688641721E-35,6.014522413226E-35,1.));
#77 = DIRECTION('',(1.,8.259101077374E-51,8.559688641721E-35));
#78 = ORIENTED_EDGE('',*,*,#64,.F.);
#79 = CYLINDRICAL_SURFACE('',#80,6.);
#80 = AXIS2_PLACEMENT_3D('',#81,#82,#83);
#81 = CARTESIAN_POINT('',(3.8,0.,3.E-02));
#82 = DIRECTION('',(-0.,-0.,-1.));
#83 = DIRECTION('',(1.,0.,0.));
#84 = ADVANCED_FACE('',(#85),#105,.T.);
#85 = FACE_BOUND('',#86,.T.);
#86 = EDGE_LOOP('',(#87,#96,#103,#104));
#87 = ORIENTED_EDGE('',*,*,#88,.T.);
#88 = EDGE_CURVE('',#89,#89,#91,.T.);
#89 = VERTEX_POINT('',#90);
#90 = CARTESIAN_POINT('',(9.5,2.672764710092E-51,3.E-02));
#91 = CIRCLE('',#92,5.7);
#92 = AXIS2_PLACEMENT_3D('',#93,#94,#95);
#93 = CARTESIAN_POINT('',(3.8,0.,3.E-02));
#94 = DIRECTION('',(-8.559688641721E-35,6.014522413226E-35,1.));
#95 = DIRECTION('',(1.,6.690258951221E-52,8.559688641721E-35));
#96 = ORIENTED_EDGE('',*,*,#97,.F.);
#97 = EDGE_CURVE('',#56,#89,#98,.T.);
#98 = CIRCLE('',#99,0.3);
#99 = AXIS2_PLACEMENT_3D('',#100,#101,#102);
#100 = CARTESIAN_POINT('',(9.5,9.021783619839E-37,0.33));
#101 = DIRECTION('',(3.007261206613E-36,1.,-6.014522413226E-35));
#102 = DIRECTION('',(1.,-3.007261206613E-36,8.559688641721E-35));
#103 = ORIENTED_EDGE('',*,*,#55,.F.);
#104 = ORIENTED_EDGE('',*,*,#97,.T.);
#105 = TOROIDAL_SURFACE('',#106,5.7,0.3);
#106 = AXIS2_PLACEMENT_3D('',#107,#108,#109);
#107 = CARTESIAN_POINT('',(3.8,1.804356723968E-35,0.33));
#108 = DIRECTION('',(8.559688641721E-35,-6.014522413226E-35,-1.));
#109 = DIRECTION('',(1.,6.690258951221E-52,8.559688641721E-35));
#110 = ADVANCED_FACE('',(#111),#131,.T.);
#111 = FACE_BOUND('',#112,.T.);
#112 = EDGE_LOOP('',(#113,#122,#123,#124));
#113 = ORIENTED_EDGE('',*,*,#114,.F.);
#114 = EDGE_CURVE('',#65,#115,#117,.T.);
#115 = VERTEX_POINT('',#116);
#116 = CARTESIAN_POINT('',(8.318518518519,3.207317652111E-50,9.53));
#117 = CIRCLE('',#118,1.481481481481);
#118 = AXIS2_PLACEMENT_3D('',#119,#120,#121);
#119 = CARTESIAN_POINT('',(8.318518518519,-8.91040357515E-35,
    8.048518518519));
#120 = DIRECTION('',(8.259101077374E-51,-1.,6.014522413226E-35));
#121 = DIRECTION('',(1.,8.259101077374E-51,8.559688641721E-35));
#122 = ORIENTED_EDGE('',*,*,#72,.T.);
#123 = ORIENTED_EDGE('',*,*,#114,.T.);
#124 = ORIENTED_EDGE('',*,*,#125,.F.);
#125 = EDGE_CURVE('',#115,#115,#126,.T.);
#126 = CIRCLE('',#127,4.518518518519);
#127 = AXIS2_PLACEMENT_3D('',#128,#129,#130);
#128 = CARTESIAN_POINT('',(3.8,0.,9.53));
#129 = DIRECTION('',(-8.559688641721E-35,6.014522413226E-35,1.));
#130 = DIRECTION('',(1.,8.259101077374E-51,8.559688641721E-35));
#131 = TOROIDAL_SURFACE('',#132,4.518518518519,1.481481481481);
#132 = AXIS2_PLACEMENT_3D('',#133,#134,#135);
#133 = CARTESIAN_POINT('',(3.8,-8.91040357515E-35,8.048518518519));
#134 = DIRECTION('',(-8.559688641721E-35,6.014522413226E-35,1.));
#135 = DIRECTION('',(1.,8.259101077374E-51,8.559688641721E-35));
#136 = ADVANCED_FACE('',(#137,#140,#151),#162,.F.);
#137 = FACE_BOUND('',#138,.F.);
#138 = EDGE_LOOP('',(#139));
#139 = ORIENTED_EDGE('',*,*,#88,.T.);
#140 = FACE_BOUND('',#141,.F.);
#141 = EDGE_LOOP('',(#142));
#142 = ORIENTED_EDGE('',*,*,#143,.F.);
#143 = EDGE_CURVE('',#144,#144,#146,.T.);
#144 = VERTEX_POINT('',#145);
#145 = CARTESIAN_POINT('',(0.45,0.,3.E-02));
#146 = CIRCLE('',#147,0.45);
#147 = AXIS2_PLACEMENT_3D('',#148,#149,#150);
#148 = CARTESIAN_POINT('',(0.,0.,3.E-02));
#149 = DIRECTION('',(0.,0.,1.));
#150 = DIRECTION('',(1.,0.,-0.));
#151 = FACE_BOUND('',#152,.F.);
#152 = EDGE_LOOP('',(#153));
#153 = ORIENTED_EDGE('',*,*,#154,.F.);
#154 = EDGE_CURVE('',#155,#155,#157,.T.);
#155 = VERTEX_POINT('',#156);
#156 = CARTESIAN_POINT('',(8.05,0.,3.E-02));
#157 = CIRCLE('',#158,0.45);
#158 = AXIS2_PLACEMENT_3D('',#159,#160,#161);
#159 = CARTESIAN_POINT('',(7.6,0.,3.E-02));
#160 = DIRECTION('',(0.,0.,1.));
#161 = DIRECTION('',(1.,0.,-0.));
#162 = PLANE('',#163);
#163 = AXIS2_PLACEMENT_3D('',#164,#165,#166);
#164 = CARTESIAN_POINT('',(3.8,2.108840176837E-16,3.E-02));
#165 = DIRECTION('',(-8.559688641721E-35,6.014522413226E-35,1.));
#166 = DIRECTION('',(1.,0.,8.559688641721E-35));
#167 = ADVANCED_FACE('',(#168,#171),#182,.T.);
#168 = FACE_BOUND('',#169,.T.);
#169 = EDGE_LOOP('',(#170));
#170 = ORIENTED_EDGE('',*,*,#125,.T.);
#171 = FACE_BOUND('',#172,.T.);
#172 = EDGE_LOOP('',(#173));
#173 = ORIENTED_EDGE('',*,*,#174,.T.);
#174 = EDGE_CURVE('',#175,#175,#177,.T.);
#175 = VERTEX_POINT('',#176);
#176 = CARTESIAN_POINT('',(4.8,0.,9.53));
#177 = CIRCLE('',#178,1.);
#178 = AXIS2_PLACEMENT_3D('',#179,#180,#181);
#179 = CARTESIAN_POINT('',(3.8,0.,9.53));
#180 = DIRECTION('',(0.,0.,-1.));
#181 = DIRECTION('',(1.,0.,0.));
#182 = PLANE('',#183);
#183 = AXIS2_PLACEMENT_3D('',#184,#185,#186);
#184 = CARTESIAN_POINT('',(3.8,2.108840176837E-16,9.53));
#185 = DIRECTION('',(-8.559688641721E-35,6.014522413226E-35,1.));
#186 = DIRECTION('',(1.,0.,8.559688641721E-35));
#187 = ADVANCED_FACE('',(#188),#207,.T.);
#188 = FACE_BOUND('',#189,.T.);
#189 = EDGE_LOOP('',(#190,#191,#199,#206));
#190 = ORIENTED_EDGE('',*,*,#143,.F.);
#191 = ORIENTED_EDGE('',*,*,#192,.T.);
#192 = EDGE_CURVE('',#144,#193,#195,.T.);
#193 = VERTEX_POINT('',#194);
#194 = CARTESIAN_POINT('',(0.45,0.,-2.82));
#195 = LINE('',#196,#197);
#196 = CARTESIAN_POINT('',(0.45,0.,1.03));
#197 = VECTOR('',#198,1.);
#198 = DIRECTION('',(-0.,-0.,-1.));
#199 = ORIENTED_EDGE('',*,*,#200,.T.);
#200 = EDGE_CURVE('',#193,#193,#201,.T.);
#201 = CIRCLE('',#202,0.45);
#202 = AXIS2_PLACEMENT_3D('',#203,#204,#205);
#203 = CARTESIAN_POINT('',(0.,0.,-2.82));
#204 = DIRECTION('',(0.,0.,1.));
#205 = DIRECTION('',(1.,0.,-0.));
#206 = ORIENTED_EDGE('',*,*,#192,.F.);
#207 = CYLINDRICAL_SURFACE('',#208,0.45);
#208 = AXIS2_PLACEMENT_3D('',#209,#210,#211);
#209 = CARTESIAN_POINT('',(0.,0.,1.03));
#210 = DIRECTION('',(0.,0.,1.));
#211 = DIRECTION('',(1.,0.,-0.));
#212 = ADVANCED_FACE('',(#213),#232,.T.);
#213 = FACE_BOUND('',#214,.T.);
#214 = EDGE_LOOP('',(#215,#216,#224,#231));
#215 = ORIENTED_EDGE('',*,*,#154,.F.);
#216 = ORIENTED_EDGE('',*,*,#217,.T.);
#217 = EDGE_CURVE('',#155,#218,#220,.T.);
#218 = VERTEX_POINT('',#219);
#219 = CARTESIAN_POINT('',(8.05,6.042804770876E-33,-2.82));
#220 = LINE('',#221,#222);
#221 = CARTESIAN_POINT('',(8.05,0.,1.03));
#222 = VECTOR('',#223,1.);
#223 = DIRECTION('',(-0.,-0.,-1.));
#224 = ORIENTED_EDGE('',*,*,#225,.T.);
#225 = EDGE_CURVE('',#218,#218,#226,.T.);
#226 = CIRCLE('',#227,0.45);
#227 = AXIS2_PLACEMENT_3D('',#228,#229,#230);
#228 = CARTESIAN_POINT('',(7.6,-1.29542663314E-31,-2.82));
#229 = DIRECTION('',(-1.19708830782E-30,3.357113761597E-32,1.));
#230 = DIRECTION('',(1.,3.013010401886E-31,1.19708830782E-30));
#231 = ORIENTED_EDGE('',*,*,#217,.F.);
#232 = CYLINDRICAL_SURFACE('',#233,0.45);
#233 = AXIS2_PLACEMENT_3D('',#234,#235,#236);
#234 = CARTESIAN_POINT('',(7.6,0.,1.03));
#235 = DIRECTION('',(0.,0.,1.));
#236 = DIRECTION('',(1.,0.,-0.));
#237 = ADVANCED_FACE('',(#238),#257,.F.);
#238 = FACE_BOUND('',#239,.F.);
#239 = EDGE_LOOP('',(#240,#248,#249,#250));
#240 = ORIENTED_EDGE('',*,*,#241,.T.);
#241 = EDGE_CURVE('',#242,#175,#244,.T.);
#242 = VERTEX_POINT('',#243);
#243 = CARTESIAN_POINT('',(4.8,0.,9.33));
#244 = LINE('',#245,#246);
#245 = CARTESIAN_POINT('',(4.8,0.,1.93));
#246 = VECTOR('',#247,1.);
#247 = DIRECTION('',(0.,0.,1.));
#248 = ORIENTED_EDGE('',*,*,#174,.T.);
#249 = ORIENTED_EDGE('',*,*,#241,.F.);
#250 = ORIENTED_EDGE('',*,*,#251,.T.);
#251 = EDGE_CURVE('',#242,#242,#252,.T.);
#252 = CIRCLE('',#253,1.);
#253 = AXIS2_PLACEMENT_3D('',#254,#255,#256);
#254 = CARTESIAN_POINT('',(3.8,0.,9.33));
#255 = DIRECTION('',(0.,0.,1.));
#256 = DIRECTION('',(1.,0.,-0.));
#257 = CYLINDRICAL_SURFACE('',#258,1.);
#258 = AXIS2_PLACEMENT_3D('',#259,#260,#261);
#259 = CARTESIAN_POINT('',(3.8,0.,1.93));
#260 = DIRECTION('',(-0.,-0.,-1.));
#261 = DIRECTION('',(1.,0.,0.));
#262 = ADVANCED_FACE('',(#263),#283,.T.);
#263 = FACE_BOUND('',#264,.T.);
#264 = EDGE_LOOP('',(#265,#274,#281,#282));
#265 = ORIENTED_EDGE('',*,*,#266,.T.);
#266 = EDGE_CURVE('',#267,#267,#269,.T.);
#267 = VERTEX_POINT('',#268);
#268 = CARTESIAN_POINT('',(0.27,0.,-3.));
#269 = CIRCLE('',#270,0.27);
#270 = AXIS2_PLACEMENT_3D('',#271,#272,#273);
#271 = CARTESIAN_POINT('',(0.,0.,-3.));
#272 = DIRECTION('',(0.,0.,1.));
#273 = DIRECTION('',(1.,0.,-0.));
#274 = ORIENTED_EDGE('',*,*,#275,.F.);
#275 = EDGE_CURVE('',#193,#267,#276,.T.);
#276 = CIRCLE('',#277,0.18);
#277 = AXIS2_PLACEMENT_3D('',#278,#279,#280);
#278 = CARTESIAN_POINT('',(0.27,0.,-2.82));
#279 = DIRECTION('',(-0.,1.,0.));
#280 = DIRECTION('',(1.,0.,0.));
#281 = ORIENTED_EDGE('',*,*,#200,.F.);
#282 = ORIENTED_EDGE('',*,*,#275,.T.);
#283 = TOROIDAL_SURFACE('',#284,0.27,0.18);
#284 = AXIS2_PLACEMENT_3D('',#285,#286,#287);
#285 = CARTESIAN_POINT('',(0.,0.,-2.82));
#286 = DIRECTION('',(-0.,-0.,-1.));
#287 = DIRECTION('',(1.,0.,0.));
#288 = ADVANCED_FACE('',(#289),#309,.T.);
#289 = FACE_BOUND('',#290,.T.);
#290 = EDGE_LOOP('',(#291,#300,#307,#308));
#291 = ORIENTED_EDGE('',*,*,#292,.T.);
#292 = EDGE_CURVE('',#293,#293,#295,.T.);
#293 = VERTEX_POINT('',#294);
#294 = CARTESIAN_POINT('',(7.87,-5.423418723394E-32,-3.));
#295 = CIRCLE('',#296,0.27);
#296 = AXIS2_PLACEMENT_3D('',#297,#298,#299);
#297 = CARTESIAN_POINT('',(7.6,-1.355854680849E-31,-3.));
#298 = DIRECTION('',(-1.19708830782E-30,3.357113761597E-32,1.));
#299 = DIRECTION('',(1.,3.013010401886E-31,1.19708830782E-30));
#300 = ORIENTED_EDGE('',*,*,#301,.F.);
#301 = EDGE_CURVE('',#218,#293,#302,.T.);
#302 = CIRCLE('',#303,0.18);
#303 = AXIS2_PLACEMENT_3D('',#304,#305,#306);
#304 = CARTESIAN_POINT('',(7.87,-5.181706532559E-32,-2.82));
#305 = DIRECTION('',(-2.878725851422E-31,1.,-3.357113761597E-32));
#306 = DIRECTION('',(1.,2.878725851422E-31,1.19708830782E-30));
#307 = ORIENTED_EDGE('',*,*,#225,.F.);
#308 = ORIENTED_EDGE('',*,*,#301,.T.);
#309 = TOROIDAL_SURFACE('',#310,0.27,0.18);
#310 = AXIS2_PLACEMENT_3D('',#311,#312,#313);
#311 = CARTESIAN_POINT('',(7.6,-1.29542663314E-31,-2.82));
#312 = DIRECTION('',(1.19708830782E-30,-3.357113761597E-32,-1.));
#313 = DIRECTION('',(1.,3.013010401886E-31,1.19708830782E-30));
#314 = ADVANCED_FACE('',(#315),#318,.T.);
#315 = FACE_BOUND('',#316,.T.);
#316 = EDGE_LOOP('',(#317));
#317 = ORIENTED_EDGE('',*,*,#251,.T.);
#318 = PLANE('',#319);
#319 = AXIS2_PLACEMENT_3D('',#320,#321,#322);
#320 = CARTESIAN_POINT('',(3.8,8.737595245399E-17,9.33));
#321 = DIRECTION('',(-4.930380657631E-31,-1.632186346944E-32,1.));
#322 = DIRECTION('',(1.,0.,4.930380657631E-31));
#323 = ADVANCED_FACE('',(#324),#327,.F.);
#324 = FACE_BOUND('',#325,.F.);
#325 = EDGE_LOOP('',(#326));
#326 = ORIENTED_EDGE('',*,*,#266,.T.);
#327 = PLANE('',#328);
#328 = AXIS2_PLACEMENT_3D('',#329,#330,#331);
#329 = CARTESIAN_POINT('',(-1.18701400394E-17,2.911085817041E-17,-3.));
#330 = DIRECTION('',(0.,0.,1.));
#331 = DIRECTION('',(1.,0.,-0.));
#332 = ADVANCED_FACE('',(#333),#336,.F.);
#333 = FACE_BOUND('',#334,.F.);
#334 = EDGE_LOOP('',(#335));
#335 = ORIENTED_EDGE('',*,*,#292,.T.);
#336 = PLANE('',#337);
#337 = AXIS2_PLACEMENT_3D('',#338,#339,#340);
#338 = CARTESIAN_POINT('',(7.6,-1.836970198721E-17,-3.));
#339 = DIRECTION('',(-1.19708830782E-30,3.357113761597E-32,1.));
#340 = DIRECTION('',(1.,0.,1.19708830782E-30));
#341 = ( GEOMETRIC_REPRESENTATION_CONTEXT(3) 
GLOBAL_UNCERTAINTY_ASSIGNED_CONTEXT((#345)) GLOBAL_UNIT_ASSIGNED_CONTEXT
((#342,#343,#344)) REPRESENTATION_CONTEXT('Context #1',
  '3D Context with UNIT and UNCERTAINTY') );
#342 = ( LENGTH_UNIT() NAMED_UNIT(*) SI_UNIT(.MILLI.,.METRE.) );
#343 = ( NAMED_UNIT(*) PLANE_ANGLE_UNIT() SI_UNIT($,.RADIAN.) );
#344 = ( NAMED_UNIT(*) SI_UNIT($,.STERADIAN.) SOLID_ANGLE_UNIT() );
#345 = UNCERTAINTY_MEASURE_WITH_UNIT(LENGTH_MEASURE(1.E-07),#342,
  'distance_accuracy_value','confusion accuracy');
#346 = CONTEXT_DEPENDENT_SHAPE_REPRESENTATION(#347,#349);
#347 = ( REPRESENTATION_RELATIONSHIP('','',#48,#10) 
REPRESENTATION_RELATIONSHIP_WITH_TRANSFORMATION(#348) 
SHAPE_REPRESENTATION_RELATIONSHIP() );
#348 = ITEM_DEFINED_TRANSFORMATION('','',#11,#15);
#349 = PRODUCT_DEFINITION_SHAPE('Placement','Placement of an item',#350
  );
#350 = NEXT_ASSEMBLY_USAGE_OCCURRENCE('1','BZ1','',#5,#43,$);
#351 = PRODUCT_RELATED_PRODUCT_CATEGORY('part',$,(#45));
#352 = SHAPE_DEFINITION_REPRESENTATION(#353,#359);
#353 = PRODUCT_DEFINITION_SHAPE('','',#354);
#354 = PRODUCT_DEFINITION('design','',#355,#358);
#355 = PRODUCT_DEFINITION_FORMATION('','',#356);
#356 = PRODUCT('R_Axial_DIN0204_L3.6mm_D1.6mm_P7.62mm_Horizontal',
  'R_Axial_DIN0204_L3.6mm_D1.6mm_P7.62mm_Horizontal','',(#357));
#357 = PRODUCT_CONTEXT('',#2,'mechanical');
#358 = PRODUCT_DEFINITION_CONTEXT('part definition',#2,'design');
#359 = ADVANCED_BREP_SHAPE_REPRESENTATION('',(#11,#360),#747);
#360 = MANIFOLD_SOLID_BREP('',#361);
#361 = CLOSED_SHELL('',(#362,#395,#421,#441,#461,#486,#511,#531,#557,
    #582,#607,#633,#642,#662,#687,#713,#738));
#362 = ADVANCED_FACE('',(#363),#390,.T.);
#363 = FACE_BOUND('',#364,.T.);
#364 = EDGE_LOOP('',(#365,#374,#382,#389));
#365 = ORIENTED_EDGE('',*,*,#366,.T.);
#366 = EDGE_CURVE('',#367,#367,#369,.T.);
#367 = VERTEX_POINT('',#368);
#368 = CARTESIAN_POINT('',(2.41,0.8,0.8));
#369 = CIRCLE('',#370,0.8);
#370 = AXIS2_PLACEMENT_3D('',#371,#372,#373);
#371 = CARTESIAN_POINT('',(2.41,0.,0.8));
#372 = DIRECTION('',(1.,0.,0.));
#373 = DIRECTION('',(-0.,1.,0.));
#374 = ORIENTED_EDGE('',*,*,#375,.T.);
#375 = EDGE_CURVE('',#367,#376,#378,.T.);
#376 = VERTEX_POINT('',#377);
#377 = CARTESIAN_POINT('',(2.91,0.8,0.8));
#378 = LINE('',#379,#380);
#379 = CARTESIAN_POINT('',(2.01,0.8,0.8));
#380 = VECTOR('',#381,1.);
#381 = DIRECTION('',(1.,0.,0.));
#382 = ORIENTED_EDGE('',*,*,#383,.F.);
#383 = EDGE_CURVE('',#376,#376,#384,.T.);
#384 = CIRCLE('',#385,0.8);
#385 = AXIS2_PLACEMENT_3D('',#386,#387,#388);
#386 = CARTESIAN_POINT('',(2.91,0.,0.8));
#387 = DIRECTION('',(1.,0.,0.));
#388 = DIRECTION('',(-0.,1.,0.));
#389 = ORIENTED_EDGE('',*,*,#375,.F.);
#390 = CYLINDRICAL_SURFACE('',#391,0.8);
#391 = AXIS2_PLACEMENT_3D('',#392,#393,#394);
#392 = CARTESIAN_POINT('',(2.01,0.,0.8));
#393 = DIRECTION('',(-1.,-0.,-0.));
#394 = DIRECTION('',(0.,1.,0.));
#395 = ADVANCED_FACE('',(#396),#416,.T.);
#396 = FACE_BOUND('',#397,.T.);
#397 = EDGE_LOOP('',(#398,#407,#414,#415));
#398 = ORIENTED_EDGE('',*,*,#399,.T.);
#399 = EDGE_CURVE('',#400,#400,#402,.T.);
#400 = VERTEX_POINT('',#401);
#401 = CARTESIAN_POINT('',(2.01,0.4,0.8));
#402 = CIRCLE('',#403,0.4);
#403 = AXIS2_PLACEMENT_3D('',#404,#405,#406);
#404 = CARTESIAN_POINT('',(2.01,0.,0.8));
#405 = DIRECTION('',(1.,0.,0.));
#406 = DIRECTION('',(-0.,1.,0.));
#407 = ORIENTED_EDGE('',*,*,#408,.F.);
#408 = EDGE_CURVE('',#367,#400,#409,.T.);
#409 = CIRCLE('',#410,0.4);
#410 = AXIS2_PLACEMENT_3D('',#411,#412,#413);
#411 = CARTESIAN_POINT('',(2.41,0.4,0.8));
#412 = DIRECTION('',(0.,-0.,1.));
#413 = DIRECTION('',(0.,1.,0.));
#414 = ORIENTED_EDGE('',*,*,#366,.F.);
#415 = ORIENTED_EDGE('',*,*,#408,.T.);
#416 = TOROIDAL_SURFACE('',#417,0.4,0.4);
#417 = AXIS2_PLACEMENT_3D('',#418,#419,#420);
#418 = CARTESIAN_POINT('',(2.41,0.,0.8));
#419 = DIRECTION('',(-1.,0.,0.));
#420 = DIRECTION('',(0.,1.,0.));
#421 = ADVANCED_FACE('',(#422,#425),#436,.F.);
#422 = FACE_BOUND('',#423,.F.);
#423 = EDGE_LOOP('',(#424));
#424 = ORIENTED_EDGE('',*,*,#383,.F.);
#425 = FACE_BOUND('',#426,.F.);
#426 = EDGE_LOOP('',(#427));
#427 = ORIENTED_EDGE('',*,*,#428,.F.);
#428 = EDGE_CURVE('',#429,#429,#431,.T.);
#429 = VERTEX_POINT('',#430);
#430 = CARTESIAN_POINT('',(2.91,0.72,0.8));
#431 = CIRCLE('',#432,0.72);
#432 = AXIS2_PLACEMENT_3D('',#433,#434,#435);
#433 = CARTESIAN_POINT('',(2.91,0.,0.8));
#434 = DIRECTION('',(-1.,0.,0.));
#435 = DIRECTION('',(0.,1.,0.));
#436 = PLANE('',#437);
#437 = AXIS2_PLACEMENT_3D('',#438,#439,#440);
#438 = CARTESIAN_POINT('',(2.91,0.8,0.8));
#439 = DIRECTION('',(-1.,0.,0.));
#440 = DIRECTION('',(0.,0.,-1.));
#441 = ADVANCED_FACE('',(#442,#445),#456,.T.);
#442 = FACE_BOUND('',#443,.T.);
#443 = EDGE_LOOP('',(#444));
#444 = ORIENTED_EDGE('',*,*,#399,.F.);
#445 = FACE_BOUND('',#446,.T.);
#446 = EDGE_LOOP('',(#447));
#447 = ORIENTED_EDGE('',*,*,#448,.T.);
#448 = EDGE_CURVE('',#449,#449,#451,.T.);
#449 = VERTEX_POINT('',#450);
#450 = CARTESIAN_POINT('',(2.01,0.,0.55));
#451 = CIRCLE('',#452,0.25);
#452 = AXIS2_PLACEMENT_3D('',#453,#454,#455);
#453 = CARTESIAN_POINT('',(2.01,0.,0.8));
#454 = DIRECTION('',(1.,-0.,0.));
#455 = DIRECTION('',(0.,0.,-1.));
#456 = PLANE('',#457);
#457 = AXIS2_PLACEMENT_3D('',#458,#459,#460);
#458 = CARTESIAN_POINT('',(2.01,0.8,0.8));
#459 = DIRECTION('',(-1.,0.,0.));
#460 = DIRECTION('',(0.,0.,-1.));
#461 = ADVANCED_FACE('',(#462),#481,.T.);
#462 = FACE_BOUND('',#463,.T.);
#463 = EDGE_LOOP('',(#464,#473,#479,#480));
#464 = ORIENTED_EDGE('',*,*,#465,.T.);
#465 = EDGE_CURVE('',#466,#466,#468,.T.);
#466 = VERTEX_POINT('',#467);
#467 = CARTESIAN_POINT('',(4.71,0.72,0.8));
#468 = CIRCLE('',#469,0.72);
#469 = AXIS2_PLACEMENT_3D('',#470,#471,#472);
#470 = CARTESIAN_POINT('',(4.71,0.,0.8));
#471 = DIRECTION('',(-1.,0.,0.));
#472 = DIRECTION('',(0.,1.,0.));
#473 = ORIENTED_EDGE('',*,*,#474,.F.);
#474 = EDGE_CURVE('',#429,#466,#475,.T.);
#475 = LINE('',#476,#477);
#476 = CARTESIAN_POINT('',(2.01,0.72,0.8));
#477 = VECTOR('',#478,1.);
#478 = DIRECTION('',(1.,0.,0.));
#479 = ORIENTED_EDGE('',*,*,#428,.F.);
#480 = ORIENTED_EDGE('',*,*,#474,.T.);
#481 = CYLINDRICAL_SURFACE('',#482,0.72);
#482 = AXIS2_PLACEMENT_3D('',#483,#484,#485);
#483 = CARTESIAN_POINT('',(2.01,0.,0.8));
#484 = DIRECTION('',(-1.,-0.,-0.));
#485 = DIRECTION('',(0.,1.,0.));
#486 = ADVANCED_FACE('',(#487),#506,.T.);
#487 = FACE_BOUND('',#488,.T.);
#488 = EDGE_LOOP('',(#489,#498,#504,#505));
#489 = ORIENTED_EDGE('',*,*,#490,.F.);
#490 = EDGE_CURVE('',#491,#491,#493,.T.);
#491 = VERTEX_POINT('',#492);
#492 = CARTESIAN_POINT('',(0.75,0.,0.55));
#493 = CIRCLE('',#494,0.25);
#494 = AXIS2_PLACEMENT_3D('',#495,#496,#497);
#495 = CARTESIAN_POINT('',(0.75,0.,0.8));
#496 = DIRECTION('',(-1.,0.,5.308866065094E-16));
#497 = DIRECTION('',(5.308866065094E-16,0.,1.));
#498 = ORIENTED_EDGE('',*,*,#499,.T.);
#499 = EDGE_CURVE('',#491,#449,#500,.T.);
#500 = LINE('',#501,#502);
#501 = CARTESIAN_POINT('',(0.75,0.,0.55));
#502 = VECTOR('',#503,1.);
#503 = DIRECTION('',(1.,0.,0.));
#504 = ORIENTED_EDGE('',*,*,#448,.F.);
#505 = ORIENTED_EDGE('',*,*,#499,.F.);
#506 = CYLINDRICAL_SURFACE('',#507,0.25);
#507 = AXIS2_PLACEMENT_3D('',#508,#509,#510);
#508 = CARTESIAN_POINT('',(0.75,0.,0.8));
#509 = DIRECTION('',(1.,0.,0.));
#510 = DIRECTION('',(0.,0.,-1.));
#511 = ADVANCED_FACE('',(#512,#523),#526,.T.);
#512 = FACE_BOUND('',#513,.T.);
#513 = EDGE_LOOP('',(#514));
#514 = ORIENTED_EDGE('',*,*,#515,.F.);
#515 = EDGE_CURVE('',#516,#516,#518,.T.);
#516 = VERTEX_POINT('',#517);
#517 = CARTESIAN_POINT('',(4.71,0.8,0.8));
#518 = CIRCLE('',#519,0.8);
#519 = AXIS2_PLACEMENT_3D('',#520,#521,#522);
#520 = CARTESIAN_POINT('',(4.71,0.,0.8));
#521 = DIRECTION('',(1.,0.,0.));
#522 = DIRECTION('',(-0.,1.,0.));
#523 = FACE_BOUND('',#524,.T.);
#524 = EDGE_LOOP('',(#525));
#525 = ORIENTED_EDGE('',*,*,#465,.F.);
#526 = PLANE('',#527);
#527 = AXIS2_PLACEMENT_3D('',#528,#529,#530);
#528 = CARTESIAN_POINT('',(4.71,0.8,0.8));
#529 = DIRECTION('',(-1.,0.,0.));
#530 = DIRECTION('',(0.,0.,-1.));
#531 = ADVANCED_FACE('',(#532),#552,.T.);
#532 = FACE_BOUND('',#533,.T.);
#533 = EDGE_LOOP('',(#534,#543,#544,#545));
#534 = ORIENTED_EDGE('',*,*,#535,.T.);
#535 = EDGE_CURVE('',#536,#491,#538,.T.);
#536 = VERTEX_POINT('',#537);
#537 = CARTESIAN_POINT('',(0.25,0.,5.E-02));
#538 = CIRCLE('',#539,0.5);
#539 = AXIS2_PLACEMENT_3D('',#540,#541,#542);
#540 = CARTESIAN_POINT('',(0.75,9.184850993605E-17,5.E-02));
#541 = DIRECTION('',(0.,1.,0.));
#542 = DIRECTION('',(-1.,0.,-1.184237892934E-15));
#543 = ORIENTED_EDGE('',*,*,#490,.T.);
#544 = ORIENTED_EDGE('',*,*,#535,.F.);
#545 = ORIENTED_EDGE('',*,*,#546,.T.);
#546 = EDGE_CURVE('',#536,#536,#547,.T.);
#547 = CIRCLE('',#548,0.25);
#548 = AXIS2_PLACEMENT_3D('',#549,#550,#551);
#549 = CARTESIAN_POINT('',(0.,0.,5.E-02));
#550 = DIRECTION('',(0.,0.,1.));
#551 = DIRECTION('',(1.,0.,-0.));
#552 = TOROIDAL_SURFACE('',#553,0.75,0.25);
#553 = AXIS2_PLACEMENT_3D('',#554,#555,#556);
#554 = CARTESIAN_POINT('',(0.75,0.,5.E-02));
#555 = DIRECTION('',(0.,1.,0.));
#556 = DIRECTION('',(-1.,0.,-1.184237892934E-15));
#557 = ADVANCED_FACE('',(#558),#577,.T.);
#558 = FACE_BOUND('',#559,.T.);
#559 = EDGE_LOOP('',(#560,#561,#569,#576));
#560 = ORIENTED_EDGE('',*,*,#515,.T.);
#561 = ORIENTED_EDGE('',*,*,#562,.T.);
#562 = EDGE_CURVE('',#516,#563,#565,.T.);
#563 = VERTEX_POINT('',#564);
#564 = CARTESIAN_POINT('',(5.21,0.8,0.8));
#565 = LINE('',#566,#567);
#566 = CARTESIAN_POINT('',(4.71,0.8,0.8));
#567 = VECTOR('',#568,1.);
#568 = DIRECTION('',(1.,0.,0.));
#569 = ORIENTED_EDGE('',*,*,#570,.F.);
#570 = EDGE_CURVE('',#563,#563,#571,.T.);
#571 = CIRCLE('',#572,0.8);
#572 = AXIS2_PLACEMENT_3D('',#573,#574,#575);
#573 = CARTESIAN_POINT('',(5.21,0.,0.8));
#574 = DIRECTION('',(1.,0.,0.));
#575 = DIRECTION('',(-0.,1.,0.));
#576 = ORIENTED_EDGE('',*,*,#562,.F.);
#577 = CYLINDRICAL_SURFACE('',#578,0.8);
#578 = AXIS2_PLACEMENT_3D('',#579,#580,#581);
#579 = CARTESIAN_POINT('',(4.71,0.,0.8));
#580 = DIRECTION('',(-1.,-0.,-0.));
#581 = DIRECTION('',(0.,1.,0.));
#582 = ADVANCED_FACE('',(#583),#602,.T.);
#583 = FACE_BOUND('',#584,.T.);
#584 = EDGE_LOOP('',(#585,#593,#594,#595));
#585 = ORIENTED_EDGE('',*,*,#586,.T.);
#586 = EDGE_CURVE('',#587,#536,#589,.T.);
#587 = VERTEX_POINT('',#588);
#588 = CARTESIAN_POINT('',(0.25,-6.123233995737E-17,-3.));
#589 = LINE('',#590,#591);
#590 = CARTESIAN_POINT('',(0.25,0.,-3.));
#591 = VECTOR('',#592,1.);
#592 = DIRECTION('',(0.,0.,1.));
#593 = ORIENTED_EDGE('',*,*,#546,.F.);
#594 = ORIENTED_EDGE('',*,*,#586,.F.);
#595 = ORIENTED_EDGE('',*,*,#596,.T.);
#596 = EDGE_CURVE('',#587,#587,#597,.T.);
#597 = CIRCLE('',#598,0.25);
#598 = AXIS2_PLACEMENT_3D('',#599,#600,#601);
#599 = CARTESIAN_POINT('',(0.,0.,-3.));
#600 = DIRECTION('',(0.,0.,1.));
#601 = DIRECTION('',(1.,0.,-0.));
#602 = CYLINDRICAL_SURFACE('',#603,0.25);
#603 = AXIS2_PLACEMENT_3D('',#604,#605,#606);
#604 = CARTESIAN_POINT('',(0.,0.,-3.));
#605 = DIRECTION('',(0.,0.,1.));
#606 = DIRECTION('',(1.,0.,-0.));
#607 = ADVANCED_FACE('',(#608),#628,.T.);
#608 = FACE_BOUND('',#609,.T.);
#609 = EDGE_LOOP('',(#610,#619,#620,#621));
#610 = ORIENTED_EDGE('',*,*,#611,.F.);
#611 = EDGE_CURVE('',#563,#612,#614,.T.);
#612 = VERTEX_POINT('',#613);
#613 = CARTESIAN_POINT('',(5.61,0.4,0.8));
#614 = CIRCLE('',#615,0.4);
#615 = AXIS2_PLACEMENT_3D('',#616,#617,#618);
#616 = CARTESIAN_POINT('',(5.21,0.4,0.8));
#617 = DIRECTION('',(0.,0.,-1.));
#618 = DIRECTION('',(0.,1.,0.));
#619 = ORIENTED_EDGE('',*,*,#570,.T.);
#620 = ORIENTED_EDGE('',*,*,#611,.T.);
#621 = ORIENTED_EDGE('',*,*,#622,.F.);
#622 = EDGE_CURVE('',#612,#612,#623,.T.);
#623 = CIRCLE('',#624,0.4);
#624 = AXIS2_PLACEMENT_3D('',#625,#626,#627);
#625 = CARTESIAN_POINT('',(5.61,0.,0.8));
#626 = DIRECTION('',(1.,0.,0.));
#627 = DIRECTION('',(-0.,1.,0.));
#628 = TOROIDAL_SURFACE('',#629,0.4,0.4);
#629 = AXIS2_PLACEMENT_3D('',#630,#631,#632);
#630 = CARTESIAN_POINT('',(5.21,0.,0.8));
#631 = DIRECTION('',(1.,0.,0.));
#632 = DIRECTION('',(-0.,1.,0.));
#633 = ADVANCED_FACE('',(#634),#637,.T.);
#634 = FACE_BOUND('',#635,.F.);
#635 = EDGE_LOOP('',(#636));
#636 = ORIENTED_EDGE('',*,*,#596,.T.);
#637 = PLANE('',#638);
#638 = AXIS2_PLACEMENT_3D('',#639,#640,#641);
#639 = CARTESIAN_POINT('',(0.25,0.,-3.));
#640 = DIRECTION('',(0.,0.,-1.));
#641 = DIRECTION('',(-1.,0.,0.));
#642 = ADVANCED_FACE('',(#643,#646),#657,.F.);
#643 = FACE_BOUND('',#644,.F.);
#644 = EDGE_LOOP('',(#645));
#645 = ORIENTED_EDGE('',*,*,#622,.F.);
#646 = FACE_BOUND('',#647,.F.);
#647 = EDGE_LOOP('',(#648));
#648 = ORIENTED_EDGE('',*,*,#649,.T.);
#649 = EDGE_CURVE('',#650,#650,#652,.T.);
#650 = VERTEX_POINT('',#651);
#651 = CARTESIAN_POINT('',(5.61,0.,0.55));
#652 = CIRCLE('',#653,0.25);
#653 = AXIS2_PLACEMENT_3D('',#654,#655,#656);
#654 = CARTESIAN_POINT('',(5.61,0.,0.8));
#655 = DIRECTION('',(1.,-0.,0.));
#656 = DIRECTION('',(0.,0.,-1.));
#657 = PLANE('',#658);
#658 = AXIS2_PLACEMENT_3D('',#659,#660,#661);
#659 = CARTESIAN_POINT('',(5.61,0.8,0.8));
#660 = DIRECTION('',(-1.,0.,0.));
#661 = DIRECTION('',(0.,0.,-1.));
#662 = ADVANCED_FACE('',(#663),#682,.T.);
#663 = FACE_BOUND('',#664,.T.);
#664 = EDGE_LOOP('',(#665,#666,#674,#681));
#665 = ORIENTED_EDGE('',*,*,#649,.T.);
#666 = ORIENTED_EDGE('',*,*,#667,.T.);
#667 = EDGE_CURVE('',#650,#668,#670,.T.);
#668 = VERTEX_POINT('',#669);
#669 = CARTESIAN_POINT('',(6.87,0.,0.55));
#670 = LINE('',#671,#672);
#671 = CARTESIAN_POINT('',(0.75,0.,0.55));
#672 = VECTOR('',#673,1.);
#673 = DIRECTION('',(1.,0.,0.));
#674 = ORIENTED_EDGE('',*,*,#675,.F.);
#675 = EDGE_CURVE('',#668,#668,#676,.T.);
#676 = CIRCLE('',#677,0.25);
#677 = AXIS2_PLACEMENT_3D('',#678,#679,#680);
#678 = CARTESIAN_POINT('',(6.87,0.,0.8));
#679 = DIRECTION('',(1.,-0.,0.));
#680 = DIRECTION('',(0.,0.,-1.));
#681 = ORIENTED_EDGE('',*,*,#667,.F.);
#682 = CYLINDRICAL_SURFACE('',#683,0.25);
#683 = AXIS2_PLACEMENT_3D('',#684,#685,#686);
#684 = CARTESIAN_POINT('',(0.75,0.,0.8));
#685 = DIRECTION('',(1.,0.,0.));
#686 = DIRECTION('',(0.,0.,-1.));
#687 = ADVANCED_FACE('',(#688),#708,.T.);
#688 = FACE_BOUND('',#689,.T.);
#689 = EDGE_LOOP('',(#690,#699,#706,#707));
#690 = ORIENTED_EDGE('',*,*,#691,.T.);
#691 = EDGE_CURVE('',#668,#692,#694,.T.);
#692 = VERTEX_POINT('',#693);
#693 = CARTESIAN_POINT('',(7.37,0.,5.E-02));
#694 = CIRCLE('',#695,0.5);
#695 = AXIS2_PLACEMENT_3D('',#696,#697,#698);
#696 = CARTESIAN_POINT('',(6.87,9.184850993605E-17,5.E-02));
#697 = DIRECTION('',(0.,1.,0.));
#698 = DIRECTION('',(0.,-0.,1.));
#699 = ORIENTED_EDGE('',*,*,#700,.T.);
#700 = EDGE_CURVE('',#692,#692,#701,.T.);
#701 = CIRCLE('',#702,0.25);
#702 = AXIS2_PLACEMENT_3D('',#703,#704,#705);
#703 = CARTESIAN_POINT('',(7.62,0.,5.E-02));
#704 = DIRECTION('',(6.049014748177E-16,-0.,1.));
#705 = DIRECTION('',(1.,0.,-6.049014748177E-16));
#706 = ORIENTED_EDGE('',*,*,#691,.F.);
#707 = ORIENTED_EDGE('',*,*,#675,.T.);
#708 = TOROIDAL_SURFACE('',#709,0.75,0.25);
#709 = AXIS2_PLACEMENT_3D('',#710,#711,#712);
#710 = CARTESIAN_POINT('',(6.87,0.,5.E-02));
#711 = DIRECTION('',(0.,1.,0.));
#712 = DIRECTION('',(0.,-0.,1.));
#713 = ADVANCED_FACE('',(#714),#733,.T.);
#714 = FACE_BOUND('',#715,.T.);
#715 = EDGE_LOOP('',(#716,#724,#731,#732));
#716 = ORIENTED_EDGE('',*,*,#717,.T.);
#717 = EDGE_CURVE('',#692,#718,#720,.T.);
#718 = VERTEX_POINT('',#719);
#719 = CARTESIAN_POINT('',(7.37,-6.123233995737E-17,-3.));
#720 = LINE('',#721,#722);
#721 = CARTESIAN_POINT('',(7.37,0.,5.E-02));
#722 = VECTOR('',#723,1.);
#723 = DIRECTION('',(0.,0.,-1.));
#724 = ORIENTED_EDGE('',*,*,#725,.F.);
#725 = EDGE_CURVE('',#718,#718,#726,.T.);
#726 = CIRCLE('',#727,0.25);
#727 = AXIS2_PLACEMENT_3D('',#728,#729,#730);
#728 = CARTESIAN_POINT('',(7.62,0.,-3.));
#729 = DIRECTION('',(0.,0.,-1.));
#730 = DIRECTION('',(-1.,0.,0.));
#731 = ORIENTED_EDGE('',*,*,#717,.F.);
#732 = ORIENTED_EDGE('',*,*,#700,.F.);
#733 = CYLINDRICAL_SURFACE('',#734,0.25);
#734 = AXIS2_PLACEMENT_3D('',#735,#736,#737);
#735 = CARTESIAN_POINT('',(7.62,0.,5.E-02));
#736 = DIRECTION('',(0.,0.,-1.));
#737 = DIRECTION('',(-1.,0.,0.));
#738 = ADVANCED_FACE('',(#739),#742,.F.);
#739 = FACE_BOUND('',#740,.T.);
#740 = EDGE_LOOP('',(#741));
#741 = ORIENTED_EDGE('',*,*,#725,.T.);
#742 = PLANE('',#743);
#743 = AXIS2_PLACEMENT_3D('',#744,#745,#746);
#744 = CARTESIAN_POINT('',(7.37,0.,-3.));
#745 = DIRECTION('',(0.,0.,1.));
#746 = DIRECTION('',(1.,0.,-0.));
#747 = ( GEOMETRIC_REPRESENTATION_CONTEXT(3) 
GLOBAL_UNCERTAINTY_ASSIGNED_CONTEXT((#751)) GLOBAL_UNIT_ASSIGNED_CONTEXT
((#748,#749,#750)) REPRESENTATION_CONTEXT('Context #1',
  '3D Context with UNIT and UNCERTAINTY') );
#748 = ( LENGTH_UNIT() NAMED_UNIT(*) SI_UNIT(.MILLI.,.METRE.) );
#749 = ( NAMED_UNIT(*) PLANE_ANGLE_UNIT() SI_UNIT($,.RADIAN.) );
#750 = ( NAMED_UNIT(*) SI_UNIT($,.STERADIAN.) SOLID_ANGLE_UNIT() );
#751 = UNCERTAINTY_MEASURE_WITH_UNIT(LENGTH_MEASURE(1.E-07),#748,
  'distance_accuracy_value','confusion accuracy');
#752 = CONTEXT_DEPENDENT_SHAPE_REPRESENTATION(#753,#755);
#753 = ( REPRESENTATION_RELATIONSHIP('','',#359,#10) 
REPRESENTATION_RELATIONSHIP_WITH_TRANSFORMATION(#754) 
SHAPE_REPRESENTATION_RELATIONSHIP() );
#754 = ITEM_DEFINED_TRANSFORMATION('','',#11,#19);
#755 = PRODUCT_DEFINITION_SHAPE('Placement','Placement of an item',#756
  );
#756 = NEXT_ASSEMBLY_USAGE_OCCURRENCE('2','R1','',#5,#354,$);
#757 = PRODUCT_RELATED_PRODUCT_CATEGORY('part',$,(#356));
#758 = CONTEXT_DEPENDENT_SHAPE_REPRESENTATION(#759,#761);
#759 = ( REPRESENTATION_RELATIONSHIP('','',#48,#10) 
REPRESENTATION_RELATIONSHIP_WITH_TRANSFORMATION(#760) 
SHAPE_REPRESENTATION_RELATIONSHIP() );
#760 = ITEM_DEFINED_TRANSFORMATION('','',#11,#23);
#761 = PRODUCT_DEFINITION_SHAPE('Placement','Placement of an item',#762
  );
#762 = NEXT_ASSEMBLY_USAGE_OCCURRENCE('3','BZ2','',#5,#43,$);
#763 = SHAPE_DEFINITION_REPRESENTATION(#764,#770);
#764 = PRODUCT_DEFINITION_SHAPE('','',#765);
#765 = PRODUCT_DEFINITION('design','',#766,#769);
#766 = PRODUCT_DEFINITION_FORMATION('','',#767);
#767 = PRODUCT('PinSocket_1x02_P2.54mm_Vertical',
  'PinSocket_1x02_P2.54mm_Vertical','',(#768));
#768 = PRODUCT_CONTEXT('',#2,'mechanical');
#769 = PRODUCT_DEFINITION_CONTEXT('part definition',#2,'design');
#770 = ADVANCED_BREP_SHAPE_REPRESENTATION('',(#11,#771),#2605);
#771 = MANIFOLD_SOLID_BREP('',#772);
#772 = CLOSED_SHELL('',(#773,#813,#876,#939,#956,#1041,#1063,#1080,#1229
    ,#1241,#1253,#1284,#1308,#1332,#1349,#1380,#1404,#1428,#1445,#1462,
    #1509,#1526,#1573,#1590,#1637,#1654,#1701,#1732,#1788,#1812,#1861,
    #1892,#1948,#1972,#2021,#2038,#2055,#2072,#2089,#2101,#2118,#2135,
    #2152,#2169,#2181,#2198,#2215,#2264,#2288,#2330,#2347,#2364,#2381,
    #2430,#2454,#2496,#2513,#2530,#2547,#2559,#2576,#2593));
#773 = ADVANCED_FACE('',(#774),#808,.F.);
#774 = FACE_BOUND('',#775,.F.);
#775 = EDGE_LOOP('',(#776,#786,#794,#802));
#776 = ORIENTED_EDGE('',*,*,#777,.T.);
#777 = EDGE_CURVE('',#778,#780,#782,.T.);
#778 = VERTEX_POINT('',#779);
#779 = CARTESIAN_POINT('',(1.27,-3.81,0.));
#780 = VERTEX_POINT('',#781);
#781 = CARTESIAN_POINT('',(1.27,-3.81,8.5));
#782 = LINE('',#783,#784);
#783 = CARTESIAN_POINT('',(1.27,-3.81,0.));
#784 = VECTOR('',#785,1.);
#785 = DIRECTION('',(0.,0.,1.));
#786 = ORIENTED_EDGE('',*,*,#787,.T.);
#787 = EDGE_CURVE('',#780,#788,#790,.T.);
#788 = VERTEX_POINT('',#789);
#789 = CARTESIAN_POINT('',(1.27,1.27,8.5));
#790 = LINE('',#791,#792);
#791 = CARTESIAN_POINT('',(1.27,-3.81,8.5));
#792 = VECTOR('',#793,1.);
#793 = DIRECTION('',(1.110223024625E-16,1.,0.));
#794 = ORIENTED_EDGE('',*,*,#795,.F.);
#795 = EDGE_CURVE('',#796,#788,#798,.T.);
#796 = VERTEX_POINT('',#797);
#797 = CARTESIAN_POINT('',(1.27,1.27,0.));
#798 = LINE('',#799,#800);
#799 = CARTESIAN_POINT('',(1.27,1.27,0.));
#800 = VECTOR('',#801,1.);
#801 = DIRECTION('',(0.,0.,1.));
#802 = ORIENTED_EDGE('',*,*,#803,.F.);
#803 = EDGE_CURVE('',#778,#796,#804,.T.);
#804 = LINE('',#805,#806);
#805 = CARTESIAN_POINT('',(1.27,-3.81,0.));
#806 = VECTOR('',#807,1.);
#807 = DIRECTION('',(1.110223024625E-16,1.,0.));
#808 = PLANE('',#809);
#809 = AXIS2_PLACEMENT_3D('',#810,#811,#812);
#810 = CARTESIAN_POINT('',(1.27,-3.81,0.));
#811 = DIRECTION('',(-1.,1.110223024625E-16,0.));
#812 = DIRECTION('',(1.110223024625E-16,1.,0.));
#813 = ADVANCED_FACE('',(#814),#871,.F.);
#814 = FACE_BOUND('',#815,.F.);
#815 = EDGE_LOOP('',(#816,#826,#834,#840,#841,#849,#857,#865));
#816 = ORIENTED_EDGE('',*,*,#817,.F.);
#817 = EDGE_CURVE('',#818,#820,#822,.T.);
#818 = VERTEX_POINT('',#819);
#819 = CARTESIAN_POINT('',(-1.27,-3.81,0.));
#820 = VERTEX_POINT('',#821);
#821 = CARTESIAN_POINT('',(-0.846666666667,-3.81,0.));
#822 = LINE('',#823,#824);
#823 = CARTESIAN_POINT('',(-1.27,-3.81,0.));
#824 = VECTOR('',#825,1.);
#825 = DIRECTION('',(1.,-1.110223024625E-16,0.));
#826 = ORIENTED_EDGE('',*,*,#827,.T.);
#827 = EDGE_CURVE('',#818,#828,#830,.T.);
#828 = VERTEX_POINT('',#829);
#829 = CARTESIAN_POINT('',(-1.27,-3.81,8.5));
#830 = LINE('',#831,#832);
#831 = CARTESIAN_POINT('',(-1.27,-3.81,0.));
#832 = VECTOR('',#833,1.);
#833 = DIRECTION('',(0.,0.,1.));
#834 = ORIENTED_EDGE('',*,*,#835,.T.);
#835 = EDGE_CURVE('',#828,#780,#836,.T.);
#836 = LINE('',#837,#838);
#837 = CARTESIAN_POINT('',(-1.27,-3.81,8.5));
#838 = VECTOR('',#839,1.);
#839 = DIRECTION('',(1.,-1.110223024625E-16,0.));
#840 = ORIENTED_EDGE('',*,*,#777,.F.);
#841 = ORIENTED_EDGE('',*,*,#842,.F.);
#842 = EDGE_CURVE('',#843,#778,#845,.T.);
#843 = VERTEX_POINT('',#844);
#844 = CARTESIAN_POINT('',(0.846666666667,-3.81,0.));
#845 = LINE('',#846,#847);
#846 = CARTESIAN_POINT('',(-1.27,-3.81,0.));
#847 = VECTOR('',#848,1.);
#848 = DIRECTION('',(1.,-1.110223024625E-16,0.));
#849 = ORIENTED_EDGE('',*,*,#850,.T.);
#850 = EDGE_CURVE('',#843,#851,#853,.T.);
#851 = VERTEX_POINT('',#852);
#852 = CARTESIAN_POINT('',(0.846666666667,-3.81,0.2));
#853 = LINE('',#854,#855);
#854 = CARTESIAN_POINT('',(0.846666666667,-3.81,0.));
#855 = VECTOR('',#856,1.);
#856 = DIRECTION('',(0.,0.,1.));
#857 = ORIENTED_EDGE('',*,*,#858,.F.);
#858 = EDGE_CURVE('',#859,#851,#861,.T.);
#859 = VERTEX_POINT('',#860);
#860 = CARTESIAN_POINT('',(-0.846666666667,-3.81,0.2));
#861 = LINE('',#862,#863);
#862 = CARTESIAN_POINT('',(-0.846666666667,-3.81,0.2));
#863 = VECTOR('',#864,1.);
#864 = DIRECTION('',(1.,-1.110223024625E-16,0.));
#865 = ORIENTED_EDGE('',*,*,#866,.F.);
#866 = EDGE_CURVE('',#820,#859,#867,.T.);
#867 = LINE('',#868,#869);
#868 = CARTESIAN_POINT('',(-0.846666666667,-3.81,0.));
#869 = VECTOR('',#870,1.);
#870 = DIRECTION('',(0.,0.,1.));
#871 = PLANE('',#872);
#872 = AXIS2_PLACEMENT_3D('',#873,#874,#875);
#873 = CARTESIAN_POINT('',(-1.27,-3.81,0.));
#874 = DIRECTION('',(1.110223024625E-16,1.,0.));
#875 = DIRECTION('',(1.,-1.110223024625E-16,0.));
#876 = ADVANCED_FACE('',(#877),#934,.F.);
#877 = FACE_BOUND('',#878,.F.);
#878 = EDGE_LOOP('',(#879,#887,#888,#896,#904,#912,#920,#928));
#879 = ORIENTED_EDGE('',*,*,#880,.F.);
#880 = EDGE_CURVE('',#796,#881,#883,.T.);
#881 = VERTEX_POINT('',#882);
#882 = CARTESIAN_POINT('',(0.846666666667,1.27,0.));
#883 = LINE('',#884,#885);
#884 = CARTESIAN_POINT('',(1.27,1.27,0.));
#885 = VECTOR('',#886,1.);
#886 = DIRECTION('',(-1.,1.110223024625E-16,0.));
#887 = ORIENTED_EDGE('',*,*,#795,.T.);
#888 = ORIENTED_EDGE('',*,*,#889,.T.);
#889 = EDGE_CURVE('',#788,#890,#892,.T.);
#890 = VERTEX_POINT('',#891);
#891 = CARTESIAN_POINT('',(-1.27,1.27,8.5));
#892 = LINE('',#893,#894);
#893 = CARTESIAN_POINT('',(1.27,1.27,8.5));
#894 = VECTOR('',#895,1.);
#895 = DIRECTION('',(-1.,1.110223024625E-16,0.));
#896 = ORIENTED_EDGE('',*,*,#897,.F.);
#897 = EDGE_CURVE('',#898,#890,#900,.T.);
#898 = VERTEX_POINT('',#899);
#899 = CARTESIAN_POINT('',(-1.27,1.27,0.));
#900 = LINE('',#901,#902);
#901 = CARTESIAN_POINT('',(-1.27,1.27,0.));
#902 = VECTOR('',#903,1.);
#903 = DIRECTION('',(0.,0.,1.));
#904 = ORIENTED_EDGE('',*,*,#905,.F.);
#905 = EDGE_CURVE('',#906,#898,#908,.T.);
#906 = VERTEX_POINT('',#907);
#907 = CARTESIAN_POINT('',(-0.846666666667,1.27,0.));
#908 = LINE('',#909,#910);
#909 = CARTESIAN_POINT('',(1.27,1.27,0.));
#910 = VECTOR('',#911,1.);
#911 = DIRECTION('',(-1.,1.110223024625E-16,0.));
#912 = ORIENTED_EDGE('',*,*,#913,.T.);
#913 = EDGE_CURVE('',#906,#914,#916,.T.);
#914 = VERTEX_POINT('',#915);
#915 = CARTESIAN_POINT('',(-0.846666666667,1.27,0.2));
#916 = LINE('',#917,#918);
#917 = CARTESIAN_POINT('',(-0.846666666667,1.27,0.));
#918 = VECTOR('',#919,1.);
#919 = DIRECTION('',(0.,0.,1.));
#920 = ORIENTED_EDGE('',*,*,#921,.F.);
#921 = EDGE_CURVE('',#922,#914,#924,.T.);
#922 = VERTEX_POINT('',#923);
#923 = CARTESIAN_POINT('',(0.846666666667,1.27,0.2));
#924 = LINE('',#925,#926);
#925 = CARTESIAN_POINT('',(0.846666666667,1.27,0.2));
#926 = VECTOR('',#927,1.);
#927 = DIRECTION('',(-1.,1.110223024625E-16,0.));
#928 = ORIENTED_EDGE('',*,*,#929,.F.);
#929 = EDGE_CURVE('',#881,#922,#930,.T.);
#930 = LINE('',#931,#932);
#931 = CARTESIAN_POINT('',(0.846666666667,1.27,0.));
#932 = VECTOR('',#933,1.);
#933 = DIRECTION('',(0.,0.,1.));
#934 = PLANE('',#935);
#935 = AXIS2_PLACEMENT_3D('',#936,#937,#938);
#936 = CARTESIAN_POINT('',(1.27,1.27,0.));
#937 = DIRECTION('',(-1.110223024625E-16,-1.,0.));
#938 = DIRECTION('',(-1.,1.110223024625E-16,0.));
#939 = ADVANCED_FACE('',(#940),#951,.F.);
#940 = FACE_BOUND('',#941,.F.);
#941 = EDGE_LOOP('',(#942,#943,#944,#945));
#942 = ORIENTED_EDGE('',*,*,#842,.T.);
#943 = ORIENTED_EDGE('',*,*,#803,.T.);
#944 = ORIENTED_EDGE('',*,*,#880,.T.);
#945 = ORIENTED_EDGE('',*,*,#946,.F.);
#946 = EDGE_CURVE('',#843,#881,#947,.T.);
#947 = LINE('',#948,#949);
#948 = CARTESIAN_POINT('',(0.846666666667,-3.81,0.));
#949 = VECTOR('',#950,1.);
#950 = DIRECTION('',(1.110223024625E-16,1.,0.));
#951 = PLANE('',#952);
#952 = AXIS2_PLACEMENT_3D('',#953,#954,#955);
#953 = CARTESIAN_POINT('',(-5.496332464693E-17,-1.27,0.));
#954 = DIRECTION('',(0.,0.,1.));
#955 = DIRECTION('',(1.110223024625E-16,1.,-0.));
#956 = ADVANCED_FACE('',(#957,#968,#1002),#1036,.T.);
#957 = FACE_BOUND('',#958,.T.);
#958 = EDGE_LOOP('',(#959,#960,#961,#967));
#959 = ORIENTED_EDGE('',*,*,#787,.T.);
#960 = ORIENTED_EDGE('',*,*,#889,.T.);
#961 = ORIENTED_EDGE('',*,*,#962,.T.);
#962 = EDGE_CURVE('',#890,#828,#963,.T.);
#963 = LINE('',#964,#965);
#964 = CARTESIAN_POINT('',(-1.27,1.27,8.5));
#965 = VECTOR('',#966,1.);
#966 = DIRECTION('',(-1.110223024625E-16,-1.,0.));
#967 = ORIENTED_EDGE('',*,*,#835,.T.);
#968 = FACE_BOUND('',#969,.T.);
#969 = EDGE_LOOP('',(#970,#980,#988,#996));
#970 = ORIENTED_EDGE('',*,*,#971,.F.);
#971 = EDGE_CURVE('',#972,#974,#976,.T.);
#972 = VERTEX_POINT('',#973);
#973 = CARTESIAN_POINT('',(0.6,-3.14,8.5));
#974 = VERTEX_POINT('',#975);
#975 = CARTESIAN_POINT('',(0.6,-1.94,8.5));
#976 = LINE('',#977,#978);
#977 = CARTESIAN_POINT('',(0.6,-3.14,8.5));
#978 = VECTOR('',#979,1.);
#979 = DIRECTION('',(1.110223024625E-16,1.,0.));
#980 = ORIENTED_EDGE('',*,*,#981,.F.);
#981 = EDGE_CURVE('',#982,#972,#984,.T.);
#982 = VERTEX_POINT('',#983);
#983 = CARTESIAN_POINT('',(-0.6,-3.14,8.5));
#984 = LINE('',#985,#986);
#985 = CARTESIAN_POINT('',(-0.6,-3.14,8.5));
#986 = VECTOR('',#987,1.);
#987 = DIRECTION('',(1.,-1.110223024625E-16,0.));
#988 = ORIENTED_EDGE('',*,*,#989,.F.);
#989 = EDGE_CURVE('',#990,#982,#992,.T.);
#990 = VERTEX_POINT('',#991);
#991 = CARTESIAN_POINT('',(-0.6,-1.94,8.5));
#992 = LINE('',#993,#994);
#993 = CARTESIAN_POINT('',(-0.6,-1.94,8.5));
#994 = VECTOR('',#995,1.);
#995 = DIRECTION('',(-1.110223024625E-16,-1.,0.));
#996 = ORIENTED_EDGE('',*,*,#997,.F.);
#997 = EDGE_CURVE('',#974,#990,#998,.T.);
#998 = LINE('',#999,#1000);
#999 = CARTESIAN_POINT('',(0.6,-1.94,8.5));
#1000 = VECTOR('',#1001,1.);
#1001 = DIRECTION('',(-1.,1.110223024625E-16,0.));
#1002 = FACE_BOUND('',#1003,.T.);
#1003 = EDGE_LOOP('',(#1004,#1014,#1022,#1030));
#1004 = ORIENTED_EDGE('',*,*,#1005,.F.);
#1005 = EDGE_CURVE('',#1006,#1008,#1010,.T.);
#1006 = VERTEX_POINT('',#1007);
#1007 = CARTESIAN_POINT('',(0.6,-0.6,8.5));
#1008 = VERTEX_POINT('',#1009);
#1009 = CARTESIAN_POINT('',(0.6,0.6,8.5));
#1010 = LINE('',#1011,#1012);
#1011 = CARTESIAN_POINT('',(0.6,-0.6,8.5));
#1012 = VECTOR('',#1013,1.);
#1013 = DIRECTION('',(1.110223024625E-16,1.,0.));
#1014 = ORIENTED_EDGE('',*,*,#1015,.F.);
#1015 = EDGE_CURVE('',#1016,#1006,#1018,.T.);
#1016 = VERTEX_POINT('',#1017);
#1017 = CARTESIAN_POINT('',(-0.6,-0.6,8.5));
#1018 = LINE('',#1019,#1020);
#1019 = CARTESIAN_POINT('',(-0.6,-0.6,8.5));
#1020 = VECTOR('',#1021,1.);
#1021 = DIRECTION('',(1.,-1.110223024625E-16,0.));
#1022 = ORIENTED_EDGE('',*,*,#1023,.F.);
#1023 = EDGE_CURVE('',#1024,#1016,#1026,.T.);
#1024 = VERTEX_POINT('',#1025);
#1025 = CARTESIAN_POINT('',(-0.6,0.6,8.5));
#1026 = LINE('',#1027,#1028);
#1027 = CARTESIAN_POINT('',(-0.6,0.6,8.5));
#1028 = VECTOR('',#1029,1.);
#1029 = DIRECTION('',(-1.110223024625E-16,-1.,0.));
#1030 = ORIENTED_EDGE('',*,*,#1031,.F.);
#1031 = EDGE_CURVE('',#1008,#1024,#1032,.T.);
#1032 = LINE('',#1033,#1034);
#1033 = CARTESIAN_POINT('',(0.6,0.6,8.5));
#1034 = VECTOR('',#1035,1.);
#1035 = DIRECTION('',(-1.,1.110223024625E-16,0.));
#1036 = PLANE('',#1037);
#1037 = AXIS2_PLACEMENT_3D('',#1038,#1039,#1040);
#1038 = CARTESIAN_POINT('',(-5.496332464693E-17,-1.27,8.5));
#1039 = DIRECTION('',(0.,0.,1.));
#1040 = DIRECTION('',(1.110223024625E-16,1.,-0.));
#1041 = ADVANCED_FACE('',(#1042),#1058,.F.);
#1042 = FACE_BOUND('',#1043,.F.);
#1043 = EDGE_LOOP('',(#1044,#1045,#1051,#1052));
#1044 = ORIENTED_EDGE('',*,*,#817,.T.);
#1045 = ORIENTED_EDGE('',*,*,#1046,.F.);
#1046 = EDGE_CURVE('',#906,#820,#1047,.T.);
#1047 = LINE('',#1048,#1049);
#1048 = CARTESIAN_POINT('',(-0.846666666667,1.27,0.));
#1049 = VECTOR('',#1050,1.);
#1050 = DIRECTION('',(-1.110223024625E-16,-1.,0.));
#1051 = ORIENTED_EDGE('',*,*,#905,.T.);
#1052 = ORIENTED_EDGE('',*,*,#1053,.T.);
#1053 = EDGE_CURVE('',#898,#818,#1054,.T.);
#1054 = LINE('',#1055,#1056);
#1055 = CARTESIAN_POINT('',(-1.27,1.27,0.));
#1056 = VECTOR('',#1057,1.);
#1057 = DIRECTION('',(-1.110223024625E-16,-1.,0.));
#1058 = PLANE('',#1059);
#1059 = AXIS2_PLACEMENT_3D('',#1060,#1061,#1062);
#1060 = CARTESIAN_POINT('',(-5.496332464693E-17,-1.27,0.));
#1061 = DIRECTION('',(0.,0.,1.));
#1062 = DIRECTION('',(1.110223024625E-16,1.,-0.));
#1063 = ADVANCED_FACE('',(#1064),#1075,.T.);
#1064 = FACE_BOUND('',#1065,.T.);
#1065 = EDGE_LOOP('',(#1066,#1067,#1073,#1074));
#1066 = ORIENTED_EDGE('',*,*,#913,.T.);
#1067 = ORIENTED_EDGE('',*,*,#1068,.T.);
#1068 = EDGE_CURVE('',#914,#859,#1069,.T.);
#1069 = LINE('',#1070,#1071);
#1070 = CARTESIAN_POINT('',(-0.846666666667,1.27,0.2));
#1071 = VECTOR('',#1072,1.);
#1072 = DIRECTION('',(-1.110223024625E-16,-1.,0.));
#1073 = ORIENTED_EDGE('',*,*,#866,.F.);
#1074 = ORIENTED_EDGE('',*,*,#1046,.F.);
#1075 = PLANE('',#1076);
#1076 = AXIS2_PLACEMENT_3D('',#1077,#1078,#1079);
#1077 = CARTESIAN_POINT('',(-0.846666666667,1.27,0.));
#1078 = DIRECTION('',(1.,-1.110223024625E-16,0.));
#1079 = DIRECTION('',(-1.110223024625E-16,-1.,0.));
#1080 = ADVANCED_FACE('',(#1081,#1092,#1158),#1224,.F.);
#1081 = FACE_BOUND('',#1082,.F.);
#1082 = EDGE_LOOP('',(#1083,#1089,#1090,#1091));
#1083 = ORIENTED_EDGE('',*,*,#1084,.T.);
#1084 = EDGE_CURVE('',#851,#922,#1085,.T.);
#1085 = LINE('',#1086,#1087);
#1086 = CARTESIAN_POINT('',(0.846666666667,-3.81,0.2));
#1087 = VECTOR('',#1088,1.);
#1088 = DIRECTION('',(1.110223024625E-16,1.,0.));
#1089 = ORIENTED_EDGE('',*,*,#921,.T.);
#1090 = ORIENTED_EDGE('',*,*,#1068,.T.);
#1091 = ORIENTED_EDGE('',*,*,#858,.T.);
#1092 = FACE_BOUND('',#1093,.F.);
#1093 = EDGE_LOOP('',(#1094,#1104,#1112,#1120,#1128,#1136,#1144,#1152));
#1094 = ORIENTED_EDGE('',*,*,#1095,.F.);
#1095 = EDGE_CURVE('',#1096,#1098,#1100,.T.);
#1096 = VERTEX_POINT('',#1097);
#1097 = CARTESIAN_POINT('',(-0.1,-2.99,0.2));
#1098 = VERTEX_POINT('',#1099);
#1099 = CARTESIAN_POINT('',(0.1,-2.99,0.2));
#1100 = LINE('',#1101,#1102);
#1101 = CARTESIAN_POINT('',(-0.1,-2.99,0.2));
#1102 = VECTOR('',#1103,1.);
#1103 = DIRECTION('',(1.,-1.110223024625E-16,0.));
#1104 = ORIENTED_EDGE('',*,*,#1105,.T.);
#1105 = EDGE_CURVE('',#1096,#1106,#1108,.T.);
#1106 = VERTEX_POINT('',#1107);
#1107 = CARTESIAN_POINT('',(-0.1,-2.84,0.2));
#1108 = LINE('',#1109,#1110);
#1109 = CARTESIAN_POINT('',(-0.1,-2.99,0.2));
#1110 = VECTOR('',#1111,1.);
#1111 = DIRECTION('',(1.110223024625E-16,1.,0.));
#1112 = ORIENTED_EDGE('',*,*,#1113,.F.);
#1113 = EDGE_CURVE('',#1114,#1106,#1116,.T.);
#1114 = VERTEX_POINT('',#1115);
#1115 = CARTESIAN_POINT('',(-0.1,-2.24,0.2));
#1116 = LINE('',#1117,#1118);
#1117 = CARTESIAN_POINT('',(-0.1,-1.905,0.2));
#1118 = VECTOR('',#1119,1.);
#1119 = DIRECTION('',(-1.110223024625E-16,-1.,0.));
#1120 = ORIENTED_EDGE('',*,*,#1121,.T.);
#1121 = EDGE_CURVE('',#1114,#1122,#1124,.T.);
#1122 = VERTEX_POINT('',#1123);
#1123 = CARTESIAN_POINT('',(-0.1,-2.09,0.2));
#1124 = LINE('',#1125,#1126);
#1125 = CARTESIAN_POINT('',(-0.1,-2.99,0.2));
#1126 = VECTOR('',#1127,1.);
#1127 = DIRECTION('',(1.110223024625E-16,1.,0.));
#1128 = ORIENTED_EDGE('',*,*,#1129,.T.);
#1129 = EDGE_CURVE('',#1122,#1130,#1132,.T.);
#1130 = VERTEX_POINT('',#1131);
#1131 = CARTESIAN_POINT('',(0.1,-2.09,0.2));
#1132 = LINE('',#1133,#1134);
#1133 = CARTESIAN_POINT('',(-0.1,-2.09,0.2));
#1134 = VECTOR('',#1135,1.);
#1135 = DIRECTION('',(1.,-1.110223024625E-16,0.));
#1136 = ORIENTED_EDGE('',*,*,#1137,.T.);
#1137 = EDGE_CURVE('',#1130,#1138,#1140,.T.);
#1138 = VERTEX_POINT('',#1139);
#1139 = CARTESIAN_POINT('',(0.1,-2.24,0.2));
#1140 = LINE('',#1141,#1142);
#1141 = CARTESIAN_POINT('',(0.1,-2.09,0.2));
#1142 = VECTOR('',#1143,1.);
#1143 = DIRECTION('',(-1.110223024625E-16,-1.,0.));
#1144 = ORIENTED_EDGE('',*,*,#1145,.T.);
#1145 = EDGE_CURVE('',#1138,#1146,#1148,.T.);
#1146 = VERTEX_POINT('',#1147);
#1147 = CARTESIAN_POINT('',(0.1,-2.84,0.2));
#1148 = LINE('',#1149,#1150);
#1149 = CARTESIAN_POINT('',(0.1,-1.905,0.2));
#1150 = VECTOR('',#1151,1.);
#1151 = DIRECTION('',(-1.110223024625E-16,-1.,0.));
#1152 = ORIENTED_EDGE('',*,*,#1153,.T.);
#1153 = EDGE_CURVE('',#1146,#1098,#1154,.T.);
#1154 = LINE('',#1155,#1156);
#1155 = CARTESIAN_POINT('',(0.1,-2.09,0.2));
#1156 = VECTOR('',#1157,1.);
#1157 = DIRECTION('',(-1.110223024625E-16,-1.,0.));
#1158 = FACE_BOUND('',#1159,.F.);
#1159 = EDGE_LOOP('',(#1160,#1170,#1178,#1186,#1194,#1202,#1210,#1218));
#1160 = ORIENTED_EDGE('',*,*,#1161,.F.);
#1161 = EDGE_CURVE('',#1162,#1164,#1166,.T.);
#1162 = VERTEX_POINT('',#1163);
#1163 = CARTESIAN_POINT('',(-0.1,-0.45,0.2));
#1164 = VERTEX_POINT('',#1165);
#1165 = CARTESIAN_POINT('',(0.1,-0.45,0.2));
#1166 = LINE('',#1167,#1168);
#1167 = CARTESIAN_POINT('',(-0.1,-0.45,0.2));
#1168 = VECTOR('',#1169,1.);
#1169 = DIRECTION('',(1.,-1.110223024625E-16,0.));
#1170 = ORIENTED_EDGE('',*,*,#1171,.T.);
#1171 = EDGE_CURVE('',#1162,#1172,#1174,.T.);
#1172 = VERTEX_POINT('',#1173);
#1173 = CARTESIAN_POINT('',(-0.1,-0.3,0.2));
#1174 = LINE('',#1175,#1176);
#1175 = CARTESIAN_POINT('',(-0.1,-0.45,0.2));
#1176 = VECTOR('',#1177,1.);
#1177 = DIRECTION('',(1.110223024625E-16,1.,0.));
#1178 = ORIENTED_EDGE('',*,*,#1179,.F.);
#1179 = EDGE_CURVE('',#1180,#1172,#1182,.T.);
#1180 = VERTEX_POINT('',#1181);
#1181 = CARTESIAN_POINT('',(-0.1,0.3,0.2));
#1182 = LINE('',#1183,#1184);
#1183 = CARTESIAN_POINT('',(-0.1,-0.635,0.2));
#1184 = VECTOR('',#1185,1.);
#1185 = DIRECTION('',(-1.110223024625E-16,-1.,0.));
#1186 = ORIENTED_EDGE('',*,*,#1187,.T.);
#1187 = EDGE_CURVE('',#1180,#1188,#1190,.T.);
#1188 = VERTEX_POINT('',#1189);
#1189 = CARTESIAN_POINT('',(-0.1,0.45,0.2));
#1190 = LINE('',#1191,#1192);
#1191 = CARTESIAN_POINT('',(-0.1,-0.45,0.2));
#1192 = VECTOR('',#1193,1.);
#1193 = DIRECTION('',(1.110223024625E-16,1.,0.));
#1194 = ORIENTED_EDGE('',*,*,#1195,.T.);
#1195 = EDGE_CURVE('',#1188,#1196,#1198,.T.);
#1196 = VERTEX_POINT('',#1197);
#1197 = CARTESIAN_POINT('',(0.1,0.45,0.2));
#1198 = LINE('',#1199,#1200);
#1199 = CARTESIAN_POINT('',(-0.1,0.45,0.2));
#1200 = VECTOR('',#1201,1.);
#1201 = DIRECTION('',(1.,-1.110223024625E-16,0.));
#1202 = ORIENTED_EDGE('',*,*,#1203,.T.);
#1203 = EDGE_CURVE('',#1196,#1204,#1206,.T.);
#1204 = VERTEX_POINT('',#1205);
#1205 = CARTESIAN_POINT('',(0.1,0.3,0.2));
#1206 = LINE('',#1207,#1208);
#1207 = CARTESIAN_POINT('',(0.1,0.45,0.2));
#1208 = VECTOR('',#1209,1.);
#1209 = DIRECTION('',(-1.110223024625E-16,-1.,0.));
#1210 = ORIENTED_EDGE('',*,*,#1211,.T.);
#1211 = EDGE_CURVE('',#1204,#1212,#1214,.T.);
#1212 = VERTEX_POINT('',#1213);
#1213 = CARTESIAN_POINT('',(0.1,-0.3,0.2));
#1214 = LINE('',#1215,#1216);
#1215 = CARTESIAN_POINT('',(0.1,-0.635,0.2));
#1216 = VECTOR('',#1217,1.);
#1217 = DIRECTION('',(-1.110223024625E-16,-1.,0.));
#1218 = ORIENTED_EDGE('',*,*,#1219,.T.);
#1219 = EDGE_CURVE('',#1212,#1164,#1220,.T.);
#1220 = LINE('',#1221,#1222);
#1221 = CARTESIAN_POINT('',(0.1,0.45,0.2));
#1222 = VECTOR('',#1223,1.);
#1223 = DIRECTION('',(-1.110223024625E-16,-1.,0.));
#1224 = PLANE('',#1225);
#1225 = AXIS2_PLACEMENT_3D('',#1226,#1227,#1228);
#1226 = CARTESIAN_POINT('',(-1.132427485118E-16,-1.27,0.2));
#1227 = DIRECTION('',(0.,0.,1.));
#1228 = DIRECTION('',(1.110223024625E-16,1.,-0.));
#1229 = ADVANCED_FACE('',(#1230),#1236,.T.);
#1230 = FACE_BOUND('',#1231,.T.);
#1231 = EDGE_LOOP('',(#1232,#1233,#1234,#1235));
#1232 = ORIENTED_EDGE('',*,*,#850,.T.);
#1233 = ORIENTED_EDGE('',*,*,#1084,.T.);
#1234 = ORIENTED_EDGE('',*,*,#929,.F.);
#1235 = ORIENTED_EDGE('',*,*,#946,.F.);
#1236 = PLANE('',#1237);
#1237 = AXIS2_PLACEMENT_3D('',#1238,#1239,#1240);
#1238 = CARTESIAN_POINT('',(0.846666666667,-3.81,0.));
#1239 = DIRECTION('',(-1.,1.110223024625E-16,0.));
#1240 = DIRECTION('',(1.110223024625E-16,1.,0.));
#1241 = ADVANCED_FACE('',(#1242),#1248,.F.);
#1242 = FACE_BOUND('',#1243,.F.);
#1243 = EDGE_LOOP('',(#1244,#1245,#1246,#1247));
#1244 = ORIENTED_EDGE('',*,*,#897,.T.);
#1245 = ORIENTED_EDGE('',*,*,#962,.T.);
#1246 = ORIENTED_EDGE('',*,*,#827,.F.);
#1247 = ORIENTED_EDGE('',*,*,#1053,.F.);
#1248 = PLANE('',#1249);
#1249 = AXIS2_PLACEMENT_3D('',#1250,#1251,#1252);
#1250 = CARTESIAN_POINT('',(-1.27,1.27,0.));
#1251 = DIRECTION('',(1.,-1.110223024625E-16,0.));
#1252 = DIRECTION('',(-1.110223024625E-16,-1.,0.));
#1253 = ADVANCED_FACE('',(#1254),#1279,.T.);
#1254 = FACE_BOUND('',#1255,.T.);
#1255 = EDGE_LOOP('',(#1256,#1264,#1265,#1273));
#1256 = ORIENTED_EDGE('',*,*,#1257,.F.);
#1257 = EDGE_CURVE('',#972,#1258,#1260,.T.);
#1258 = VERTEX_POINT('',#1259);
#1259 = CARTESIAN_POINT('',(0.3,-2.84,8.2));
#1260 = LINE('',#1261,#1262);
#1261 = CARTESIAN_POINT('',(0.3,-2.84,8.2));
#1262 = VECTOR('',#1263,1.);
#1263 = DIRECTION('',(-0.57735026919,0.57735026919,-0.57735026919));
#1264 = ORIENTED_EDGE('',*,*,#971,.T.);
#1265 = ORIENTED_EDGE('',*,*,#1266,.T.);
#1266 = EDGE_CURVE('',#974,#1267,#1269,.T.);
#1267 = VERTEX_POINT('',#1268);
#1268 = CARTESIAN_POINT('',(0.3,-2.24,8.2));
#1269 = LINE('',#1270,#1271);
#1270 = CARTESIAN_POINT('',(0.3,-2.24,8.2));
#1271 = VECTOR('',#1272,1.);
#1272 = DIRECTION('',(-0.57735026919,-0.57735026919,-0.57735026919));
#1273 = ORIENTED_EDGE('',*,*,#1274,.F.);
#1274 = EDGE_CURVE('',#1258,#1267,#1275,.T.);
#1275 = LINE('',#1276,#1277);
#1276 = CARTESIAN_POINT('',(0.3,-3.14,8.2));
#1277 = VECTOR('',#1278,1.);
#1278 = DIRECTION('',(1.110223024625E-16,1.,0.));
#1279 = PLANE('',#1280);
#1280 = AXIS2_PLACEMENT_3D('',#1281,#1282,#1283);
#1281 = CARTESIAN_POINT('',(0.45,-3.14,8.35));
#1282 = DIRECTION('',(-0.707106781187,7.850462293414E-17,0.707106781187)
  );
#1283 = DIRECTION('',(1.110223024625E-16,1.,2.680278185005E-29));
#1284 = ADVANCED_FACE('',(#1285),#1303,.T.);
#1285 = FACE_BOUND('',#1286,.T.);
#1286 = EDGE_LOOP('',(#1287,#1288,#1289,#1297));
#1287 = ORIENTED_EDGE('',*,*,#1266,.F.);
#1288 = ORIENTED_EDGE('',*,*,#997,.T.);
#1289 = ORIENTED_EDGE('',*,*,#1290,.T.);
#1290 = EDGE_CURVE('',#990,#1291,#1293,.T.);
#1291 = VERTEX_POINT('',#1292);
#1292 = CARTESIAN_POINT('',(-0.3,-2.24,8.2));
#1293 = LINE('',#1294,#1295);
#1294 = CARTESIAN_POINT('',(-0.3,-2.24,8.2));
#1295 = VECTOR('',#1296,1.);
#1296 = DIRECTION('',(0.57735026919,-0.57735026919,-0.57735026919));
#1297 = ORIENTED_EDGE('',*,*,#1298,.F.);
#1298 = EDGE_CURVE('',#1267,#1291,#1299,.T.);
#1299 = LINE('',#1300,#1301);
#1300 = CARTESIAN_POINT('',(0.6,-2.24,8.2));
#1301 = VECTOR('',#1302,1.);
#1302 = DIRECTION('',(-1.,1.110223024625E-16,0.));
#1303 = PLANE('',#1304);
#1304 = AXIS2_PLACEMENT_3D('',#1305,#1306,#1307);
#1305 = CARTESIAN_POINT('',(0.6,-2.09,8.35));
#1306 = DIRECTION('',(-7.850462293414E-17,-0.707106781187,0.707106781187
    ));
#1307 = DIRECTION('',(-1.,1.110223024625E-16,2.680278185005E-29));
#1308 = ADVANCED_FACE('',(#1309),#1327,.T.);
#1309 = FACE_BOUND('',#1310,.T.);
#1310 = EDGE_LOOP('',(#1311,#1312,#1313,#1321));
#1311 = ORIENTED_EDGE('',*,*,#1290,.F.);
#1312 = ORIENTED_EDGE('',*,*,#989,.T.);
#1313 = ORIENTED_EDGE('',*,*,#1314,.T.);
#1314 = EDGE_CURVE('',#982,#1315,#1317,.T.);
#1315 = VERTEX_POINT('',#1316);
#1316 = CARTESIAN_POINT('',(-0.3,-2.84,8.2));
#1317 = LINE('',#1318,#1319);
#1318 = CARTESIAN_POINT('',(-0.3,-2.84,8.2));
#1319 = VECTOR('',#1320,1.);
#1320 = DIRECTION('',(0.57735026919,0.57735026919,-0.57735026919));
#1321 = ORIENTED_EDGE('',*,*,#1322,.F.);
#1322 = EDGE_CURVE('',#1291,#1315,#1323,.T.);
#1323 = LINE('',#1324,#1325);
#1324 = CARTESIAN_POINT('',(-0.3,-1.94,8.2));
#1325 = VECTOR('',#1326,1.);
#1326 = DIRECTION('',(-1.110223024625E-16,-1.,0.));
#1327 = PLANE('',#1328);
#1328 = AXIS2_PLACEMENT_3D('',#1329,#1330,#1331);
#1329 = CARTESIAN_POINT('',(-0.45,-1.94,8.35));
#1330 = DIRECTION('',(0.707106781187,-7.850462293414E-17,0.707106781187)
  );
#1331 = DIRECTION('',(-1.110223024625E-16,-1.,2.680278185005E-29));
#1332 = ADVANCED_FACE('',(#1333),#1344,.T.);
#1333 = FACE_BOUND('',#1334,.T.);
#1334 = EDGE_LOOP('',(#1335,#1336,#1337,#1338));
#1335 = ORIENTED_EDGE('',*,*,#1314,.F.);
#1336 = ORIENTED_EDGE('',*,*,#981,.T.);
#1337 = ORIENTED_EDGE('',*,*,#1257,.T.);
#1338 = ORIENTED_EDGE('',*,*,#1339,.F.);
#1339 = EDGE_CURVE('',#1315,#1258,#1340,.T.);
#1340 = LINE('',#1341,#1342);
#1341 = CARTESIAN_POINT('',(-0.6,-2.84,8.2));
#1342 = VECTOR('',#1343,1.);
#1343 = DIRECTION('',(1.,-1.110223024625E-16,0.));
#1344 = PLANE('',#1345);
#1345 = AXIS2_PLACEMENT_3D('',#1346,#1347,#1348);
#1346 = CARTESIAN_POINT('',(-0.6,-2.99,8.35));
#1347 = DIRECTION('',(7.850462293414E-17,0.707106781187,0.707106781187)
  );
#1348 = DIRECTION('',(1.,-1.110223024625E-16,2.680278185005E-29));
#1349 = ADVANCED_FACE('',(#1350),#1375,.T.);
#1350 = FACE_BOUND('',#1351,.T.);
#1351 = EDGE_LOOP('',(#1352,#1360,#1361,#1369));
#1352 = ORIENTED_EDGE('',*,*,#1353,.F.);
#1353 = EDGE_CURVE('',#1006,#1354,#1356,.T.);
#1354 = VERTEX_POINT('',#1355);
#1355 = CARTESIAN_POINT('',(0.3,-0.3,8.2));
#1356 = LINE('',#1357,#1358);
#1357 = CARTESIAN_POINT('',(0.3,-0.3,8.2));
#1358 = VECTOR('',#1359,1.);
#1359 = DIRECTION('',(-0.57735026919,0.57735026919,-0.57735026919));
#1360 = ORIENTED_EDGE('',*,*,#1005,.T.);
#1361 = ORIENTED_EDGE('',*,*,#1362,.T.);
#1362 = EDGE_CURVE('',#1008,#1363,#1365,.T.);
#1363 = VERTEX_POINT('',#1364);
#1364 = CARTESIAN_POINT('',(0.3,0.3,8.2));
#1365 = LINE('',#1366,#1367);
#1366 = CARTESIAN_POINT('',(0.3,0.3,8.2));
#1367 = VECTOR('',#1368,1.);
#1368 = DIRECTION('',(-0.57735026919,-0.57735026919,-0.57735026919));
#1369 = ORIENTED_EDGE('',*,*,#1370,.F.);
#1370 = EDGE_CURVE('',#1354,#1363,#1371,.T.);
#1371 = LINE('',#1372,#1373);
#1372 = CARTESIAN_POINT('',(0.3,-0.6,8.2));
#1373 = VECTOR('',#1374,1.);
#1374 = DIRECTION('',(1.110223024625E-16,1.,0.));
#1375 = PLANE('',#1376);
#1376 = AXIS2_PLACEMENT_3D('',#1377,#1378,#1379);
#1377 = CARTESIAN_POINT('',(0.45,-0.6,8.35));
#1378 = DIRECTION('',(-0.707106781187,7.850462293414E-17,0.707106781187)
  );
#1379 = DIRECTION('',(1.110223024625E-16,1.,2.680278185005E-29));
#1380 = ADVANCED_FACE('',(#1381),#1399,.T.);
#1381 = FACE_BOUND('',#1382,.T.);
#1382 = EDGE_LOOP('',(#1383,#1384,#1385,#1393));
#1383 = ORIENTED_EDGE('',*,*,#1362,.F.);
#1384 = ORIENTED_EDGE('',*,*,#1031,.T.);
#1385 = ORIENTED_EDGE('',*,*,#1386,.T.);
#1386 = EDGE_CURVE('',#1024,#1387,#1389,.T.);
#1387 = VERTEX_POINT('',#1388);
#1388 = CARTESIAN_POINT('',(-0.3,0.3,8.2));
#1389 = LINE('',#1390,#1391);
#1390 = CARTESIAN_POINT('',(-0.3,0.3,8.2));
#1391 = VECTOR('',#1392,1.);
#1392 = DIRECTION('',(0.57735026919,-0.57735026919,-0.57735026919));
#1393 = ORIENTED_EDGE('',*,*,#1394,.F.);
#1394 = EDGE_CURVE('',#1363,#1387,#1395,.T.);
#1395 = LINE('',#1396,#1397);
#1396 = CARTESIAN_POINT('',(0.6,0.3,8.2));
#1397 = VECTOR('',#1398,1.);
#1398 = DIRECTION('',(-1.,1.110223024625E-16,0.));
#1399 = PLANE('',#1400);
#1400 = AXIS2_PLACEMENT_3D('',#1401,#1402,#1403);
#1401 = CARTESIAN_POINT('',(0.6,0.45,8.35));
#1402 = DIRECTION('',(-7.850462293414E-17,-0.707106781187,0.707106781187
    ));
#1403 = DIRECTION('',(-1.,1.110223024625E-16,2.680278185005E-29));
#1404 = ADVANCED_FACE('',(#1405),#1423,.T.);
#1405 = FACE_BOUND('',#1406,.T.);
#1406 = EDGE_LOOP('',(#1407,#1408,#1409,#1417));
#1407 = ORIENTED_EDGE('',*,*,#1386,.F.);
#1408 = ORIENTED_EDGE('',*,*,#1023,.T.);
#1409 = ORIENTED_EDGE('',*,*,#1410,.T.);
#1410 = EDGE_CURVE('',#1016,#1411,#1413,.T.);
#1411 = VERTEX_POINT('',#1412);
#1412 = CARTESIAN_POINT('',(-0.3,-0.3,8.2));
#1413 = LINE('',#1414,#1415);
#1414 = CARTESIAN_POINT('',(-0.3,-0.3,8.2));
#1415 = VECTOR('',#1416,1.);
#1416 = DIRECTION('',(0.57735026919,0.57735026919,-0.57735026919));
#1417 = ORIENTED_EDGE('',*,*,#1418,.F.);
#1418 = EDGE_CURVE('',#1387,#1411,#1419,.T.);
#1419 = LINE('',#1420,#1421);
#1420 = CARTESIAN_POINT('',(-0.3,0.6,8.2));
#1421 = VECTOR('',#1422,1.);
#1422 = DIRECTION('',(-1.110223024625E-16,-1.,0.));
#1423 = PLANE('',#1424);
#1424 = AXIS2_PLACEMENT_3D('',#1425,#1426,#1427);
#1425 = CARTESIAN_POINT('',(-0.45,0.6,8.35));
#1426 = DIRECTION('',(0.707106781187,-7.850462293414E-17,0.707106781187)
  );
#1427 = DIRECTION('',(-1.110223024625E-16,-1.,2.680278185005E-29));
#1428 = ADVANCED_FACE('',(#1429),#1440,.T.);
#1429 = FACE_BOUND('',#1430,.T.);
#1430 = EDGE_LOOP('',(#1431,#1432,#1433,#1434));
#1431 = ORIENTED_EDGE('',*,*,#1410,.F.);
#1432 = ORIENTED_EDGE('',*,*,#1015,.T.);
#1433 = ORIENTED_EDGE('',*,*,#1353,.T.);
#1434 = ORIENTED_EDGE('',*,*,#1435,.F.);
#1435 = EDGE_CURVE('',#1411,#1354,#1436,.T.);
#1436 = LINE('',#1437,#1438);
#1437 = CARTESIAN_POINT('',(-0.6,-0.3,8.2));
#1438 = VECTOR('',#1439,1.);
#1439 = DIRECTION('',(1.,-1.110223024625E-16,0.));
#1440 = PLANE('',#1441);
#1441 = AXIS2_PLACEMENT_3D('',#1442,#1443,#1444);
#1442 = CARTESIAN_POINT('',(-0.6,-0.45,8.35));
#1443 = DIRECTION('',(7.850462293414E-17,0.707106781187,0.707106781187)
  );
#1444 = DIRECTION('',(1.,-1.110223024625E-16,2.680278185005E-29));
#1445 = ADVANCED_FACE('',(#1446),#1457,.T.);
#1446 = FACE_BOUND('',#1447,.T.);
#1447 = EDGE_LOOP('',(#1448,#1449,#1450,#1456));
#1448 = ORIENTED_EDGE('',*,*,#1095,.F.);
#1449 = ORIENTED_EDGE('',*,*,#1105,.T.);
#1450 = ORIENTED_EDGE('',*,*,#1451,.T.);
#1451 = EDGE_CURVE('',#1106,#1146,#1452,.T.);
#1452 = LINE('',#1453,#1454);
#1453 = CARTESIAN_POINT('',(-0.1,-2.84,0.2));
#1454 = VECTOR('',#1455,1.);
#1455 = DIRECTION('',(1.,-1.110223024625E-16,0.));
#1456 = ORIENTED_EDGE('',*,*,#1153,.T.);
#1457 = PLANE('',#1458);
#1458 = AXIS2_PLACEMENT_3D('',#1459,#1460,#1461);
#1459 = CARTESIAN_POINT('',(-0.1,-2.84,0.2));
#1460 = DIRECTION('',(0.,-0.,-1.));
#1461 = DIRECTION('',(-1.110223024625E-16,-1.,0.));
#1462 = ADVANCED_FACE('',(#1463),#1504,.F.);
#1463 = FACE_BOUND('',#1464,.F.);
#1464 = EDGE_LOOP('',(#1465,#1473,#1474,#1482,#1490,#1498));
#1465 = ORIENTED_EDGE('',*,*,#1466,.T.);
#1466 = EDGE_CURVE('',#1467,#1146,#1469,.T.);
#1467 = VERTEX_POINT('',#1468);
#1468 = CARTESIAN_POINT('',(0.1,-2.84,-2.5));
#1469 = LINE('',#1470,#1471);
#1470 = CARTESIAN_POINT('',(0.1,-2.84,-2.5));
#1471 = VECTOR('',#1472,1.);
#1472 = DIRECTION('',(0.,0.,1.));
#1473 = ORIENTED_EDGE('',*,*,#1145,.F.);
#1474 = ORIENTED_EDGE('',*,*,#1475,.T.);
#1475 = EDGE_CURVE('',#1138,#1476,#1478,.T.);
#1476 = VERTEX_POINT('',#1477);
#1477 = CARTESIAN_POINT('',(0.1,-2.24,-2.5));
#1478 = LINE('',#1479,#1480);
#1479 = CARTESIAN_POINT('',(0.1,-2.24,0.2));
#1480 = VECTOR('',#1481,1.);
#1481 = DIRECTION('',(0.,0.,-1.));
#1482 = ORIENTED_EDGE('',*,*,#1483,.T.);
#1483 = EDGE_CURVE('',#1476,#1484,#1486,.T.);
#1484 = VERTEX_POINT('',#1485);
#1485 = CARTESIAN_POINT('',(0.1,-2.39,-3.1));
#1486 = LINE('',#1487,#1488);
#1487 = CARTESIAN_POINT('',(0.1,-2.24,-2.5));
#1488 = VECTOR('',#1489,1.);
#1489 = DIRECTION('',(-2.692686352073E-17,-0.242535625036,
    -0.970142500145));
#1490 = ORIENTED_EDGE('',*,*,#1491,.T.);
#1491 = EDGE_CURVE('',#1484,#1492,#1494,.T.);
#1492 = VERTEX_POINT('',#1493);
#1493 = CARTESIAN_POINT('',(0.1,-2.69,-3.1));
#1494 = LINE('',#1495,#1496);
#1495 = CARTESIAN_POINT('',(0.1,-2.39,-3.1));
#1496 = VECTOR('',#1497,1.);
#1497 = DIRECTION('',(-1.110223024625E-16,-1.,0.));
#1498 = ORIENTED_EDGE('',*,*,#1499,.T.);
#1499 = EDGE_CURVE('',#1492,#1467,#1500,.T.);
#1500 = LINE('',#1501,#1502);
#1501 = CARTESIAN_POINT('',(0.1,-2.69,-3.1));
#1502 = VECTOR('',#1503,1.);
#1503 = DIRECTION('',(-2.692686352073E-17,-0.242535625036,0.970142500145
    ));
#1504 = PLANE('',#1505);
#1505 = AXIS2_PLACEMENT_3D('',#1506,#1507,#1508);
#1506 = CARTESIAN_POINT('',(0.1,-2.54,3.911477598424));
#1507 = DIRECTION('',(-1.,1.110223024625E-16,0.));
#1508 = DIRECTION('',(0.,0.,1.));
#1509 = ADVANCED_FACE('',(#1510),#1521,.T.);
#1510 = FACE_BOUND('',#1511,.T.);
#1511 = EDGE_LOOP('',(#1512,#1518,#1519,#1520));
#1512 = ORIENTED_EDGE('',*,*,#1513,.F.);
#1513 = EDGE_CURVE('',#1114,#1138,#1514,.T.);
#1514 = LINE('',#1515,#1516);
#1515 = CARTESIAN_POINT('',(-0.1,-2.24,0.2));
#1516 = VECTOR('',#1517,1.);
#1517 = DIRECTION('',(1.,-1.110223024625E-16,0.));
#1518 = ORIENTED_EDGE('',*,*,#1121,.T.);
#1519 = ORIENTED_EDGE('',*,*,#1129,.T.);
#1520 = ORIENTED_EDGE('',*,*,#1137,.T.);
#1521 = PLANE('',#1522);
#1522 = AXIS2_PLACEMENT_3D('',#1523,#1524,#1525);
#1523 = CARTESIAN_POINT('',(-0.1,-2.84,0.2));
#1524 = DIRECTION('',(0.,-0.,-1.));
#1525 = DIRECTION('',(-1.110223024625E-16,-1.,0.));
#1526 = ADVANCED_FACE('',(#1527),#1568,.T.);
#1527 = FACE_BOUND('',#1528,.T.);
#1528 = EDGE_LOOP('',(#1529,#1537,#1538,#1546,#1554,#1562));
#1529 = ORIENTED_EDGE('',*,*,#1530,.T.);
#1530 = EDGE_CURVE('',#1531,#1106,#1533,.T.);
#1531 = VERTEX_POINT('',#1532);
#1532 = CARTESIAN_POINT('',(-0.1,-2.84,-2.5));
#1533 = LINE('',#1534,#1535);
#1534 = CARTESIAN_POINT('',(-0.1,-2.84,-2.5));
#1535 = VECTOR('',#1536,1.);
#1536 = DIRECTION('',(0.,0.,1.));
#1537 = ORIENTED_EDGE('',*,*,#1113,.F.);
#1538 = ORIENTED_EDGE('',*,*,#1539,.T.);
#1539 = EDGE_CURVE('',#1114,#1540,#1542,.T.);
#1540 = VERTEX_POINT('',#1541);
#1541 = CARTESIAN_POINT('',(-0.1,-2.24,-2.5));
#1542 = LINE('',#1543,#1544);
#1543 = CARTESIAN_POINT('',(-0.1,-2.24,0.2));
#1544 = VECTOR('',#1545,1.);
#1545 = DIRECTION('',(0.,0.,-1.));
#1546 = ORIENTED_EDGE('',*,*,#1547,.T.);
#1547 = EDGE_CURVE('',#1540,#1548,#1550,.T.);
#1548 = VERTEX_POINT('',#1549);
#1549 = CARTESIAN_POINT('',(-0.1,-2.39,-3.1));
#1550 = LINE('',#1551,#1552);
#1551 = CARTESIAN_POINT('',(-0.1,-2.24,-2.5));
#1552 = VECTOR('',#1553,1.);
#1553 = DIRECTION('',(-2.692686352073E-17,-0.242535625036,
    -0.970142500145));
#1554 = ORIENTED_EDGE('',*,*,#1555,.F.);
#1555 = EDGE_CURVE('',#1556,#1548,#1558,.T.);
#1556 = VERTEX_POINT('',#1557);
#1557 = CARTESIAN_POINT('',(-0.1,-2.69,-3.1));
#1558 = LINE('',#1559,#1560);
#1559 = CARTESIAN_POINT('',(-0.1,-2.69,-3.1));
#1560 = VECTOR('',#1561,1.);
#1561 = DIRECTION('',(1.110223024625E-16,1.,0.));
#1562 = ORIENTED_EDGE('',*,*,#1563,.T.);
#1563 = EDGE_CURVE('',#1556,#1531,#1564,.T.);
#1564 = LINE('',#1565,#1566);
#1565 = CARTESIAN_POINT('',(-0.1,-2.69,-3.1));
#1566 = VECTOR('',#1567,1.);
#1567 = DIRECTION('',(-2.692686352073E-17,-0.242535625036,0.970142500145
    ));
#1568 = PLANE('',#1569);
#1569 = AXIS2_PLACEMENT_3D('',#1570,#1571,#1572);
#1570 = CARTESIAN_POINT('',(-0.1,-2.54,3.911477598424));
#1571 = DIRECTION('',(-1.,1.110223024625E-16,0.));
#1572 = DIRECTION('',(0.,0.,1.));
#1573 = ADVANCED_FACE('',(#1574),#1585,.T.);
#1574 = FACE_BOUND('',#1575,.T.);
#1575 = EDGE_LOOP('',(#1576,#1577,#1578,#1584));
#1576 = ORIENTED_EDGE('',*,*,#1161,.F.);
#1577 = ORIENTED_EDGE('',*,*,#1171,.T.);
#1578 = ORIENTED_EDGE('',*,*,#1579,.T.);
#1579 = EDGE_CURVE('',#1172,#1212,#1580,.T.);
#1580 = LINE('',#1581,#1582);
#1581 = CARTESIAN_POINT('',(-0.1,-0.3,0.2));
#1582 = VECTOR('',#1583,1.);
#1583 = DIRECTION('',(1.,-1.110223024625E-16,0.));
#1584 = ORIENTED_EDGE('',*,*,#1219,.T.);
#1585 = PLANE('',#1586);
#1586 = AXIS2_PLACEMENT_3D('',#1587,#1588,#1589);
#1587 = CARTESIAN_POINT('',(-0.1,-0.3,0.2));
#1588 = DIRECTION('',(0.,-0.,-1.));
#1589 = DIRECTION('',(-1.110223024625E-16,-1.,0.));
#1590 = ADVANCED_FACE('',(#1591),#1632,.F.);
#1591 = FACE_BOUND('',#1592,.F.);
#1592 = EDGE_LOOP('',(#1593,#1601,#1602,#1610,#1618,#1626));
#1593 = ORIENTED_EDGE('',*,*,#1594,.T.);
#1594 = EDGE_CURVE('',#1595,#1212,#1597,.T.);
#1595 = VERTEX_POINT('',#1596);
#1596 = CARTESIAN_POINT('',(0.1,-0.3,-2.5));
#1597 = LINE('',#1598,#1599);
#1598 = CARTESIAN_POINT('',(0.1,-0.3,-2.5));
#1599 = VECTOR('',#1600,1.);
#1600 = DIRECTION('',(0.,0.,1.));
#1601 = ORIENTED_EDGE('',*,*,#1211,.F.);
#1602 = ORIENTED_EDGE('',*,*,#1603,.T.);
#1603 = EDGE_CURVE('',#1204,#1604,#1606,.T.);
#1604 = VERTEX_POINT('',#1605);
#1605 = CARTESIAN_POINT('',(0.1,0.3,-2.5));
#1606 = LINE('',#1607,#1608);
#1607 = CARTESIAN_POINT('',(0.1,0.3,0.2));
#1608 = VECTOR('',#1609,1.);
#1609 = DIRECTION('',(0.,0.,-1.));
#1610 = ORIENTED_EDGE('',*,*,#1611,.T.);
#1611 = EDGE_CURVE('',#1604,#1612,#1614,.T.);
#1612 = VERTEX_POINT('',#1613);
#1613 = CARTESIAN_POINT('',(0.1,0.15,-3.1));
#1614 = LINE('',#1615,#1616);
#1615 = CARTESIAN_POINT('',(0.1,0.3,-2.5));
#1616 = VECTOR('',#1617,1.);
#1617 = DIRECTION('',(-2.692686352073E-17,-0.242535625036,
    -0.970142500145));
#1618 = ORIENTED_EDGE('',*,*,#1619,.T.);
#1619 = EDGE_CURVE('',#1612,#1620,#1622,.T.);
#1620 = VERTEX_POINT('',#1621);
#1621 = CARTESIAN_POINT('',(0.1,-0.15,-3.1));
#1622 = LINE('',#1623,#1624);
#1623 = CARTESIAN_POINT('',(0.1,0.15,-3.1));
#1624 = VECTOR('',#1625,1.);
#1625 = DIRECTION('',(-1.110223024625E-16,-1.,0.));
#1626 = ORIENTED_EDGE('',*,*,#1627,.T.);
#1627 = EDGE_CURVE('',#1620,#1595,#1628,.T.);
#1628 = LINE('',#1629,#1630);
#1629 = CARTESIAN_POINT('',(0.1,-0.15,-3.1));
#1630 = VECTOR('',#1631,1.);
#1631 = DIRECTION('',(-2.692686352073E-17,-0.242535625036,0.970142500145
    ));
#1632 = PLANE('',#1633);
#1633 = AXIS2_PLACEMENT_3D('',#1634,#1635,#1636);
#1634 = CARTESIAN_POINT('',(0.1,-1.110223024625E-17,3.911477598424));
#1635 = DIRECTION('',(-1.,1.110223024625E-16,0.));
#1636 = DIRECTION('',(0.,0.,1.));
#1637 = ADVANCED_FACE('',(#1638),#1649,.T.);
#1638 = FACE_BOUND('',#1639,.T.);
#1639 = EDGE_LOOP('',(#1640,#1646,#1647,#1648));
#1640 = ORIENTED_EDGE('',*,*,#1641,.F.);
#1641 = EDGE_CURVE('',#1180,#1204,#1642,.T.);
#1642 = LINE('',#1643,#1644);
#1643 = CARTESIAN_POINT('',(-0.1,0.3,0.2));
#1644 = VECTOR('',#1645,1.);
#1645 = DIRECTION('',(1.,-1.110223024625E-16,0.));
#1646 = ORIENTED_EDGE('',*,*,#1187,.T.);
#1647 = ORIENTED_EDGE('',*,*,#1195,.T.);
#1648 = ORIENTED_EDGE('',*,*,#1203,.T.);
#1649 = PLANE('',#1650);
#1650 = AXIS2_PLACEMENT_3D('',#1651,#1652,#1653);
#1651 = CARTESIAN_POINT('',(-0.1,-0.3,0.2));
#1652 = DIRECTION('',(0.,-0.,-1.));
#1653 = DIRECTION('',(-1.110223024625E-16,-1.,0.));
#1654 = ADVANCED_FACE('',(#1655),#1696,.T.);
#1655 = FACE_BOUND('',#1656,.T.);
#1656 = EDGE_LOOP('',(#1657,#1665,#1666,#1674,#1682,#1690));
#1657 = ORIENTED_EDGE('',*,*,#1658,.T.);
#1658 = EDGE_CURVE('',#1659,#1172,#1661,.T.);
#1659 = VERTEX_POINT('',#1660);
#1660 = CARTESIAN_POINT('',(-0.1,-0.3,-2.5));
#1661 = LINE('',#1662,#1663);
#1662 = CARTESIAN_POINT('',(-0.1,-0.3,-2.5));
#1663 = VECTOR('',#1664,1.);
#1664 = DIRECTION('',(0.,0.,1.));
#1665 = ORIENTED_EDGE('',*,*,#1179,.F.);
#1666 = ORIENTED_EDGE('',*,*,#1667,.T.);
#1667 = EDGE_CURVE('',#1180,#1668,#1670,.T.);
#1668 = VERTEX_POINT('',#1669);
#1669 = CARTESIAN_POINT('',(-0.1,0.3,-2.5));
#1670 = LINE('',#1671,#1672);
#1671 = CARTESIAN_POINT('',(-0.1,0.3,0.2));
#1672 = VECTOR('',#1673,1.);
#1673 = DIRECTION('',(0.,0.,-1.));
#1674 = ORIENTED_EDGE('',*,*,#1675,.T.);
#1675 = EDGE_CURVE('',#1668,#1676,#1678,.T.);
#1676 = VERTEX_POINT('',#1677);
#1677 = CARTESIAN_POINT('',(-0.1,0.15,-3.1));
#1678 = LINE('',#1679,#1680);
#1679 = CARTESIAN_POINT('',(-0.1,0.3,-2.5));
#1680 = VECTOR('',#1681,1.);
#1681 = DIRECTION('',(-2.692686352073E-17,-0.242535625036,
    -0.970142500145));
#1682 = ORIENTED_EDGE('',*,*,#1683,.F.);
#1683 = EDGE_CURVE('',#1684,#1676,#1686,.T.);
#1684 = VERTEX_POINT('',#1685);
#1685 = CARTESIAN_POINT('',(-0.1,-0.15,-3.1));
#1686 = LINE('',#1687,#1688);
#1687 = CARTESIAN_POINT('',(-0.1,-0.15,-3.1));
#1688 = VECTOR('',#1689,1.);
#1689 = DIRECTION('',(1.110223024625E-16,1.,0.));
#1690 = ORIENTED_EDGE('',*,*,#1691,.T.);
#1691 = EDGE_CURVE('',#1684,#1659,#1692,.T.);
#1692 = LINE('',#1693,#1694);
#1693 = CARTESIAN_POINT('',(-0.1,-0.15,-3.1));
#1694 = VECTOR('',#1695,1.);
#1695 = DIRECTION('',(-2.692686352073E-17,-0.242535625036,0.970142500145
    ));
#1696 = PLANE('',#1697);
#1697 = AXIS2_PLACEMENT_3D('',#1698,#1699,#1700);
#1698 = CARTESIAN_POINT('',(-0.1,1.110223024625E-17,3.911477598424));
#1699 = DIRECTION('',(-1.,1.110223024625E-16,0.));
#1700 = DIRECTION('',(0.,0.,1.));
#1701 = ADVANCED_FACE('',(#1702),#1727,.F.);
#1702 = FACE_BOUND('',#1703,.F.);
#1703 = EDGE_LOOP('',(#1704,#1712,#1720,#1726));
#1704 = ORIENTED_EDGE('',*,*,#1705,.T.);
#1705 = EDGE_CURVE('',#1258,#1706,#1708,.T.);
#1706 = VERTEX_POINT('',#1707);
#1707 = CARTESIAN_POINT('',(0.3,-2.84,0.9));
#1708 = LINE('',#1709,#1710);
#1709 = CARTESIAN_POINT('',(0.3,-2.84,8.2));
#1710 = VECTOR('',#1711,1.);
#1711 = DIRECTION('',(0.,-0.,-1.));
#1712 = ORIENTED_EDGE('',*,*,#1713,.T.);
#1713 = EDGE_CURVE('',#1706,#1714,#1716,.T.);
#1714 = VERTEX_POINT('',#1715);
#1715 = CARTESIAN_POINT('',(0.3,-2.24,0.9));
#1716 = LINE('',#1717,#1718);
#1717 = CARTESIAN_POINT('',(0.3,-2.84,0.9));
#1718 = VECTOR('',#1719,1.);
#1719 = DIRECTION('',(1.110223024625E-16,1.,0.));
#1720 = ORIENTED_EDGE('',*,*,#1721,.F.);
#1721 = EDGE_CURVE('',#1267,#1714,#1722,.T.);
#1722 = LINE('',#1723,#1724);
#1723 = CARTESIAN_POINT('',(0.3,-2.24,8.2));
#1724 = VECTOR('',#1725,1.);
#1725 = DIRECTION('',(0.,-0.,-1.));
#1726 = ORIENTED_EDGE('',*,*,#1274,.F.);
#1727 = PLANE('',#1728);
#1728 = AXIS2_PLACEMENT_3D('',#1729,#1730,#1731);
#1729 = CARTESIAN_POINT('',(0.3,-2.84,8.2));
#1730 = DIRECTION('',(1.,-1.110223024625E-16,0.));
#1731 = DIRECTION('',(1.110223024625E-16,1.,0.));
#1732 = ADVANCED_FACE('',(#1733),#1783,.F.);
#1733 = FACE_BOUND('',#1734,.F.);
#1734 = EDGE_LOOP('',(#1735,#1736,#1737,#1745,#1753,#1761,#1769,#1777));
#1735 = ORIENTED_EDGE('',*,*,#1298,.F.);
#1736 = ORIENTED_EDGE('',*,*,#1721,.T.);
#1737 = ORIENTED_EDGE('',*,*,#1738,.T.);
#1738 = EDGE_CURVE('',#1714,#1739,#1741,.T.);
#1739 = VERTEX_POINT('',#1740);
#1740 = CARTESIAN_POINT('',(0.1,-2.24,0.9));
#1741 = LINE('',#1742,#1743);
#1742 = CARTESIAN_POINT('',(0.3,-2.24,0.9));
#1743 = VECTOR('',#1744,1.);
#1744 = DIRECTION('',(-1.,1.110223024625E-16,0.));
#1745 = ORIENTED_EDGE('',*,*,#1746,.T.);
#1746 = EDGE_CURVE('',#1739,#1747,#1749,.T.);
#1747 = VERTEX_POINT('',#1748);
#1748 = CARTESIAN_POINT('',(0.1,-2.24,7.4));
#1749 = LINE('',#1750,#1751);
#1750 = CARTESIAN_POINT('',(0.1,-2.24,6.055738799212));
#1751 = VECTOR('',#1752,1.);
#1752 = DIRECTION('',(0.,-0.,1.));
#1753 = ORIENTED_EDGE('',*,*,#1754,.F.);
#1754 = EDGE_CURVE('',#1755,#1747,#1757,.T.);
#1755 = VERTEX_POINT('',#1756);
#1756 = CARTESIAN_POINT('',(-0.1,-2.24,7.4));
#1757 = LINE('',#1758,#1759);
#1758 = CARTESIAN_POINT('',(-0.1,-2.24,7.4));
#1759 = VECTOR('',#1760,1.);
#1760 = DIRECTION('',(1.,-1.110223024625E-16,0.));
#1761 = ORIENTED_EDGE('',*,*,#1762,.F.);
#1762 = EDGE_CURVE('',#1763,#1755,#1765,.T.);
#1763 = VERTEX_POINT('',#1764);
#1764 = CARTESIAN_POINT('',(-0.1,-2.24,0.9));
#1765 = LINE('',#1766,#1767);
#1766 = CARTESIAN_POINT('',(-0.1,-2.24,6.055738799212));
#1767 = VECTOR('',#1768,1.);
#1768 = DIRECTION('',(0.,-0.,1.));
#1769 = ORIENTED_EDGE('',*,*,#1770,.T.);
#1770 = EDGE_CURVE('',#1763,#1771,#1773,.T.);
#1771 = VERTEX_POINT('',#1772);
#1772 = CARTESIAN_POINT('',(-0.3,-2.24,0.9));
#1773 = LINE('',#1774,#1775);
#1774 = CARTESIAN_POINT('',(0.3,-2.24,0.9));
#1775 = VECTOR('',#1776,1.);
#1776 = DIRECTION('',(-1.,1.110223024625E-16,0.));
#1777 = ORIENTED_EDGE('',*,*,#1778,.F.);
#1778 = EDGE_CURVE('',#1291,#1771,#1779,.T.);
#1779 = LINE('',#1780,#1781);
#1780 = CARTESIAN_POINT('',(-0.3,-2.24,8.2));
#1781 = VECTOR('',#1782,1.);
#1782 = DIRECTION('',(0.,-0.,-1.));
#1783 = PLANE('',#1784);
#1784 = AXIS2_PLACEMENT_3D('',#1785,#1786,#1787);
#1785 = CARTESIAN_POINT('',(0.3,-2.24,8.2));
#1786 = DIRECTION('',(1.110223024625E-16,1.,0.));
#1787 = DIRECTION('',(-1.,1.110223024625E-16,0.));
#1788 = ADVANCED_FACE('',(#1789),#1807,.F.);
#1789 = FACE_BOUND('',#1790,.F.);
#1790 = EDGE_LOOP('',(#1791,#1792,#1800,#1806));
#1791 = ORIENTED_EDGE('',*,*,#1778,.T.);
#1792 = ORIENTED_EDGE('',*,*,#1793,.T.);
#1793 = EDGE_CURVE('',#1771,#1794,#1796,.T.);
#1794 = VERTEX_POINT('',#1795);
#1795 = CARTESIAN_POINT('',(-0.3,-2.84,0.9));
#1796 = LINE('',#1797,#1798);
#1797 = CARTESIAN_POINT('',(-0.3,-2.24,0.9));
#1798 = VECTOR('',#1799,1.);
#1799 = DIRECTION('',(-1.110223024625E-16,-1.,0.));
#1800 = ORIENTED_EDGE('',*,*,#1801,.F.);
#1801 = EDGE_CURVE('',#1315,#1794,#1802,.T.);
#1802 = LINE('',#1803,#1804);
#1803 = CARTESIAN_POINT('',(-0.3,-2.84,8.2));
#1804 = VECTOR('',#1805,1.);
#1805 = DIRECTION('',(0.,-0.,-1.));
#1806 = ORIENTED_EDGE('',*,*,#1322,.F.);
#1807 = PLANE('',#1808);
#1808 = AXIS2_PLACEMENT_3D('',#1809,#1810,#1811);
#1809 = CARTESIAN_POINT('',(-0.3,-2.24,8.2));
#1810 = DIRECTION('',(-1.,1.110223024625E-16,0.));
#1811 = DIRECTION('',(-1.110223024625E-16,-1.,0.));
#1812 = ADVANCED_FACE('',(#1813),#1856,.F.);
#1813 = FACE_BOUND('',#1814,.F.);
#1814 = EDGE_LOOP('',(#1815,#1816,#1817,#1825,#1833,#1841,#1849,#1855));
#1815 = ORIENTED_EDGE('',*,*,#1339,.F.);
#1816 = ORIENTED_EDGE('',*,*,#1801,.T.);
#1817 = ORIENTED_EDGE('',*,*,#1818,.T.);
#1818 = EDGE_CURVE('',#1794,#1819,#1821,.T.);
#1819 = VERTEX_POINT('',#1820);
#1820 = CARTESIAN_POINT('',(-0.1,-2.84,0.9));
#1821 = LINE('',#1822,#1823);
#1822 = CARTESIAN_POINT('',(-0.3,-2.84,0.9));
#1823 = VECTOR('',#1824,1.);
#1824 = DIRECTION('',(1.,-1.110223024625E-16,0.));
#1825 = ORIENTED_EDGE('',*,*,#1826,.F.);
#1826 = EDGE_CURVE('',#1827,#1819,#1829,.T.);
#1827 = VERTEX_POINT('',#1828);
#1828 = CARTESIAN_POINT('',(-0.1,-2.84,7.4));
#1829 = LINE('',#1830,#1831);
#1830 = CARTESIAN_POINT('',(-0.1,-2.84,6.055738799212));
#1831 = VECTOR('',#1832,1.);
#1832 = DIRECTION('',(-0.,0.,-1.));
#1833 = ORIENTED_EDGE('',*,*,#1834,.T.);
#1834 = EDGE_CURVE('',#1827,#1835,#1837,.T.);
#1835 = VERTEX_POINT('',#1836);
#1836 = CARTESIAN_POINT('',(0.1,-2.84,7.4));
#1837 = LINE('',#1838,#1839);
#1838 = CARTESIAN_POINT('',(-0.1,-2.84,7.4));
#1839 = VECTOR('',#1840,1.);
#1840 = DIRECTION('',(1.,-1.110223024625E-16,0.));
#1841 = ORIENTED_EDGE('',*,*,#1842,.T.);
#1842 = EDGE_CURVE('',#1835,#1843,#1845,.T.);
#1843 = VERTEX_POINT('',#1844);
#1844 = CARTESIAN_POINT('',(0.1,-2.84,0.9));
#1845 = LINE('',#1846,#1847);
#1846 = CARTESIAN_POINT('',(0.1,-2.84,6.055738799212));
#1847 = VECTOR('',#1848,1.);
#1848 = DIRECTION('',(-0.,0.,-1.));
#1849 = ORIENTED_EDGE('',*,*,#1850,.T.);
#1850 = EDGE_CURVE('',#1843,#1706,#1851,.T.);
#1851 = LINE('',#1852,#1853);
#1852 = CARTESIAN_POINT('',(-0.3,-2.84,0.9));
#1853 = VECTOR('',#1854,1.);
#1854 = DIRECTION('',(1.,-1.110223024625E-16,0.));
#1855 = ORIENTED_EDGE('',*,*,#1705,.F.);
#1856 = PLANE('',#1857);
#1857 = AXIS2_PLACEMENT_3D('',#1858,#1859,#1860);
#1858 = CARTESIAN_POINT('',(-0.3,-2.84,8.2));
#1859 = DIRECTION('',(-1.110223024625E-16,-1.,0.));
#1860 = DIRECTION('',(1.,-1.110223024625E-16,0.));
#1861 = ADVANCED_FACE('',(#1862),#1887,.F.);
#1862 = FACE_BOUND('',#1863,.F.);
#1863 = EDGE_LOOP('',(#1864,#1872,#1880,#1886));
#1864 = ORIENTED_EDGE('',*,*,#1865,.T.);
#1865 = EDGE_CURVE('',#1354,#1866,#1868,.T.);
#1866 = VERTEX_POINT('',#1867);
#1867 = CARTESIAN_POINT('',(0.3,-0.3,0.9));
#1868 = LINE('',#1869,#1870);
#1869 = CARTESIAN_POINT('',(0.3,-0.3,8.2));
#1870 = VECTOR('',#1871,1.);
#1871 = DIRECTION('',(0.,-0.,-1.));
#1872 = ORIENTED_EDGE('',*,*,#1873,.T.);
#1873 = EDGE_CURVE('',#1866,#1874,#1876,.T.);
#1874 = VERTEX_POINT('',#1875);
#1875 = CARTESIAN_POINT('',(0.3,0.3,0.9));
#1876 = LINE('',#1877,#1878);
#1877 = CARTESIAN_POINT('',(0.3,-0.3,0.9));
#1878 = VECTOR('',#1879,1.);
#1879 = DIRECTION('',(1.110223024625E-16,1.,0.));
#1880 = ORIENTED_EDGE('',*,*,#1881,.F.);
#1881 = EDGE_CURVE('',#1363,#1874,#1882,.T.);
#1882 = LINE('',#1883,#1884);
#1883 = CARTESIAN_POINT('',(0.3,0.3,8.2));
#1884 = VECTOR('',#1885,1.);
#1885 = DIRECTION('',(0.,-0.,-1.));
#1886 = ORIENTED_EDGE('',*,*,#1370,.F.);
#1887 = PLANE('',#1888);
#1888 = AXIS2_PLACEMENT_3D('',#1889,#1890,#1891);
#1889 = CARTESIAN_POINT('',(0.3,-0.3,8.2));
#1890 = DIRECTION('',(1.,-1.110223024625E-16,0.));
#1891 = DIRECTION('',(1.110223024625E-16,1.,0.));
#1892 = ADVANCED_FACE('',(#1893),#1943,.F.);
#1893 = FACE_BOUND('',#1894,.F.);
#1894 = EDGE_LOOP('',(#1895,#1896,#1897,#1905,#1913,#1921,#1929,#1937));
#1895 = ORIENTED_EDGE('',*,*,#1394,.F.);
#1896 = ORIENTED_EDGE('',*,*,#1881,.T.);
#1897 = ORIENTED_EDGE('',*,*,#1898,.T.);
#1898 = EDGE_CURVE('',#1874,#1899,#1901,.T.);
#1899 = VERTEX_POINT('',#1900);
#1900 = CARTESIAN_POINT('',(0.1,0.3,0.9));
#1901 = LINE('',#1902,#1903);
#1902 = CARTESIAN_POINT('',(0.3,0.3,0.9));
#1903 = VECTOR('',#1904,1.);
#1904 = DIRECTION('',(-1.,1.110223024625E-16,0.));
#1905 = ORIENTED_EDGE('',*,*,#1906,.T.);
#1906 = EDGE_CURVE('',#1899,#1907,#1909,.T.);
#1907 = VERTEX_POINT('',#1908);
#1908 = CARTESIAN_POINT('',(0.1,0.3,7.4));
#1909 = LINE('',#1910,#1911);
#1910 = CARTESIAN_POINT('',(0.1,0.3,6.055738799212));
#1911 = VECTOR('',#1912,1.);
#1912 = DIRECTION('',(0.,-0.,1.));
#1913 = ORIENTED_EDGE('',*,*,#1914,.F.);
#1914 = EDGE_CURVE('',#1915,#1907,#1917,.T.);
#1915 = VERTEX_POINT('',#1916);
#1916 = CARTESIAN_POINT('',(-0.1,0.3,7.4));
#1917 = LINE('',#1918,#1919);
#1918 = CARTESIAN_POINT('',(-0.1,0.3,7.4));
#1919 = VECTOR('',#1920,1.);
#1920 = DIRECTION('',(1.,-1.110223024625E-16,0.));
#1921 = ORIENTED_EDGE('',*,*,#1922,.F.);
#1922 = EDGE_CURVE('',#1923,#1915,#1925,.T.);
#1923 = VERTEX_POINT('',#1924);
#1924 = CARTESIAN_POINT('',(-0.1,0.3,0.9));
#1925 = LINE('',#1926,#1927);
#1926 = CARTESIAN_POINT('',(-0.1,0.3,6.055738799212));
#1927 = VECTOR('',#1928,1.);
#1928 = DIRECTION('',(0.,-0.,1.));
#1929 = ORIENTED_EDGE('',*,*,#1930,.T.);
#1930 = EDGE_CURVE('',#1923,#1931,#1933,.T.);
#1931 = VERTEX_POINT('',#1932);
#1932 = CARTESIAN_POINT('',(-0.3,0.3,0.9));
#1933 = LINE('',#1934,#1935);
#1934 = CARTESIAN_POINT('',(0.3,0.3,0.9));
#1935 = VECTOR('',#1936,1.);
#1936 = DIRECTION('',(-1.,1.110223024625E-16,0.));
#1937 = ORIENTED_EDGE('',*,*,#1938,.F.);
#1938 = EDGE_CURVE('',#1387,#1931,#1939,.T.);
#1939 = LINE('',#1940,#1941);
#1940 = CARTESIAN_POINT('',(-0.3,0.3,8.2));
#1941 = VECTOR('',#1942,1.);
#1942 = DIRECTION('',(0.,-0.,-1.));
#1943 = PLANE('',#1944);
#1944 = AXIS2_PLACEMENT_3D('',#1945,#1946,#1947);
#1945 = CARTESIAN_POINT('',(0.3,0.3,8.2));
#1946 = DIRECTION('',(1.110223024625E-16,1.,0.));
#1947 = DIRECTION('',(-1.,1.110223024625E-16,0.));
#1948 = ADVANCED_FACE('',(#1949),#1967,.F.);
#1949 = FACE_BOUND('',#1950,.F.);
#1950 = EDGE_LOOP('',(#1951,#1952,#1960,#1966));
#1951 = ORIENTED_EDGE('',*,*,#1938,.T.);
#1952 = ORIENTED_EDGE('',*,*,#1953,.T.);
#1953 = EDGE_CURVE('',#1931,#1954,#1956,.T.);
#1954 = VERTEX_POINT('',#1955);
#1955 = CARTESIAN_POINT('',(-0.3,-0.3,0.9));
#1956 = LINE('',#1957,#1958);
#1957 = CARTESIAN_POINT('',(-0.3,0.3,0.9));
#1958 = VECTOR('',#1959,1.);
#1959 = DIRECTION('',(-1.110223024625E-16,-1.,0.));
#1960 = ORIENTED_EDGE('',*,*,#1961,.F.);
#1961 = EDGE_CURVE('',#1411,#1954,#1962,.T.);
#1962 = LINE('',#1963,#1964);
#1963 = CARTESIAN_POINT('',(-0.3,-0.3,8.2));
#1964 = VECTOR('',#1965,1.);
#1965 = DIRECTION('',(0.,-0.,-1.));
#1966 = ORIENTED_EDGE('',*,*,#1418,.F.);
#1967 = PLANE('',#1968);
#1968 = AXIS2_PLACEMENT_3D('',#1969,#1970,#1971);
#1969 = CARTESIAN_POINT('',(-0.3,0.3,8.2));
#1970 = DIRECTION('',(-1.,1.110223024625E-16,0.));
#1971 = DIRECTION('',(-1.110223024625E-16,-1.,0.));
#1972 = ADVANCED_FACE('',(#1973),#2016,.F.);
#1973 = FACE_BOUND('',#1974,.F.);
#1974 = EDGE_LOOP('',(#1975,#1976,#1977,#1985,#1993,#2001,#2009,#2015));
#1975 = ORIENTED_EDGE('',*,*,#1435,.F.);
#1976 = ORIENTED_EDGE('',*,*,#1961,.T.);
#1977 = ORIENTED_EDGE('',*,*,#1978,.T.);
#1978 = EDGE_CURVE('',#1954,#1979,#1981,.T.);
#1979 = VERTEX_POINT('',#1980);
#1980 = CARTESIAN_POINT('',(-0.1,-0.3,0.9));
#1981 = LINE('',#1982,#1983);
#1982 = CARTESIAN_POINT('',(-0.3,-0.3,0.9));
#1983 = VECTOR('',#1984,1.);
#1984 = DIRECTION('',(1.,-1.110223024625E-16,0.));
#1985 = ORIENTED_EDGE('',*,*,#1986,.F.);
#1986 = EDGE_CURVE('',#1987,#1979,#1989,.T.);
#1987 = VERTEX_POINT('',#1988);
#1988 = CARTESIAN_POINT('',(-0.1,-0.3,7.4));
#1989 = LINE('',#1990,#1991);
#1990 = CARTESIAN_POINT('',(-0.1,-0.3,6.055738799212));
#1991 = VECTOR('',#1992,1.);
#1992 = DIRECTION('',(-0.,0.,-1.));
#1993 = ORIENTED_EDGE('',*,*,#1994,.T.);
#1994 = EDGE_CURVE('',#1987,#1995,#1997,.T.);
#1995 = VERTEX_POINT('',#1996);
#1996 = CARTESIAN_POINT('',(0.1,-0.3,7.4));
#1997 = LINE('',#1998,#1999);
#1998 = CARTESIAN_POINT('',(-0.1,-0.3,7.4));
#1999 = VECTOR('',#2000,1.);
#2000 = DIRECTION('',(1.,-1.110223024625E-16,0.));
#2001 = ORIENTED_EDGE('',*,*,#2002,.T.);
#2002 = EDGE_CURVE('',#1995,#2003,#2005,.T.);
#2003 = VERTEX_POINT('',#2004);
#2004 = CARTESIAN_POINT('',(0.1,-0.3,0.9));
#2005 = LINE('',#2006,#2007);
#2006 = CARTESIAN_POINT('',(0.1,-0.3,6.055738799212));
#2007 = VECTOR('',#2008,1.);
#2008 = DIRECTION('',(-0.,0.,-1.));
#2009 = ORIENTED_EDGE('',*,*,#2010,.T.);
#2010 = EDGE_CURVE('',#2003,#1866,#2011,.T.);
#2011 = LINE('',#2012,#2013);
#2012 = CARTESIAN_POINT('',(-0.3,-0.3,0.9));
#2013 = VECTOR('',#2014,1.);
#2014 = DIRECTION('',(1.,-1.110223024625E-16,0.));
#2015 = ORIENTED_EDGE('',*,*,#1865,.F.);
#2016 = PLANE('',#2017);
#2017 = AXIS2_PLACEMENT_3D('',#2018,#2019,#2020);
#2018 = CARTESIAN_POINT('',(-0.3,-0.3,8.2));
#2019 = DIRECTION('',(-1.110223024625E-16,-1.,0.));
#2020 = DIRECTION('',(1.,-1.110223024625E-16,0.));
#2021 = ADVANCED_FACE('',(#2022),#2033,.T.);
#2022 = FACE_BOUND('',#2023,.T.);
#2023 = EDGE_LOOP('',(#2024,#2030,#2031,#2032));
#2024 = ORIENTED_EDGE('',*,*,#2025,.T.);
#2025 = EDGE_CURVE('',#1531,#1467,#2026,.T.);
#2026 = LINE('',#2027,#2028);
#2027 = CARTESIAN_POINT('',(-0.1,-2.84,-2.5));
#2028 = VECTOR('',#2029,1.);
#2029 = DIRECTION('',(1.,-1.110223024625E-16,0.));
#2030 = ORIENTED_EDGE('',*,*,#1466,.T.);
#2031 = ORIENTED_EDGE('',*,*,#1451,.F.);
#2032 = ORIENTED_EDGE('',*,*,#1530,.F.);
#2033 = PLANE('',#2034);
#2034 = AXIS2_PLACEMENT_3D('',#2035,#2036,#2037);
#2035 = CARTESIAN_POINT('',(-0.1,-2.84,-2.5));
#2036 = DIRECTION('',(-1.110223024625E-16,-1.,0.));
#2037 = DIRECTION('',(0.,0.,1.));
#2038 = ADVANCED_FACE('',(#2039),#2050,.T.);
#2039 = FACE_BOUND('',#2040,.T.);
#2040 = EDGE_LOOP('',(#2041,#2047,#2048,#2049));
#2041 = ORIENTED_EDGE('',*,*,#2042,.T.);
#2042 = EDGE_CURVE('',#1556,#1492,#2043,.T.);
#2043 = LINE('',#2044,#2045);
#2044 = CARTESIAN_POINT('',(-0.1,-2.69,-3.1));
#2045 = VECTOR('',#2046,1.);
#2046 = DIRECTION('',(1.,-1.110223024625E-16,0.));
#2047 = ORIENTED_EDGE('',*,*,#1499,.T.);
#2048 = ORIENTED_EDGE('',*,*,#2025,.F.);
#2049 = ORIENTED_EDGE('',*,*,#1563,.F.);
#2050 = PLANE('',#2051);
#2051 = AXIS2_PLACEMENT_3D('',#2052,#2053,#2054);
#2052 = CARTESIAN_POINT('',(-0.1,-2.69,-3.1));
#2053 = DIRECTION('',(-1.077074540829E-16,-0.970142500145,
    -0.242535625036));
#2054 = DIRECTION('',(-2.692686352073E-17,-0.242535625036,0.970142500145
    ));
#2055 = ADVANCED_FACE('',(#2056),#2067,.T.);
#2056 = FACE_BOUND('',#2057,.T.);
#2057 = EDGE_LOOP('',(#2058,#2064,#2065,#2066));
#2058 = ORIENTED_EDGE('',*,*,#2059,.T.);
#2059 = EDGE_CURVE('',#1548,#1484,#2060,.T.);
#2060 = LINE('',#2061,#2062);
#2061 = CARTESIAN_POINT('',(-0.1,-2.39,-3.1));
#2062 = VECTOR('',#2063,1.);
#2063 = DIRECTION('',(1.,-1.110223024625E-16,0.));
#2064 = ORIENTED_EDGE('',*,*,#1491,.T.);
#2065 = ORIENTED_EDGE('',*,*,#2042,.F.);
#2066 = ORIENTED_EDGE('',*,*,#1555,.T.);
#2067 = PLANE('',#2068);
#2068 = AXIS2_PLACEMENT_3D('',#2069,#2070,#2071);
#2069 = CARTESIAN_POINT('',(-0.1,-2.39,-3.1));
#2070 = DIRECTION('',(0.,-0.,-1.));
#2071 = DIRECTION('',(-1.110223024625E-16,-1.,0.));
#2072 = ADVANCED_FACE('',(#2073),#2084,.T.);
#2073 = FACE_BOUND('',#2074,.T.);
#2074 = EDGE_LOOP('',(#2075,#2081,#2082,#2083));
#2075 = ORIENTED_EDGE('',*,*,#2076,.T.);
#2076 = EDGE_CURVE('',#1540,#1476,#2077,.T.);
#2077 = LINE('',#2078,#2079);
#2078 = CARTESIAN_POINT('',(-0.1,-2.24,-2.5));
#2079 = VECTOR('',#2080,1.);
#2080 = DIRECTION('',(1.,-1.110223024625E-16,0.));
#2081 = ORIENTED_EDGE('',*,*,#1483,.T.);
#2082 = ORIENTED_EDGE('',*,*,#2059,.F.);
#2083 = ORIENTED_EDGE('',*,*,#1547,.F.);
#2084 = PLANE('',#2085);
#2085 = AXIS2_PLACEMENT_3D('',#2086,#2087,#2088);
#2086 = CARTESIAN_POINT('',(-0.1,-2.24,-2.5));
#2087 = DIRECTION('',(1.077074540829E-16,0.970142500145,-0.242535625036)
  );
#2088 = DIRECTION('',(-2.692686352073E-17,-0.242535625036,
    -0.970142500145));
#2089 = ADVANCED_FACE('',(#2090),#2096,.T.);
#2090 = FACE_BOUND('',#2091,.T.);
#2091 = EDGE_LOOP('',(#2092,#2093,#2094,#2095));
#2092 = ORIENTED_EDGE('',*,*,#1513,.T.);
#2093 = ORIENTED_EDGE('',*,*,#1475,.T.);
#2094 = ORIENTED_EDGE('',*,*,#2076,.F.);
#2095 = ORIENTED_EDGE('',*,*,#1539,.F.);
#2096 = PLANE('',#2097);
#2097 = AXIS2_PLACEMENT_3D('',#2098,#2099,#2100);
#2098 = CARTESIAN_POINT('',(-0.1,-2.24,0.2));
#2099 = DIRECTION('',(1.110223024625E-16,1.,0.));
#2100 = DIRECTION('',(0.,0.,-1.));
#2101 = ADVANCED_FACE('',(#2102),#2113,.T.);
#2102 = FACE_BOUND('',#2103,.T.);
#2103 = EDGE_LOOP('',(#2104,#2110,#2111,#2112));
#2104 = ORIENTED_EDGE('',*,*,#2105,.T.);
#2105 = EDGE_CURVE('',#1659,#1595,#2106,.T.);
#2106 = LINE('',#2107,#2108);
#2107 = CARTESIAN_POINT('',(-0.1,-0.3,-2.5));
#2108 = VECTOR('',#2109,1.);
#2109 = DIRECTION('',(1.,-1.110223024625E-16,0.));
#2110 = ORIENTED_EDGE('',*,*,#1594,.T.);
#2111 = ORIENTED_EDGE('',*,*,#1579,.F.);
#2112 = ORIENTED_EDGE('',*,*,#1658,.F.);
#2113 = PLANE('',#2114);
#2114 = AXIS2_PLACEMENT_3D('',#2115,#2116,#2117);
#2115 = CARTESIAN_POINT('',(-0.1,-0.3,-2.5));
#2116 = DIRECTION('',(-1.110223024625E-16,-1.,0.));
#2117 = DIRECTION('',(0.,0.,1.));
#2118 = ADVANCED_FACE('',(#2119),#2130,.T.);
#2119 = FACE_BOUND('',#2120,.T.);
#2120 = EDGE_LOOP('',(#2121,#2127,#2128,#2129));
#2121 = ORIENTED_EDGE('',*,*,#2122,.T.);
#2122 = EDGE_CURVE('',#1684,#1620,#2123,.T.);
#2123 = LINE('',#2124,#2125);
#2124 = CARTESIAN_POINT('',(-0.1,-0.15,-3.1));
#2125 = VECTOR('',#2126,1.);
#2126 = DIRECTION('',(1.,-1.110223024625E-16,0.));
#2127 = ORIENTED_EDGE('',*,*,#1627,.T.);
#2128 = ORIENTED_EDGE('',*,*,#2105,.F.);
#2129 = ORIENTED_EDGE('',*,*,#1691,.F.);
#2130 = PLANE('',#2131);
#2131 = AXIS2_PLACEMENT_3D('',#2132,#2133,#2134);
#2132 = CARTESIAN_POINT('',(-0.1,-0.15,-3.1));
#2133 = DIRECTION('',(-1.077074540829E-16,-0.970142500145,
    -0.242535625036));
#2134 = DIRECTION('',(-2.692686352073E-17,-0.242535625036,0.970142500145
    ));
#2135 = ADVANCED_FACE('',(#2136),#2147,.T.);
#2136 = FACE_BOUND('',#2137,.T.);
#2137 = EDGE_LOOP('',(#2138,#2144,#2145,#2146));
#2138 = ORIENTED_EDGE('',*,*,#2139,.T.);
#2139 = EDGE_CURVE('',#1676,#1612,#2140,.T.);
#2140 = LINE('',#2141,#2142);
#2141 = CARTESIAN_POINT('',(-0.1,0.15,-3.1));
#2142 = VECTOR('',#2143,1.);
#2143 = DIRECTION('',(1.,-1.110223024625E-16,0.));
#2144 = ORIENTED_EDGE('',*,*,#1619,.T.);
#2145 = ORIENTED_EDGE('',*,*,#2122,.F.);
#2146 = ORIENTED_EDGE('',*,*,#1683,.T.);
#2147 = PLANE('',#2148);
#2148 = AXIS2_PLACEMENT_3D('',#2149,#2150,#2151);
#2149 = CARTESIAN_POINT('',(-0.1,0.15,-3.1));
#2150 = DIRECTION('',(0.,-0.,-1.));
#2151 = DIRECTION('',(-1.110223024625E-16,-1.,0.));
#2152 = ADVANCED_FACE('',(#2153),#2164,.T.);
#2153 = FACE_BOUND('',#2154,.T.);
#2154 = EDGE_LOOP('',(#2155,#2161,#2162,#2163));
#2155 = ORIENTED_EDGE('',*,*,#2156,.T.);
#2156 = EDGE_CURVE('',#1668,#1604,#2157,.T.);
#2157 = LINE('',#2158,#2159);
#2158 = CARTESIAN_POINT('',(-0.1,0.3,-2.5));
#2159 = VECTOR('',#2160,1.);
#2160 = DIRECTION('',(1.,-1.110223024625E-16,0.));
#2161 = ORIENTED_EDGE('',*,*,#1611,.T.);
#2162 = ORIENTED_EDGE('',*,*,#2139,.F.);
#2163 = ORIENTED_EDGE('',*,*,#1675,.F.);
#2164 = PLANE('',#2165);
#2165 = AXIS2_PLACEMENT_3D('',#2166,#2167,#2168);
#2166 = CARTESIAN_POINT('',(-0.1,0.3,-2.5));
#2167 = DIRECTION('',(1.077074540829E-16,0.970142500145,-0.242535625036)
  );
#2168 = DIRECTION('',(-2.692686352073E-17,-0.242535625036,
    -0.970142500145));
#2169 = ADVANCED_FACE('',(#2170),#2176,.T.);
#2170 = FACE_BOUND('',#2171,.T.);
#2171 = EDGE_LOOP('',(#2172,#2173,#2174,#2175));
#2172 = ORIENTED_EDGE('',*,*,#1641,.T.);
#2173 = ORIENTED_EDGE('',*,*,#1603,.T.);
#2174 = ORIENTED_EDGE('',*,*,#2156,.F.);
#2175 = ORIENTED_EDGE('',*,*,#1667,.F.);
#2176 = PLANE('',#2177);
#2177 = AXIS2_PLACEMENT_3D('',#2178,#2179,#2180);
#2178 = CARTESIAN_POINT('',(-0.1,0.3,0.2));
#2179 = DIRECTION('',(1.110223024625E-16,1.,0.));
#2180 = DIRECTION('',(0.,0.,-1.));
#2181 = ADVANCED_FACE('',(#2182),#2193,.T.);
#2182 = FACE_BOUND('',#2183,.T.);
#2183 = EDGE_LOOP('',(#2184,#2185,#2186,#2187));
#2184 = ORIENTED_EDGE('',*,*,#1850,.T.);
#2185 = ORIENTED_EDGE('',*,*,#1713,.T.);
#2186 = ORIENTED_EDGE('',*,*,#1738,.T.);
#2187 = ORIENTED_EDGE('',*,*,#2188,.T.);
#2188 = EDGE_CURVE('',#1739,#1843,#2189,.T.);
#2189 = LINE('',#2190,#2191);
#2190 = CARTESIAN_POINT('',(0.1,-2.54,0.9));
#2191 = VECTOR('',#2192,1.);
#2192 = DIRECTION('',(-1.110223024625E-16,-1.,0.));
#2193 = PLANE('',#2194);
#2194 = AXIS2_PLACEMENT_3D('',#2195,#2196,#2197);
#2195 = CARTESIAN_POINT('',(-3.641068927844E-16,-2.54,0.9));
#2196 = DIRECTION('',(0.,0.,1.));
#2197 = DIRECTION('',(1.110223024625E-16,1.,-0.));
#2198 = ADVANCED_FACE('',(#2199),#2210,.T.);
#2199 = FACE_BOUND('',#2200,.T.);
#2200 = EDGE_LOOP('',(#2201,#2202,#2208,#2209));
#2201 = ORIENTED_EDGE('',*,*,#1818,.T.);
#2202 = ORIENTED_EDGE('',*,*,#2203,.F.);
#2203 = EDGE_CURVE('',#1763,#1819,#2204,.T.);
#2204 = LINE('',#2205,#2206);
#2205 = CARTESIAN_POINT('',(-0.1,-2.54,0.9));
#2206 = VECTOR('',#2207,1.);
#2207 = DIRECTION('',(-1.110223024625E-16,-1.,0.));
#2208 = ORIENTED_EDGE('',*,*,#1770,.T.);
#2209 = ORIENTED_EDGE('',*,*,#1793,.T.);
#2210 = PLANE('',#2211);
#2211 = AXIS2_PLACEMENT_3D('',#2212,#2213,#2214);
#2212 = CARTESIAN_POINT('',(-3.641068927844E-16,-2.54,0.9));
#2213 = DIRECTION('',(0.,0.,1.));
#2214 = DIRECTION('',(1.110223024625E-16,1.,-0.));
#2215 = ADVANCED_FACE('',(#2216),#2259,.T.);
#2216 = FACE_BOUND('',#2217,.T.);
#2217 = EDGE_LOOP('',(#2218,#2219,#2227,#2235,#2243,#2251,#2257,#2258));
#2218 = ORIENTED_EDGE('',*,*,#1826,.F.);
#2219 = ORIENTED_EDGE('',*,*,#2220,.T.);
#2220 = EDGE_CURVE('',#1827,#2221,#2223,.T.);
#2221 = VERTEX_POINT('',#2222);
#2222 = CARTESIAN_POINT('',(-0.1,-2.79,7.35));
#2223 = LINE('',#2224,#2225);
#2224 = CARTESIAN_POINT('',(-0.1,-2.84,7.4));
#2225 = VECTOR('',#2226,1.);
#2226 = DIRECTION('',(7.850462293414E-17,0.707106781187,-0.707106781187)
  );
#2227 = ORIENTED_EDGE('',*,*,#2228,.T.);
#2228 = EDGE_CURVE('',#2221,#2229,#2231,.T.);
#2229 = VERTEX_POINT('',#2230);
#2230 = CARTESIAN_POINT('',(-0.1,-2.79,1.25));
#2231 = LINE('',#2232,#2233);
#2232 = CARTESIAN_POINT('',(-0.1,-2.79,7.35));
#2233 = VECTOR('',#2234,1.);
#2234 = DIRECTION('',(0.,0.,-1.));
#2235 = ORIENTED_EDGE('',*,*,#2236,.T.);
#2236 = EDGE_CURVE('',#2229,#2237,#2239,.T.);
#2237 = VERTEX_POINT('',#2238);
#2238 = CARTESIAN_POINT('',(-0.1,-2.29,1.25));
#2239 = LINE('',#2240,#2241);
#2240 = CARTESIAN_POINT('',(-0.1,-2.79,1.25));
#2241 = VECTOR('',#2242,1.);
#2242 = DIRECTION('',(1.110223024625E-16,1.,0.));
#2243 = ORIENTED_EDGE('',*,*,#2244,.T.);
#2244 = EDGE_CURVE('',#2237,#2245,#2247,.T.);
#2245 = VERTEX_POINT('',#2246);
#2246 = CARTESIAN_POINT('',(-0.1,-2.29,7.35));
#2247 = LINE('',#2248,#2249);
#2248 = CARTESIAN_POINT('',(-0.1,-2.29,1.25));
#2249 = VECTOR('',#2250,1.);
#2250 = DIRECTION('',(0.,0.,1.));
#2251 = ORIENTED_EDGE('',*,*,#2252,.T.);
#2252 = EDGE_CURVE('',#2245,#1755,#2253,.T.);
#2253 = LINE('',#2254,#2255);
#2254 = CARTESIAN_POINT('',(-0.1,-2.29,7.35));
#2255 = VECTOR('',#2256,1.);
#2256 = DIRECTION('',(7.850462293414E-17,0.707106781187,0.707106781187)
  );
#2257 = ORIENTED_EDGE('',*,*,#1762,.F.);
#2258 = ORIENTED_EDGE('',*,*,#2203,.T.);
#2259 = PLANE('',#2260);
#2260 = AXIS2_PLACEMENT_3D('',#2261,#2262,#2263);
#2261 = CARTESIAN_POINT('',(-0.1,-2.54,3.911477598424));
#2262 = DIRECTION('',(-1.,1.110223024625E-16,0.));
#2263 = DIRECTION('',(0.,0.,1.));
#2264 = ADVANCED_FACE('',(#2265),#2283,.T.);
#2265 = FACE_BOUND('',#2266,.T.);
#2266 = EDGE_LOOP('',(#2267,#2275,#2281,#2282));
#2267 = ORIENTED_EDGE('',*,*,#2268,.T.);
#2268 = EDGE_CURVE('',#2245,#2269,#2271,.T.);
#2269 = VERTEX_POINT('',#2270);
#2270 = CARTESIAN_POINT('',(0.1,-2.29,7.35));
#2271 = LINE('',#2272,#2273);
#2272 = CARTESIAN_POINT('',(-0.1,-2.29,7.35));
#2273 = VECTOR('',#2274,1.);
#2274 = DIRECTION('',(1.,-1.110223024625E-16,0.));
#2275 = ORIENTED_EDGE('',*,*,#2276,.T.);
#2276 = EDGE_CURVE('',#2269,#1747,#2277,.T.);
#2277 = LINE('',#2278,#2279);
#2278 = CARTESIAN_POINT('',(0.1,-2.29,7.35));
#2279 = VECTOR('',#2280,1.);
#2280 = DIRECTION('',(7.850462293414E-17,0.707106781187,0.707106781187)
  );
#2281 = ORIENTED_EDGE('',*,*,#1754,.F.);
#2282 = ORIENTED_EDGE('',*,*,#2252,.F.);
#2283 = PLANE('',#2284);
#2284 = AXIS2_PLACEMENT_3D('',#2285,#2286,#2287);
#2285 = CARTESIAN_POINT('',(-0.1,-2.29,7.35));
#2286 = DIRECTION('',(-7.850462293414E-17,-0.707106781187,0.707106781187
    ));
#2287 = DIRECTION('',(7.850462293414E-17,0.707106781187,0.707106781187)
  );
#2288 = ADVANCED_FACE('',(#2289),#2325,.F.);
#2289 = FACE_BOUND('',#2290,.F.);
#2290 = EDGE_LOOP('',(#2291,#2292,#2300,#2308,#2316,#2322,#2323,#2324));
#2291 = ORIENTED_EDGE('',*,*,#1842,.F.);
#2292 = ORIENTED_EDGE('',*,*,#2293,.T.);
#2293 = EDGE_CURVE('',#1835,#2294,#2296,.T.);
#2294 = VERTEX_POINT('',#2295);
#2295 = CARTESIAN_POINT('',(0.1,-2.79,7.35));
#2296 = LINE('',#2297,#2298);
#2297 = CARTESIAN_POINT('',(0.1,-2.84,7.4));
#2298 = VECTOR('',#2299,1.);
#2299 = DIRECTION('',(7.850462293414E-17,0.707106781187,-0.707106781187)
  );
#2300 = ORIENTED_EDGE('',*,*,#2301,.T.);
#2301 = EDGE_CURVE('',#2294,#2302,#2304,.T.);
#2302 = VERTEX_POINT('',#2303);
#2303 = CARTESIAN_POINT('',(0.1,-2.79,1.25));
#2304 = LINE('',#2305,#2306);
#2305 = CARTESIAN_POINT('',(0.1,-2.79,7.35));
#2306 = VECTOR('',#2307,1.);
#2307 = DIRECTION('',(0.,0.,-1.));
#2308 = ORIENTED_EDGE('',*,*,#2309,.T.);
#2309 = EDGE_CURVE('',#2302,#2310,#2312,.T.);
#2310 = VERTEX_POINT('',#2311);
#2311 = CARTESIAN_POINT('',(0.1,-2.29,1.25));
#2312 = LINE('',#2313,#2314);
#2313 = CARTESIAN_POINT('',(0.1,-2.79,1.25));
#2314 = VECTOR('',#2315,1.);
#2315 = DIRECTION('',(1.110223024625E-16,1.,0.));
#2316 = ORIENTED_EDGE('',*,*,#2317,.T.);
#2317 = EDGE_CURVE('',#2310,#2269,#2318,.T.);
#2318 = LINE('',#2319,#2320);
#2319 = CARTESIAN_POINT('',(0.1,-2.29,1.25));
#2320 = VECTOR('',#2321,1.);
#2321 = DIRECTION('',(0.,0.,1.));
#2322 = ORIENTED_EDGE('',*,*,#2276,.T.);
#2323 = ORIENTED_EDGE('',*,*,#1746,.F.);
#2324 = ORIENTED_EDGE('',*,*,#2188,.T.);
#2325 = PLANE('',#2326);
#2326 = AXIS2_PLACEMENT_3D('',#2327,#2328,#2329);
#2327 = CARTESIAN_POINT('',(0.1,-2.54,3.911477598424));
#2328 = DIRECTION('',(-1.,1.110223024625E-16,0.));
#2329 = DIRECTION('',(0.,0.,1.));
#2330 = ADVANCED_FACE('',(#2331),#2342,.T.);
#2331 = FACE_BOUND('',#2332,.T.);
#2332 = EDGE_LOOP('',(#2333,#2334,#2335,#2341));
#2333 = ORIENTED_EDGE('',*,*,#1834,.T.);
#2334 = ORIENTED_EDGE('',*,*,#2293,.T.);
#2335 = ORIENTED_EDGE('',*,*,#2336,.F.);
#2336 = EDGE_CURVE('',#2221,#2294,#2337,.T.);
#2337 = LINE('',#2338,#2339);
#2338 = CARTESIAN_POINT('',(-0.1,-2.79,7.35));
#2339 = VECTOR('',#2340,1.);
#2340 = DIRECTION('',(1.,-1.110223024625E-16,0.));
#2341 = ORIENTED_EDGE('',*,*,#2220,.F.);
#2342 = PLANE('',#2343);
#2343 = AXIS2_PLACEMENT_3D('',#2344,#2345,#2346);
#2344 = CARTESIAN_POINT('',(-0.1,-2.84,7.4));
#2345 = DIRECTION('',(7.850462293414E-17,0.707106781187,0.707106781187)
  );
#2346 = DIRECTION('',(7.850462293414E-17,0.707106781187,-0.707106781187)
  );
#2347 = ADVANCED_FACE('',(#2348),#2359,.T.);
#2348 = FACE_BOUND('',#2349,.T.);
#2349 = EDGE_LOOP('',(#2350,#2351,#2352,#2353));
#2350 = ORIENTED_EDGE('',*,*,#2010,.T.);
#2351 = ORIENTED_EDGE('',*,*,#1873,.T.);
#2352 = ORIENTED_EDGE('',*,*,#1898,.T.);
#2353 = ORIENTED_EDGE('',*,*,#2354,.T.);
#2354 = EDGE_CURVE('',#1899,#2003,#2355,.T.);
#2355 = LINE('',#2356,#2357);
#2356 = CARTESIAN_POINT('',(0.1,-1.110223024625E-17,0.9));
#2357 = VECTOR('',#2358,1.);
#2358 = DIRECTION('',(-1.110223024625E-16,-1.,0.));
#2359 = PLANE('',#2360);
#2360 = AXIS2_PLACEMENT_3D('',#2361,#2362,#2363);
#2361 = CARTESIAN_POINT('',(-8.211024452957E-17,9.116068403433E-33,0.9)
  );
#2362 = DIRECTION('',(0.,0.,1.));
#2363 = DIRECTION('',(1.110223024625E-16,1.,-0.));
#2364 = ADVANCED_FACE('',(#2365),#2376,.T.);
#2365 = FACE_BOUND('',#2366,.T.);
#2366 = EDGE_LOOP('',(#2367,#2368,#2374,#2375));
#2367 = ORIENTED_EDGE('',*,*,#1978,.T.);
#2368 = ORIENTED_EDGE('',*,*,#2369,.F.);
#2369 = EDGE_CURVE('',#1923,#1979,#2370,.T.);
#2370 = LINE('',#2371,#2372);
#2371 = CARTESIAN_POINT('',(-0.1,1.110223024625E-17,0.9));
#2372 = VECTOR('',#2373,1.);
#2373 = DIRECTION('',(-1.110223024625E-16,-1.,0.));
#2374 = ORIENTED_EDGE('',*,*,#1930,.T.);
#2375 = ORIENTED_EDGE('',*,*,#1953,.T.);
#2376 = PLANE('',#2377);
#2377 = AXIS2_PLACEMENT_3D('',#2378,#2379,#2380);
#2378 = CARTESIAN_POINT('',(-8.211024452957E-17,9.116068403433E-33,0.9)
  );
#2379 = DIRECTION('',(0.,0.,1.));
#2380 = DIRECTION('',(1.110223024625E-16,1.,-0.));
#2381 = ADVANCED_FACE('',(#2382),#2425,.T.);
#2382 = FACE_BOUND('',#2383,.T.);
#2383 = EDGE_LOOP('',(#2384,#2385,#2393,#2401,#2409,#2417,#2423,#2424));
#2384 = ORIENTED_EDGE('',*,*,#1986,.F.);
#2385 = ORIENTED_EDGE('',*,*,#2386,.T.);
#2386 = EDGE_CURVE('',#1987,#2387,#2389,.T.);
#2387 = VERTEX_POINT('',#2388);
#2388 = CARTESIAN_POINT('',(-0.1,-0.25,7.35));
#2389 = LINE('',#2390,#2391);
#2390 = CARTESIAN_POINT('',(-0.1,-0.3,7.4));
#2391 = VECTOR('',#2392,1.);
#2392 = DIRECTION('',(7.850462293414E-17,0.707106781187,-0.707106781187)
  );
#2393 = ORIENTED_EDGE('',*,*,#2394,.T.);
#2394 = EDGE_CURVE('',#2387,#2395,#2397,.T.);
#2395 = VERTEX_POINT('',#2396);
#2396 = CARTESIAN_POINT('',(-0.1,-0.25,1.25));
#2397 = LINE('',#2398,#2399);
#2398 = CARTESIAN_POINT('',(-0.1,-0.25,7.35));
#2399 = VECTOR('',#2400,1.);
#2400 = DIRECTION('',(0.,0.,-1.));
#2401 = ORIENTED_EDGE('',*,*,#2402,.T.);
#2402 = EDGE_CURVE('',#2395,#2403,#2405,.T.);
#2403 = VERTEX_POINT('',#2404);
#2404 = CARTESIAN_POINT('',(-0.1,0.25,1.25));
#2405 = LINE('',#2406,#2407);
#2406 = CARTESIAN_POINT('',(-0.1,-0.25,1.25));
#2407 = VECTOR('',#2408,1.);
#2408 = DIRECTION('',(1.110223024625E-16,1.,0.));
#2409 = ORIENTED_EDGE('',*,*,#2410,.T.);
#2410 = EDGE_CURVE('',#2403,#2411,#2413,.T.);
#2411 = VERTEX_POINT('',#2412);
#2412 = CARTESIAN_POINT('',(-0.1,0.25,7.35));
#2413 = LINE('',#2414,#2415);
#2414 = CARTESIAN_POINT('',(-0.1,0.25,1.25));
#2415 = VECTOR('',#2416,1.);
#2416 = DIRECTION('',(0.,0.,1.));
#2417 = ORIENTED_EDGE('',*,*,#2418,.T.);
#2418 = EDGE_CURVE('',#2411,#1915,#2419,.T.);
#2419 = LINE('',#2420,#2421);
#2420 = CARTESIAN_POINT('',(-0.1,0.25,7.35));
#2421 = VECTOR('',#2422,1.);
#2422 = DIRECTION('',(7.850462293414E-17,0.707106781187,0.707106781187)
  );
#2423 = ORIENTED_EDGE('',*,*,#1922,.F.);
#2424 = ORIENTED_EDGE('',*,*,#2369,.T.);
#2425 = PLANE('',#2426);
#2426 = AXIS2_PLACEMENT_3D('',#2427,#2428,#2429);
#2427 = CARTESIAN_POINT('',(-0.1,1.110223024625E-17,3.911477598424));
#2428 = DIRECTION('',(-1.,1.110223024625E-16,0.));
#2429 = DIRECTION('',(0.,0.,1.));
#2430 = ADVANCED_FACE('',(#2431),#2449,.T.);
#2431 = FACE_BOUND('',#2432,.T.);
#2432 = EDGE_LOOP('',(#2433,#2441,#2447,#2448));
#2433 = ORIENTED_EDGE('',*,*,#2434,.T.);
#2434 = EDGE_CURVE('',#2411,#2435,#2437,.T.);
#2435 = VERTEX_POINT('',#2436);
#2436 = CARTESIAN_POINT('',(0.1,0.25,7.35));
#2437 = LINE('',#2438,#2439);
#2438 = CARTESIAN_POINT('',(-0.1,0.25,7.35));
#2439 = VECTOR('',#2440,1.);
#2440 = DIRECTION('',(1.,-1.110223024625E-16,0.));
#2441 = ORIENTED_EDGE('',*,*,#2442,.T.);
#2442 = EDGE_CURVE('',#2435,#1907,#2443,.T.);
#2443 = LINE('',#2444,#2445);
#2444 = CARTESIAN_POINT('',(0.1,0.25,7.35));
#2445 = VECTOR('',#2446,1.);
#2446 = DIRECTION('',(7.850462293414E-17,0.707106781187,0.707106781187)
  );
#2447 = ORIENTED_EDGE('',*,*,#1914,.F.);
#2448 = ORIENTED_EDGE('',*,*,#2418,.F.);
#2449 = PLANE('',#2450);
#2450 = AXIS2_PLACEMENT_3D('',#2451,#2452,#2453);
#2451 = CARTESIAN_POINT('',(-0.1,0.25,7.35));
#2452 = DIRECTION('',(-7.850462293414E-17,-0.707106781187,0.707106781187
    ));
#2453 = DIRECTION('',(7.850462293414E-17,0.707106781187,0.707106781187)
  );
#2454 = ADVANCED_FACE('',(#2455),#2491,.F.);
#2455 = FACE_BOUND('',#2456,.F.);
#2456 = EDGE_LOOP('',(#2457,#2458,#2466,#2474,#2482,#2488,#2489,#2490));
#2457 = ORIENTED_EDGE('',*,*,#2002,.F.);
#2458 = ORIENTED_EDGE('',*,*,#2459,.T.);
#2459 = EDGE_CURVE('',#1995,#2460,#2462,.T.);
#2460 = VERTEX_POINT('',#2461);
#2461 = CARTESIAN_POINT('',(0.1,-0.25,7.35));
#2462 = LINE('',#2463,#2464);
#2463 = CARTESIAN_POINT('',(0.1,-0.3,7.4));
#2464 = VECTOR('',#2465,1.);
#2465 = DIRECTION('',(7.850462293414E-17,0.707106781187,-0.707106781187)
  );
#2466 = ORIENTED_EDGE('',*,*,#2467,.T.);
#2467 = EDGE_CURVE('',#2460,#2468,#2470,.T.);
#2468 = VERTEX_POINT('',#2469);
#2469 = CARTESIAN_POINT('',(0.1,-0.25,1.25));
#2470 = LINE('',#2471,#2472);
#2471 = CARTESIAN_POINT('',(0.1,-0.25,7.35));
#2472 = VECTOR('',#2473,1.);
#2473 = DIRECTION('',(0.,0.,-1.));
#2474 = ORIENTED_EDGE('',*,*,#2475,.T.);
#2475 = EDGE_CURVE('',#2468,#2476,#2478,.T.);
#2476 = VERTEX_POINT('',#2477);
#2477 = CARTESIAN_POINT('',(0.1,0.25,1.25));
#2478 = LINE('',#2479,#2480);
#2479 = CARTESIAN_POINT('',(0.1,-0.25,1.25));
#2480 = VECTOR('',#2481,1.);
#2481 = DIRECTION('',(1.110223024625E-16,1.,0.));
#2482 = ORIENTED_EDGE('',*,*,#2483,.T.);
#2483 = EDGE_CURVE('',#2476,#2435,#2484,.T.);
#2484 = LINE('',#2485,#2486);
#2485 = CARTESIAN_POINT('',(0.1,0.25,1.25));
#2486 = VECTOR('',#2487,1.);
#2487 = DIRECTION('',(0.,0.,1.));
#2488 = ORIENTED_EDGE('',*,*,#2442,.T.);
#2489 = ORIENTED_EDGE('',*,*,#1906,.F.);
#2490 = ORIENTED_EDGE('',*,*,#2354,.T.);
#2491 = PLANE('',#2492);
#2492 = AXIS2_PLACEMENT_3D('',#2493,#2494,#2495);
#2493 = CARTESIAN_POINT('',(0.1,-1.110223024625E-17,3.911477598424));
#2494 = DIRECTION('',(-1.,1.110223024625E-16,0.));
#2495 = DIRECTION('',(0.,0.,1.));
#2496 = ADVANCED_FACE('',(#2497),#2508,.T.);
#2497 = FACE_BOUND('',#2498,.T.);
#2498 = EDGE_LOOP('',(#2499,#2500,#2501,#2507));
#2499 = ORIENTED_EDGE('',*,*,#1994,.T.);
#2500 = ORIENTED_EDGE('',*,*,#2459,.T.);
#2501 = ORIENTED_EDGE('',*,*,#2502,.F.);
#2502 = EDGE_CURVE('',#2387,#2460,#2503,.T.);
#2503 = LINE('',#2504,#2505);
#2504 = CARTESIAN_POINT('',(-0.1,-0.25,7.35));
#2505 = VECTOR('',#2506,1.);
#2506 = DIRECTION('',(1.,-1.110223024625E-16,0.));
#2507 = ORIENTED_EDGE('',*,*,#2386,.F.);
#2508 = PLANE('',#2509);
#2509 = AXIS2_PLACEMENT_3D('',#2510,#2511,#2512);
#2510 = CARTESIAN_POINT('',(-0.1,-0.3,7.4));
#2511 = DIRECTION('',(7.850462293414E-17,0.707106781187,0.707106781187)
  );
#2512 = DIRECTION('',(7.850462293414E-17,0.707106781187,-0.707106781187)
  );
#2513 = ADVANCED_FACE('',(#2514),#2525,.T.);
#2514 = FACE_BOUND('',#2515,.T.);
#2515 = EDGE_LOOP('',(#2516,#2522,#2523,#2524));
#2516 = ORIENTED_EDGE('',*,*,#2517,.T.);
#2517 = EDGE_CURVE('',#2237,#2310,#2518,.T.);
#2518 = LINE('',#2519,#2520);
#2519 = CARTESIAN_POINT('',(-0.1,-2.29,1.25));
#2520 = VECTOR('',#2521,1.);
#2521 = DIRECTION('',(1.,-1.110223024625E-16,0.));
#2522 = ORIENTED_EDGE('',*,*,#2317,.T.);
#2523 = ORIENTED_EDGE('',*,*,#2268,.F.);
#2524 = ORIENTED_EDGE('',*,*,#2244,.F.);
#2525 = PLANE('',#2526);
#2526 = AXIS2_PLACEMENT_3D('',#2527,#2528,#2529);
#2527 = CARTESIAN_POINT('',(-0.1,-2.29,1.25));
#2528 = DIRECTION('',(-1.110223024625E-16,-1.,0.));
#2529 = DIRECTION('',(0.,0.,1.));
#2530 = ADVANCED_FACE('',(#2531),#2542,.T.);
#2531 = FACE_BOUND('',#2532,.T.);
#2532 = EDGE_LOOP('',(#2533,#2539,#2540,#2541));
#2533 = ORIENTED_EDGE('',*,*,#2534,.T.);
#2534 = EDGE_CURVE('',#2229,#2302,#2535,.T.);
#2535 = LINE('',#2536,#2537);
#2536 = CARTESIAN_POINT('',(-0.1,-2.79,1.25));
#2537 = VECTOR('',#2538,1.);
#2538 = DIRECTION('',(1.,-1.110223024625E-16,0.));
#2539 = ORIENTED_EDGE('',*,*,#2309,.T.);
#2540 = ORIENTED_EDGE('',*,*,#2517,.F.);
#2541 = ORIENTED_EDGE('',*,*,#2236,.F.);
#2542 = PLANE('',#2543);
#2543 = AXIS2_PLACEMENT_3D('',#2544,#2545,#2546);
#2544 = CARTESIAN_POINT('',(-0.1,-2.79,1.25));
#2545 = DIRECTION('',(0.,0.,1.));
#2546 = DIRECTION('',(1.110223024625E-16,1.,-0.));
#2547 = ADVANCED_FACE('',(#2548),#2554,.T.);
#2548 = FACE_BOUND('',#2549,.T.);
#2549 = EDGE_LOOP('',(#2550,#2551,#2552,#2553));
#2550 = ORIENTED_EDGE('',*,*,#2336,.T.);
#2551 = ORIENTED_EDGE('',*,*,#2301,.T.);
#2552 = ORIENTED_EDGE('',*,*,#2534,.F.);
#2553 = ORIENTED_EDGE('',*,*,#2228,.F.);
#2554 = PLANE('',#2555);
#2555 = AXIS2_PLACEMENT_3D('',#2556,#2557,#2558);
#2556 = CARTESIAN_POINT('',(-0.1,-2.79,7.35));
#2557 = DIRECTION('',(1.110223024625E-16,1.,0.));
#2558 = DIRECTION('',(0.,0.,-1.));
#2559 = ADVANCED_FACE('',(#2560),#2571,.T.);
#2560 = FACE_BOUND('',#2561,.T.);
#2561 = EDGE_LOOP('',(#2562,#2568,#2569,#2570));
#2562 = ORIENTED_EDGE('',*,*,#2563,.T.);
#2563 = EDGE_CURVE('',#2403,#2476,#2564,.T.);
#2564 = LINE('',#2565,#2566);
#2565 = CARTESIAN_POINT('',(-0.1,0.25,1.25));
#2566 = VECTOR('',#2567,1.);
#2567 = DIRECTION('',(1.,-1.110223024625E-16,0.));
#2568 = ORIENTED_EDGE('',*,*,#2483,.T.);
#2569 = ORIENTED_EDGE('',*,*,#2434,.F.);
#2570 = ORIENTED_EDGE('',*,*,#2410,.F.);
#2571 = PLANE('',#2572);
#2572 = AXIS2_PLACEMENT_3D('',#2573,#2574,#2575);
#2573 = CARTESIAN_POINT('',(-0.1,0.25,1.25));
#2574 = DIRECTION('',(-1.110223024625E-16,-1.,0.));
#2575 = DIRECTION('',(0.,0.,1.));
#2576 = ADVANCED_FACE('',(#2577),#2588,.T.);
#2577 = FACE_BOUND('',#2578,.T.);
#2578 = EDGE_LOOP('',(#2579,#2585,#2586,#2587));
#2579 = ORIENTED_EDGE('',*,*,#2580,.T.);
#2580 = EDGE_CURVE('',#2395,#2468,#2581,.T.);
#2581 = LINE('',#2582,#2583);
#2582 = CARTESIAN_POINT('',(-0.1,-0.25,1.25));
#2583 = VECTOR('',#2584,1.);
#2584 = DIRECTION('',(1.,-1.110223024625E-16,0.));
#2585 = ORIENTED_EDGE('',*,*,#2475,.T.);
#2586 = ORIENTED_EDGE('',*,*,#2563,.F.);
#2587 = ORIENTED_EDGE('',*,*,#2402,.F.);
#2588 = PLANE('',#2589);
#2589 = AXIS2_PLACEMENT_3D('',#2590,#2591,#2592);
#2590 = CARTESIAN_POINT('',(-0.1,-0.25,1.25));
#2591 = DIRECTION('',(0.,0.,1.));
#2592 = DIRECTION('',(1.110223024625E-16,1.,-0.));
#2593 = ADVANCED_FACE('',(#2594),#2600,.T.);
#2594 = FACE_BOUND('',#2595,.T.);
#2595 = EDGE_LOOP('',(#2596,#2597,#2598,#2599));
#2596 = ORIENTED_EDGE('',*,*,#2502,.T.);
#2597 = ORIENTED_EDGE('',*,*,#2467,.T.);
#2598 = ORIENTED_EDGE('',*,*,#2580,.F.);
#2599 = ORIENTED_EDGE('',*,*,#2394,.F.);
#2600 = PLANE('',#2601);
#2601 = AXIS2_PLACEMENT_3D('',#2602,#2603,#2604);
#2602 = CARTESIAN_POINT('',(-0.1,-0.25,7.35));
#2603 = DIRECTION('',(1.110223024625E-16,1.,0.));
#2604 = DIRECTION('',(0.,0.,-1.));
#2605 = ( GEOMETRIC_REPRESENTATION_CONTEXT(3) 
GLOBAL_UNCERTAINTY_ASSIGNED_CONTEXT((#2609)) 
GLOBAL_UNIT_ASSIGNED_CONTEXT((#2606,#2607,#2608)) REPRESENTATION_CONTEXT
('Context #1','3D Context with UNIT and UNCERTAINTY') );
#2606 = ( LENGTH_UNIT() NAMED_UNIT(*) SI_UNIT(.MILLI.,.METRE.) );
#2607 = ( NAMED_UNIT(*) PLANE_ANGLE_UNIT() SI_UNIT($,.RADIAN.) );
#2608 = ( NAMED_UNIT(*) SI_UNIT($,.STERADIAN.) SOLID_ANGLE_UNIT() );
#2609 = UNCERTAINTY_MEASURE_WITH_UNIT(LENGTH_MEASURE(1.E-07),#2606,
  'distance_accuracy_value','confusion accuracy');
#2610 = CONTEXT_DEPENDENT_SHAPE_REPRESENTATION(#2611,#2613);
#2611 = ( REPRESENTATION_RELATIONSHIP('','',#770,#10) 
REPRESENTATION_RELATIONSHIP_WITH_TRANSFORMATION(#2612) 
SHAPE_REPRESENTATION_RELATIONSHIP() );
#2612 = ITEM_DEFINED_TRANSFORMATION('','',#11,#27);
#2613 = PRODUCT_DEFINITION_SHAPE('Placement','Placement of an item',
  #2614);
#2614 = NEXT_ASSEMBLY_USAGE_OCCURRENCE('4','MainSocket2','',#5,#765,$);
#2615 = PRODUCT_RELATED_PRODUCT_CATEGORY('part',$,(#767));
#2616 = SHAPE_DEFINITION_REPRESENTATION(#2617,#2623);
#2617 = PRODUCT_DEFINITION_SHAPE('','',#2618);
#2618 = PRODUCT_DEFINITION('design','',#2619,#2622);
#2619 = PRODUCT_DEFINITION_FORMATION('','',#2620);
#2620 = PRODUCT('Arduino Nano game_PCB','Arduino Nano game_PCB','',(
    #2621));
#2621 = PRODUCT_CONTEXT('',#2,'mechanical');
#2622 = PRODUCT_DEFINITION_CONTEXT('part definition',#2,'design');
#2623 = ADVANCED_BREP_SHAPE_REPRESENTATION('',(#11,#2624),#6011);
#2624 = MANIFOLD_SOLID_BREP('',#2625);
#2625 = CLOSED_SHELL('',(#2626,#2666,#2697,#2728,#3658,#4588,#4600,#4617
    ,#4634,#4651,#4668,#4685,#4702,#4719,#4736,#4753,#4770,#4787,#4804,
    #4821,#4838,#4855,#4872,#4889,#4906,#4923,#4940,#4957,#4974,#4991,
    #5008,#5025,#5042,#5059,#5076,#5093,#5110,#5127,#5144,#5161,#5178,
    #5195,#5212,#5229,#5246,#5263,#5280,#5297,#5314,#5331,#5348,#5365,
    #5382,#5399,#5416,#5433,#5450,#5467,#5484,#5501,#5518,#5535,#5552,
    #5569,#5586,#5603,#5620,#5637,#5654,#5671,#5688,#5705,#5722,#5739,
    #5756,#5773,#5790,#5807,#5824,#5841,#5858,#5875,#5892,#5909,#5926,
    #5943,#5960,#5977,#5994));
#2626 = ADVANCED_FACE('',(#2627),#2661,.T.);
#2627 = FACE_BOUND('',#2628,.T.);
#2628 = EDGE_LOOP('',(#2629,#2639,#2647,#2655));
#2629 = ORIENTED_EDGE('',*,*,#2630,.T.);
#2630 = EDGE_CURVE('',#2631,#2633,#2635,.T.);
#2631 = VERTEX_POINT('',#2632);
#2632 = CARTESIAN_POINT('',(160.02,-129.54,0.));
#2633 = VERTEX_POINT('',#2634);
#2634 = CARTESIAN_POINT('',(160.02,-129.54,1.51));
#2635 = LINE('',#2636,#2637);
#2636 = CARTESIAN_POINT('',(160.02,-129.54,0.));
#2637 = VECTOR('',#2638,1.);
#2638 = DIRECTION('',(0.,0.,1.));
#2639 = ORIENTED_EDGE('',*,*,#2640,.T.);
#2640 = EDGE_CURVE('',#2633,#2641,#2643,.T.);
#2641 = VERTEX_POINT('',#2642);
#2642 = CARTESIAN_POINT('',(25.4,-129.54,1.51));
#2643 = LINE('',#2644,#2645);
#2644 = CARTESIAN_POINT('',(160.02,-129.54,1.51));
#2645 = VECTOR('',#2646,1.);
#2646 = DIRECTION('',(-1.,0.,0.));
#2647 = ORIENTED_EDGE('',*,*,#2648,.F.);
#2648 = EDGE_CURVE('',#2649,#2641,#2651,.T.);
#2649 = VERTEX_POINT('',#2650);
#2650 = CARTESIAN_POINT('',(25.4,-129.54,0.));
#2651 = LINE('',#2652,#2653);
#2652 = CARTESIAN_POINT('',(25.4,-129.54,0.));
#2653 = VECTOR('',#2654,1.);
#2654 = DIRECTION('',(0.,0.,1.));
#2655 = ORIENTED_EDGE('',*,*,#2656,.F.);
#2656 = EDGE_CURVE('',#2631,#2649,#2657,.T.);
#2657 = LINE('',#2658,#2659);
#2658 = CARTESIAN_POINT('',(160.02,-129.54,0.));
#2659 = VECTOR('',#2660,1.);
#2660 = DIRECTION('',(-1.,0.,0.));
#2661 = PLANE('',#2662);
#2662 = AXIS2_PLACEMENT_3D('',#2663,#2664,#2665);
#2663 = CARTESIAN_POINT('',(160.02,-129.54,0.));
#2664 = DIRECTION('',(0.,-1.,0.));
#2665 = DIRECTION('',(-1.,0.,0.));
#2666 = ADVANCED_FACE('',(#2667),#2692,.T.);
#2667 = FACE_BOUND('',#2668,.T.);
#2668 = EDGE_LOOP('',(#2669,#2679,#2685,#2686));
#2669 = ORIENTED_EDGE('',*,*,#2670,.T.);
#2670 = EDGE_CURVE('',#2671,#2673,#2675,.T.);
#2671 = VERTEX_POINT('',#2672);
#2672 = CARTESIAN_POINT('',(160.02,-66.04,0.));
#2673 = VERTEX_POINT('',#2674);
#2674 = CARTESIAN_POINT('',(160.02,-66.04,1.51));
#2675 = LINE('',#2676,#2677);
#2676 = CARTESIAN_POINT('',(160.02,-66.04,0.));
#2677 = VECTOR('',#2678,1.);
#2678 = DIRECTION('',(0.,0.,1.));
#2679 = ORIENTED_EDGE('',*,*,#2680,.T.);
#2680 = EDGE_CURVE('',#2673,#2633,#2681,.T.);
#2681 = LINE('',#2682,#2683);
#2682 = CARTESIAN_POINT('',(160.02,-66.04,1.51));
#2683 = VECTOR('',#2684,1.);
#2684 = DIRECTION('',(0.,-1.,0.));
#2685 = ORIENTED_EDGE('',*,*,#2630,.F.);
#2686 = ORIENTED_EDGE('',*,*,#2687,.F.);
#2687 = EDGE_CURVE('',#2671,#2631,#2688,.T.);
#2688 = LINE('',#2689,#2690);
#2689 = CARTESIAN_POINT('',(160.02,-66.04,0.));
#2690 = VECTOR('',#2691,1.);
#2691 = DIRECTION('',(0.,-1.,0.));
#2692 = PLANE('',#2693);
#2693 = AXIS2_PLACEMENT_3D('',#2694,#2695,#2696);
#2694 = CARTESIAN_POINT('',(160.02,-66.04,0.));
#2695 = DIRECTION('',(1.,0.,-0.));
#2696 = DIRECTION('',(0.,-1.,0.));
#2697 = ADVANCED_FACE('',(#2698),#2723,.T.);
#2698 = FACE_BOUND('',#2699,.T.);
#2699 = EDGE_LOOP('',(#2700,#2701,#2709,#2717));
#2700 = ORIENTED_EDGE('',*,*,#2648,.T.);
#2701 = ORIENTED_EDGE('',*,*,#2702,.T.);
#2702 = EDGE_CURVE('',#2641,#2703,#2705,.T.);
#2703 = VERTEX_POINT('',#2704);
#2704 = CARTESIAN_POINT('',(25.4,-66.04,1.51));
#2705 = LINE('',#2706,#2707);
#2706 = CARTESIAN_POINT('',(25.4,-129.54,1.51));
#2707 = VECTOR('',#2708,1.);
#2708 = DIRECTION('',(0.,1.,0.));
#2709 = ORIENTED_EDGE('',*,*,#2710,.F.);
#2710 = EDGE_CURVE('',#2711,#2703,#2713,.T.);
#2711 = VERTEX_POINT('',#2712);
#2712 = CARTESIAN_POINT('',(25.4,-66.04,0.));
#2713 = LINE('',#2714,#2715);
#2714 = CARTESIAN_POINT('',(25.4,-66.04,0.));
#2715 = VECTOR('',#2716,1.);
#2716 = DIRECTION('',(0.,0.,1.));
#2717 = ORIENTED_EDGE('',*,*,#2718,.F.);
#2718 = EDGE_CURVE('',#2649,#2711,#2719,.T.);
#2719 = LINE('',#2720,#2721);
#2720 = CARTESIAN_POINT('',(25.4,-129.54,0.));
#2721 = VECTOR('',#2722,1.);
#2722 = DIRECTION('',(0.,1.,0.));
#2723 = PLANE('',#2724);
#2724 = AXIS2_PLACEMENT_3D('',#2725,#2726,#2727);
#2725 = CARTESIAN_POINT('',(25.4,-129.54,0.));
#2726 = DIRECTION('',(-1.,0.,0.));
#2727 = DIRECTION('',(0.,1.,0.));
#2728 = ADVANCED_FACE('',(#2729,#2740,#2751,#2762,#2773,#2784,#2795,
    #2806,#2817,#2828,#2839,#2850,#2861,#2872,#2883,#2894,#2905,#2916,
    #2927,#2938,#2949,#2960,#2971,#2982,#2993,#3004,#3015,#3026,#3037,
    #3048,#3059,#3070,#3081,#3092,#3103,#3114,#3125,#3136,#3147,#3158,
    #3169,#3180,#3191,#3202,#3213,#3224,#3235,#3246,#3257,#3268,#3279,
    #3290,#3301,#3312,#3323,#3334,#3345,#3356,#3367,#3378,#3389,#3400,
    #3411,#3422,#3433,#3444,#3455,#3466,#3477,#3488,#3499,#3510,#3521,
    #3532,#3543,#3554,#3565,#3576,#3587,#3598,#3609,#3620,#3631,#3642),
  #3653,.F.);
#2729 = FACE_BOUND('',#2730,.F.);
#2730 = EDGE_LOOP('',(#2731,#2732,#2733,#2739));
#2731 = ORIENTED_EDGE('',*,*,#2656,.F.);
#2732 = ORIENTED_EDGE('',*,*,#2687,.F.);
#2733 = ORIENTED_EDGE('',*,*,#2734,.F.);
#2734 = EDGE_CURVE('',#2711,#2671,#2735,.T.);
#2735 = LINE('',#2736,#2737);
#2736 = CARTESIAN_POINT('',(25.4,-66.04,0.));
#2737 = VECTOR('',#2738,1.);
#2738 = DIRECTION('',(1.,0.,0.));
#2739 = ORIENTED_EDGE('',*,*,#2718,.F.);
#2740 = FACE_BOUND('',#2741,.F.);
#2741 = EDGE_LOOP('',(#2742));
#2742 = ORIENTED_EDGE('',*,*,#2743,.F.);
#2743 = EDGE_CURVE('',#2744,#2744,#2746,.T.);
#2744 = VERTEX_POINT('',#2745);
#2745 = CARTESIAN_POINT('',(33.655,-124.46,0.));
#2746 = CIRCLE('',#2747,3.175);
#2747 = AXIS2_PLACEMENT_3D('',#2748,#2749,#2750);
#2748 = CARTESIAN_POINT('',(30.48,-124.46,0.));
#2749 = DIRECTION('',(0.,0.,1.));
#2750 = DIRECTION('',(1.,0.,-0.));
#2751 = FACE_BOUND('',#2752,.F.);
#2752 = EDGE_LOOP('',(#2753));
#2753 = ORIENTED_EDGE('',*,*,#2754,.T.);
#2754 = EDGE_CURVE('',#2755,#2755,#2757,.T.);
#2755 = VERTEX_POINT('',#2756);
#2756 = CARTESIAN_POINT('',(59.436,-125.368,0.));
#2757 = CIRCLE('',#2758,0.4);
#2758 = AXIS2_PLACEMENT_3D('',#2759,#2760,#2761);
#2759 = CARTESIAN_POINT('',(59.436,-124.968,0.));
#2760 = DIRECTION('',(-0.,0.,-1.));
#2761 = DIRECTION('',(-0.,-1.,0.));
#2762 = FACE_BOUND('',#2763,.F.);
#2763 = EDGE_LOOP('',(#2764));
#2764 = ORIENTED_EDGE('',*,*,#2765,.T.);
#2765 = EDGE_CURVE('',#2766,#2766,#2768,.T.);
#2766 = VERTEX_POINT('',#2767);
#2767 = CARTESIAN_POINT('',(58.166,-120.873,0.));
#2768 = CIRCLE('',#2769,0.35);
#2769 = AXIS2_PLACEMENT_3D('',#2770,#2771,#2772);
#2770 = CARTESIAN_POINT('',(58.166,-120.523,0.));
#2771 = DIRECTION('',(-0.,0.,-1.));
#2772 = DIRECTION('',(-0.,-1.,0.));
#2773 = FACE_BOUND('',#2774,.F.);
#2774 = EDGE_LOOP('',(#2775));
#2775 = ORIENTED_EDGE('',*,*,#2776,.T.);
#2776 = EDGE_CURVE('',#2777,#2777,#2779,.T.);
#2777 = VERTEX_POINT('',#2778);
#2778 = CARTESIAN_POINT('',(44.49,-116.605,0.));
#2779 = CIRCLE('',#2780,0.6);
#2780 = AXIS2_PLACEMENT_3D('',#2781,#2782,#2783);
#2781 = CARTESIAN_POINT('',(44.49,-116.005,0.));
#2782 = DIRECTION('',(-0.,0.,-1.));
#2783 = DIRECTION('',(-0.,-1.,0.));
#2784 = FACE_BOUND('',#2785,.F.);
#2785 = EDGE_LOOP('',(#2786));
#2786 = ORIENTED_EDGE('',*,*,#2787,.T.);
#2787 = EDGE_CURVE('',#2788,#2788,#2790,.T.);
#2788 = VERTEX_POINT('',#2789);
#2789 = CARTESIAN_POINT('',(49.49,-116.605,0.));
#2790 = CIRCLE('',#2791,0.6);
#2791 = AXIS2_PLACEMENT_3D('',#2792,#2793,#2794);
#2792 = CARTESIAN_POINT('',(49.49,-116.005,0.));
#2793 = DIRECTION('',(-0.,0.,-1.));
#2794 = DIRECTION('',(-0.,-1.,0.));
#2795 = FACE_BOUND('',#2796,.F.);
#2796 = EDGE_LOOP('',(#2797));
#2797 = ORIENTED_EDGE('',*,*,#2798,.T.);
#2798 = EDGE_CURVE('',#2799,#2799,#2801,.T.);
#2799 = VERTEX_POINT('',#2800);
#2800 = CARTESIAN_POINT('',(61.976,-125.368,0.));
#2801 = CIRCLE('',#2802,0.4);
#2802 = AXIS2_PLACEMENT_3D('',#2803,#2804,#2805);
#2803 = CARTESIAN_POINT('',(61.976,-124.968,0.));
#2804 = DIRECTION('',(-0.,0.,-1.));
#2805 = DIRECTION('',(-0.,-1.,0.));
#2806 = FACE_BOUND('',#2807,.F.);
#2807 = EDGE_LOOP('',(#2808));
#2808 = ORIENTED_EDGE('',*,*,#2809,.T.);
#2809 = EDGE_CURVE('',#2810,#2810,#2812,.T.);
#2810 = VERTEX_POINT('',#2811);
#2811 = CARTESIAN_POINT('',(64.516,-125.368,0.));
#2812 = CIRCLE('',#2813,0.4);
#2813 = AXIS2_PLACEMENT_3D('',#2814,#2815,#2816);
#2814 = CARTESIAN_POINT('',(64.516,-124.968,0.));
#2815 = DIRECTION('',(-0.,0.,-1.));
#2816 = DIRECTION('',(3.5527136788E-14,-1.,-0.));
#2817 = FACE_BOUND('',#2818,.F.);
#2818 = EDGE_LOOP('',(#2819));
#2819 = ORIENTED_EDGE('',*,*,#2820,.T.);
#2820 = EDGE_CURVE('',#2821,#2821,#2823,.T.);
#2821 = VERTEX_POINT('',#2822);
#2822 = CARTESIAN_POINT('',(74.676,-125.976,0.));
#2823 = CIRCLE('',#2824,0.5);
#2824 = AXIS2_PLACEMENT_3D('',#2825,#2826,#2827);
#2825 = CARTESIAN_POINT('',(74.676,-125.476,0.));
#2826 = DIRECTION('',(-0.,0.,-1.));
#2827 = DIRECTION('',(-0.,-1.,0.));
#2828 = FACE_BOUND('',#2829,.F.);
#2829 = EDGE_LOOP('',(#2830));
#2830 = ORIENTED_EDGE('',*,*,#2831,.T.);
#2831 = EDGE_CURVE('',#2832,#2832,#2834,.T.);
#2832 = VERTEX_POINT('',#2833);
#2833 = CARTESIAN_POINT('',(65.786,-120.873,0.));
#2834 = CIRCLE('',#2835,0.35);
#2835 = AXIS2_PLACEMENT_3D('',#2836,#2837,#2838);
#2836 = CARTESIAN_POINT('',(65.786,-120.523,0.));
#2837 = DIRECTION('',(-0.,0.,-1.));
#2838 = DIRECTION('',(-0.,-1.,0.));
#2839 = FACE_BOUND('',#2840,.F.);
#2840 = EDGE_LOOP('',(#2841));
#2841 = ORIENTED_EDGE('',*,*,#2842,.T.);
#2842 = EDGE_CURVE('',#2843,#2843,#2845,.T.);
#2843 = VERTEX_POINT('',#2844);
#2844 = CARTESIAN_POINT('',(77.216,-125.976,0.));
#2845 = CIRCLE('',#2846,0.5);
#2846 = AXIS2_PLACEMENT_3D('',#2847,#2848,#2849);
#2847 = CARTESIAN_POINT('',(77.216,-125.476,0.));
#2848 = DIRECTION('',(-0.,0.,-1.));
#2849 = DIRECTION('',(-0.,-1.,0.));
#2850 = FACE_BOUND('',#2851,.F.);
#2851 = EDGE_LOOP('',(#2852));
#2852 = ORIENTED_EDGE('',*,*,#2853,.T.);
#2853 = EDGE_CURVE('',#2854,#2854,#2856,.T.);
#2854 = VERTEX_POINT('',#2855);
#2855 = CARTESIAN_POINT('',(79.756,-125.976,0.));
#2856 = CIRCLE('',#2857,0.5);
#2857 = AXIS2_PLACEMENT_3D('',#2858,#2859,#2860);
#2858 = CARTESIAN_POINT('',(79.756,-125.476,0.));
#2859 = DIRECTION('',(-0.,0.,-1.));
#2860 = DIRECTION('',(-0.,-1.,0.));
#2861 = FACE_BOUND('',#2862,.F.);
#2862 = EDGE_LOOP('',(#2863));
#2863 = ORIENTED_EDGE('',*,*,#2864,.T.);
#2864 = EDGE_CURVE('',#2865,#2865,#2867,.T.);
#2865 = VERTEX_POINT('',#2866);
#2866 = CARTESIAN_POINT('',(82.296,-125.976,0.));
#2867 = CIRCLE('',#2868,0.5);
#2868 = AXIS2_PLACEMENT_3D('',#2869,#2870,#2871);
#2869 = CARTESIAN_POINT('',(82.296,-125.476,0.));
#2870 = DIRECTION('',(-0.,0.,-1.));
#2871 = DIRECTION('',(-0.,-1.,0.));
#2872 = FACE_BOUND('',#2873,.F.);
#2873 = EDGE_LOOP('',(#2874));
#2874 = ORIENTED_EDGE('',*,*,#2875,.T.);
#2875 = EDGE_CURVE('',#2876,#2876,#2878,.T.);
#2876 = VERTEX_POINT('',#2877);
#2877 = CARTESIAN_POINT('',(84.836,-125.976,0.));
#2878 = CIRCLE('',#2879,0.5);
#2879 = AXIS2_PLACEMENT_3D('',#2880,#2881,#2882);
#2880 = CARTESIAN_POINT('',(84.836,-125.476,0.));
#2881 = DIRECTION('',(-0.,0.,-1.));
#2882 = DIRECTION('',(-0.,-1.,0.));
#2883 = FACE_BOUND('',#2884,.F.);
#2884 = EDGE_LOOP('',(#2885));
#2885 = ORIENTED_EDGE('',*,*,#2886,.T.);
#2886 = EDGE_CURVE('',#2887,#2887,#2889,.T.);
#2887 = VERTEX_POINT('',#2888);
#2888 = CARTESIAN_POINT('',(87.376,-125.976,0.));
#2889 = CIRCLE('',#2890,0.5);
#2890 = AXIS2_PLACEMENT_3D('',#2891,#2892,#2893);
#2891 = CARTESIAN_POINT('',(87.376,-125.476,0.));
#2892 = DIRECTION('',(-0.,0.,-1.));
#2893 = DIRECTION('',(-0.,-1.,0.));
#2894 = FACE_BOUND('',#2895,.F.);
#2895 = EDGE_LOOP('',(#2896));
#2896 = ORIENTED_EDGE('',*,*,#2897,.T.);
#2897 = EDGE_CURVE('',#2898,#2898,#2900,.T.);
#2898 = VERTEX_POINT('',#2899);
#2899 = CARTESIAN_POINT('',(89.916,-125.976,0.));
#2900 = CIRCLE('',#2901,0.5);
#2901 = AXIS2_PLACEMENT_3D('',#2902,#2903,#2904);
#2902 = CARTESIAN_POINT('',(89.916,-125.476,0.));
#2903 = DIRECTION('',(-0.,0.,-1.));
#2904 = DIRECTION('',(-0.,-1.,0.));
#2905 = FACE_BOUND('',#2906,.F.);
#2906 = EDGE_LOOP('',(#2907));
#2907 = ORIENTED_EDGE('',*,*,#2908,.T.);
#2908 = EDGE_CURVE('',#2909,#2909,#2911,.T.);
#2909 = VERTEX_POINT('',#2910);
#2910 = CARTESIAN_POINT('',(92.456,-125.976,0.));
#2911 = CIRCLE('',#2912,0.5);
#2912 = AXIS2_PLACEMENT_3D('',#2913,#2914,#2915);
#2913 = CARTESIAN_POINT('',(92.456,-125.476,0.));
#2914 = DIRECTION('',(-0.,0.,-1.));
#2915 = DIRECTION('',(-0.,-1.,0.));
#2916 = FACE_BOUND('',#2917,.F.);
#2917 = EDGE_LOOP('',(#2918));
#2918 = ORIENTED_EDGE('',*,*,#2919,.T.);
#2919 = EDGE_CURVE('',#2920,#2920,#2922,.T.);
#2920 = VERTEX_POINT('',#2921);
#2921 = CARTESIAN_POINT('',(61.976,-116.683,0.));
#2922 = CIRCLE('',#2923,0.605);
#2923 = AXIS2_PLACEMENT_3D('',#2924,#2925,#2926);
#2924 = CARTESIAN_POINT('',(61.976,-116.078,0.));
#2925 = DIRECTION('',(-0.,0.,-1.));
#2926 = DIRECTION('',(-0.,-1.,0.));
#2927 = FACE_BOUND('',#2928,.F.);
#2928 = EDGE_LOOP('',(#2929));
#2929 = ORIENTED_EDGE('',*,*,#2930,.T.);
#2930 = EDGE_CURVE('',#2931,#2931,#2933,.T.);
#2931 = VERTEX_POINT('',#2932);
#2932 = CARTESIAN_POINT('',(61.976,-114.143,0.));
#2933 = CIRCLE('',#2934,0.605);
#2934 = AXIS2_PLACEMENT_3D('',#2935,#2936,#2937);
#2935 = CARTESIAN_POINT('',(61.976,-113.538,0.));
#2936 = DIRECTION('',(-0.,0.,-1.));
#2937 = DIRECTION('',(-0.,-1.,0.));
#2938 = FACE_BOUND('',#2939,.F.);
#2939 = EDGE_LOOP('',(#2940));
#2940 = ORIENTED_EDGE('',*,*,#2941,.T.);
#2941 = EDGE_CURVE('',#2942,#2942,#2944,.T.);
#2942 = VERTEX_POINT('',#2943);
#2943 = CARTESIAN_POINT('',(30.52,-105.275,0.));
#2944 = CIRCLE('',#2945,0.6);
#2945 = AXIS2_PLACEMENT_3D('',#2946,#2947,#2948);
#2946 = CARTESIAN_POINT('',(30.52,-104.675,0.));
#2947 = DIRECTION('',(-0.,0.,-1.));
#2948 = DIRECTION('',(-5.921189464667E-15,-1.,0.));
#2949 = FACE_BOUND('',#2950,.F.);
#2950 = EDGE_LOOP('',(#2951));
#2951 = ORIENTED_EDGE('',*,*,#2952,.T.);
#2952 = EDGE_CURVE('',#2953,#2953,#2955,.T.);
#2953 = VERTEX_POINT('',#2954);
#2954 = CARTESIAN_POINT('',(35.52,-105.275,0.));
#2955 = CIRCLE('',#2956,0.6);
#2956 = AXIS2_PLACEMENT_3D('',#2957,#2958,#2959);
#2957 = CARTESIAN_POINT('',(35.52,-104.675,0.));
#2958 = DIRECTION('',(-0.,0.,-1.));
#2959 = DIRECTION('',(1.184237892933E-14,-1.,-0.));
#2960 = FACE_BOUND('',#2961,.F.);
#2961 = EDGE_LOOP('',(#2962));
#2962 = ORIENTED_EDGE('',*,*,#2963,.T.);
#2963 = EDGE_CURVE('',#2964,#2964,#2966,.T.);
#2964 = VERTEX_POINT('',#2965);
#2965 = CARTESIAN_POINT('',(44.49,-104.105,0.));
#2966 = CIRCLE('',#2967,0.6);
#2967 = AXIS2_PLACEMENT_3D('',#2968,#2969,#2970);
#2968 = CARTESIAN_POINT('',(44.49,-103.505,0.));
#2969 = DIRECTION('',(-0.,0.,-1.));
#2970 = DIRECTION('',(-0.,-1.,0.));
#2971 = FACE_BOUND('',#2972,.F.);
#2972 = EDGE_LOOP('',(#2973));
#2973 = ORIENTED_EDGE('',*,*,#2974,.T.);
#2974 = EDGE_CURVE('',#2975,#2975,#2977,.T.);
#2975 = VERTEX_POINT('',#2976);
#2976 = CARTESIAN_POINT('',(49.49,-104.105,0.));
#2977 = CIRCLE('',#2978,0.6);
#2978 = AXIS2_PLACEMENT_3D('',#2979,#2980,#2981);
#2979 = CARTESIAN_POINT('',(49.49,-103.505,0.));
#2980 = DIRECTION('',(-0.,0.,-1.));
#2981 = DIRECTION('',(-0.,-1.,0.));
#2982 = FACE_BOUND('',#2983,.F.);
#2983 = EDGE_LOOP('',(#2984));
#2984 = ORIENTED_EDGE('',*,*,#2985,.T.);
#2985 = EDGE_CURVE('',#2986,#2986,#2988,.T.);
#2986 = VERTEX_POINT('',#2987);
#2987 = CARTESIAN_POINT('',(58.46,-105.275,0.));
#2988 = CIRCLE('',#2989,0.6);
#2989 = AXIS2_PLACEMENT_3D('',#2990,#2991,#2992);
#2990 = CARTESIAN_POINT('',(58.46,-104.675,0.));
#2991 = DIRECTION('',(-0.,0.,-1.));
#2992 = DIRECTION('',(-0.,-1.,0.));
#2993 = FACE_BOUND('',#2994,.F.);
#2994 = EDGE_LOOP('',(#2995));
#2995 = ORIENTED_EDGE('',*,*,#2996,.T.);
#2996 = EDGE_CURVE('',#2997,#2997,#2999,.T.);
#2997 = VERTEX_POINT('',#2998);
#2998 = CARTESIAN_POINT('',(74.676,-110.736,0.));
#2999 = CIRCLE('',#3000,0.5);
#3000 = AXIS2_PLACEMENT_3D('',#3001,#3002,#3003);
#3001 = CARTESIAN_POINT('',(74.676,-110.236,0.));
#3002 = DIRECTION('',(-0.,0.,-1.));
#3003 = DIRECTION('',(-0.,-1.,0.));
#3004 = FACE_BOUND('',#3005,.F.);
#3005 = EDGE_LOOP('',(#3006));
#3006 = ORIENTED_EDGE('',*,*,#3007,.T.);
#3007 = EDGE_CURVE('',#3008,#3008,#3010,.T.);
#3008 = VERTEX_POINT('',#3009);
#3009 = CARTESIAN_POINT('',(77.216,-110.736,0.));
#3010 = CIRCLE('',#3011,0.5);
#3011 = AXIS2_PLACEMENT_3D('',#3012,#3013,#3014);
#3012 = CARTESIAN_POINT('',(77.216,-110.236,0.));
#3013 = DIRECTION('',(-0.,0.,-1.));
#3014 = DIRECTION('',(-0.,-1.,0.));
#3015 = FACE_BOUND('',#3016,.F.);
#3016 = EDGE_LOOP('',(#3017));
#3017 = ORIENTED_EDGE('',*,*,#3018,.T.);
#3018 = EDGE_CURVE('',#3019,#3019,#3021,.T.);
#3019 = VERTEX_POINT('',#3020);
#3020 = CARTESIAN_POINT('',(79.756,-110.736,0.));
#3021 = CIRCLE('',#3022,0.5);
#3022 = AXIS2_PLACEMENT_3D('',#3023,#3024,#3025);
#3023 = CARTESIAN_POINT('',(79.756,-110.236,0.));
#3024 = DIRECTION('',(-0.,0.,-1.));
#3025 = DIRECTION('',(-0.,-1.,0.));
#3026 = FACE_BOUND('',#3027,.F.);
#3027 = EDGE_LOOP('',(#3028));
#3028 = ORIENTED_EDGE('',*,*,#3029,.T.);
#3029 = EDGE_CURVE('',#3030,#3030,#3032,.T.);
#3030 = VERTEX_POINT('',#3031);
#3031 = CARTESIAN_POINT('',(82.296,-110.736,0.));
#3032 = CIRCLE('',#3033,0.5);
#3033 = AXIS2_PLACEMENT_3D('',#3034,#3035,#3036);
#3034 = CARTESIAN_POINT('',(82.296,-110.236,0.));
#3035 = DIRECTION('',(-0.,0.,-1.));
#3036 = DIRECTION('',(-0.,-1.,0.));
#3037 = FACE_BOUND('',#3038,.F.);
#3038 = EDGE_LOOP('',(#3039));
#3039 = ORIENTED_EDGE('',*,*,#3040,.T.);
#3040 = EDGE_CURVE('',#3041,#3041,#3043,.T.);
#3041 = VERTEX_POINT('',#3042);
#3042 = CARTESIAN_POINT('',(84.836,-110.736,0.));
#3043 = CIRCLE('',#3044,0.5);
#3044 = AXIS2_PLACEMENT_3D('',#3045,#3046,#3047);
#3045 = CARTESIAN_POINT('',(84.836,-110.236,0.));
#3046 = DIRECTION('',(-0.,0.,-1.));
#3047 = DIRECTION('',(-0.,-1.,0.));
#3048 = FACE_BOUND('',#3049,.F.);
#3049 = EDGE_LOOP('',(#3050));
#3050 = ORIENTED_EDGE('',*,*,#3051,.T.);
#3051 = EDGE_CURVE('',#3052,#3052,#3054,.T.);
#3052 = VERTEX_POINT('',#3053);
#3053 = CARTESIAN_POINT('',(87.376,-110.736,0.));
#3054 = CIRCLE('',#3055,0.5);
#3055 = AXIS2_PLACEMENT_3D('',#3056,#3057,#3058);
#3056 = CARTESIAN_POINT('',(87.376,-110.236,0.));
#3057 = DIRECTION('',(-0.,0.,-1.));
#3058 = DIRECTION('',(-0.,-1.,0.));
#3059 = FACE_BOUND('',#3060,.F.);
#3060 = EDGE_LOOP('',(#3061));
#3061 = ORIENTED_EDGE('',*,*,#3062,.T.);
#3062 = EDGE_CURVE('',#3063,#3063,#3065,.T.);
#3063 = VERTEX_POINT('',#3064);
#3064 = CARTESIAN_POINT('',(89.916,-110.736,0.));
#3065 = CIRCLE('',#3066,0.5);
#3066 = AXIS2_PLACEMENT_3D('',#3067,#3068,#3069);
#3067 = CARTESIAN_POINT('',(89.916,-110.236,0.));
#3068 = DIRECTION('',(-0.,0.,-1.));
#3069 = DIRECTION('',(-0.,-1.,0.));
#3070 = FACE_BOUND('',#3071,.F.);
#3071 = EDGE_LOOP('',(#3072));
#3072 = ORIENTED_EDGE('',*,*,#3073,.T.);
#3073 = EDGE_CURVE('',#3074,#3074,#3076,.T.);
#3074 = VERTEX_POINT('',#3075);
#3075 = CARTESIAN_POINT('',(92.456,-110.736,0.));
#3076 = CIRCLE('',#3077,0.5);
#3077 = AXIS2_PLACEMENT_3D('',#3078,#3079,#3080);
#3078 = CARTESIAN_POINT('',(92.456,-110.236,0.));
#3079 = DIRECTION('',(-0.,0.,-1.));
#3080 = DIRECTION('',(-0.,-1.,0.));
#3081 = FACE_BOUND('',#3082,.F.);
#3082 = EDGE_LOOP('',(#3083));
#3083 = ORIENTED_EDGE('',*,*,#3084,.T.);
#3084 = EDGE_CURVE('',#3085,#3085,#3087,.T.);
#3085 = VERTEX_POINT('',#3086);
#3086 = CARTESIAN_POINT('',(63.46,-105.275,0.));
#3087 = CIRCLE('',#3088,0.6);
#3088 = AXIS2_PLACEMENT_3D('',#3089,#3090,#3091);
#3089 = CARTESIAN_POINT('',(63.46,-104.675,0.));
#3090 = DIRECTION('',(-0.,0.,-1.));
#3091 = DIRECTION('',(-0.,-1.,0.));
#3092 = FACE_BOUND('',#3093,.F.);
#3093 = EDGE_LOOP('',(#3094));
#3094 = ORIENTED_EDGE('',*,*,#3095,.T.);
#3095 = EDGE_CURVE('',#3096,#3096,#3098,.T.);
#3096 = VERTEX_POINT('',#3097);
#3097 = CARTESIAN_POINT('',(94.996,-125.976,0.));
#3098 = CIRCLE('',#3099,0.5);
#3099 = AXIS2_PLACEMENT_3D('',#3100,#3101,#3102);
#3100 = CARTESIAN_POINT('',(94.996,-125.476,0.));
#3101 = DIRECTION('',(-0.,0.,-1.));
#3102 = DIRECTION('',(-0.,-1.,0.));
#3103 = FACE_BOUND('',#3104,.F.);
#3104 = EDGE_LOOP('',(#3105));
#3105 = ORIENTED_EDGE('',*,*,#3106,.T.);
#3106 = EDGE_CURVE('',#3107,#3107,#3109,.T.);
#3107 = VERTEX_POINT('',#3108);
#3108 = CARTESIAN_POINT('',(97.536,-125.976,0.));
#3109 = CIRCLE('',#3110,0.5);
#3110 = AXIS2_PLACEMENT_3D('',#3111,#3112,#3113);
#3111 = CARTESIAN_POINT('',(97.536,-125.476,0.));
#3112 = DIRECTION('',(-0.,0.,-1.));
#3113 = DIRECTION('',(-0.,-1.,0.));
#3114 = FACE_BOUND('',#3115,.F.);
#3115 = EDGE_LOOP('',(#3116));
#3116 = ORIENTED_EDGE('',*,*,#3117,.T.);
#3117 = EDGE_CURVE('',#3118,#3118,#3120,.T.);
#3118 = VERTEX_POINT('',#3119);
#3119 = CARTESIAN_POINT('',(100.076,-125.976,0.));
#3120 = CIRCLE('',#3121,0.5);
#3121 = AXIS2_PLACEMENT_3D('',#3122,#3123,#3124);
#3122 = CARTESIAN_POINT('',(100.076,-125.476,0.));
#3123 = DIRECTION('',(-0.,0.,-1.));
#3124 = DIRECTION('',(-0.,-1.,0.));
#3125 = FACE_BOUND('',#3126,.F.);
#3126 = EDGE_LOOP('',(#3127));
#3127 = ORIENTED_EDGE('',*,*,#3128,.T.);
#3128 = EDGE_CURVE('',#3129,#3129,#3131,.T.);
#3129 = VERTEX_POINT('',#3130);
#3130 = CARTESIAN_POINT('',(102.616,-125.976,0.));
#3131 = CIRCLE('',#3132,0.5);
#3132 = AXIS2_PLACEMENT_3D('',#3133,#3134,#3135);
#3133 = CARTESIAN_POINT('',(102.616,-125.476,0.));
#3134 = DIRECTION('',(-0.,0.,-1.));
#3135 = DIRECTION('',(-0.,-1.,0.));
#3136 = FACE_BOUND('',#3137,.F.);
#3137 = EDGE_LOOP('',(#3138));
#3138 = ORIENTED_EDGE('',*,*,#3139,.T.);
#3139 = EDGE_CURVE('',#3140,#3140,#3142,.T.);
#3140 = VERTEX_POINT('',#3141);
#3141 = CARTESIAN_POINT('',(105.156,-125.976,0.));
#3142 = CIRCLE('',#3143,0.5);
#3143 = AXIS2_PLACEMENT_3D('',#3144,#3145,#3146);
#3144 = CARTESIAN_POINT('',(105.156,-125.476,0.));
#3145 = DIRECTION('',(-0.,0.,-1.));
#3146 = DIRECTION('',(-0.,-1.,0.));
#3147 = FACE_BOUND('',#3148,.F.);
#3148 = EDGE_LOOP('',(#3149));
#3149 = ORIENTED_EDGE('',*,*,#3150,.T.);
#3150 = EDGE_CURVE('',#3151,#3151,#3153,.T.);
#3151 = VERTEX_POINT('',#3152);
#3152 = CARTESIAN_POINT('',(107.696,-125.976,0.));
#3153 = CIRCLE('',#3154,0.5);
#3154 = AXIS2_PLACEMENT_3D('',#3155,#3156,#3157);
#3155 = CARTESIAN_POINT('',(107.696,-125.476,0.));
#3156 = DIRECTION('',(-0.,0.,-1.));
#3157 = DIRECTION('',(-0.,-1.,0.));
#3158 = FACE_BOUND('',#3159,.F.);
#3159 = EDGE_LOOP('',(#3160));
#3160 = ORIENTED_EDGE('',*,*,#3161,.T.);
#3161 = EDGE_CURVE('',#3162,#3162,#3164,.T.);
#3162 = VERTEX_POINT('',#3163);
#3163 = CARTESIAN_POINT('',(110.236,-125.976,0.));
#3164 = CIRCLE('',#3165,0.5);
#3165 = AXIS2_PLACEMENT_3D('',#3166,#3167,#3168);
#3166 = CARTESIAN_POINT('',(110.236,-125.476,0.));
#3167 = DIRECTION('',(-0.,0.,-1.));
#3168 = DIRECTION('',(-0.,-1.,0.));
#3169 = FACE_BOUND('',#3170,.F.);
#3170 = EDGE_LOOP('',(#3171));
#3171 = ORIENTED_EDGE('',*,*,#3172,.F.);
#3172 = EDGE_CURVE('',#3173,#3173,#3175,.T.);
#3173 = VERTEX_POINT('',#3174);
#3174 = CARTESIAN_POINT('',(158.115,-124.46,0.));
#3175 = CIRCLE('',#3176,3.175);
#3176 = AXIS2_PLACEMENT_3D('',#3177,#3178,#3179);
#3177 = CARTESIAN_POINT('',(154.94,-124.46,0.));
#3178 = DIRECTION('',(0.,0.,1.));
#3179 = DIRECTION('',(1.,0.,-0.));
#3180 = FACE_BOUND('',#3181,.F.);
#3181 = EDGE_LOOP('',(#3182));
#3182 = ORIENTED_EDGE('',*,*,#3183,.T.);
#3183 = EDGE_CURVE('',#3184,#3184,#3186,.T.);
#3184 = VERTEX_POINT('',#3185);
#3185 = CARTESIAN_POINT('',(135.295,-116.705,0.));
#3186 = CIRCLE('',#3187,0.6);
#3187 = AXIS2_PLACEMENT_3D('',#3188,#3189,#3190);
#3188 = CARTESIAN_POINT('',(135.295,-116.105,0.));
#3189 = DIRECTION('',(-0.,0.,-1.));
#3190 = DIRECTION('',(-4.736951571734E-14,-1.,0.));
#3191 = FACE_BOUND('',#3192,.F.);
#3192 = EDGE_LOOP('',(#3193));
#3193 = ORIENTED_EDGE('',*,*,#3194,.T.);
#3194 = EDGE_CURVE('',#3195,#3195,#3197,.T.);
#3195 = VERTEX_POINT('',#3196);
#3196 = CARTESIAN_POINT('',(140.295,-116.705,0.));
#3197 = CIRCLE('',#3198,0.6);
#3198 = AXIS2_PLACEMENT_3D('',#3199,#3200,#3201);
#3199 = CARTESIAN_POINT('',(140.295,-116.105,0.));
#3200 = DIRECTION('',(-0.,0.,-1.));
#3201 = DIRECTION('',(-4.736951571734E-14,-1.,0.));
#3202 = FACE_BOUND('',#3203,.F.);
#3203 = EDGE_LOOP('',(#3204));
#3204 = ORIENTED_EDGE('',*,*,#3205,.T.);
#3205 = EDGE_CURVE('',#3206,#3206,#3208,.T.);
#3206 = VERTEX_POINT('',#3207);
#3207 = CARTESIAN_POINT('',(94.996,-110.736,0.));
#3208 = CIRCLE('',#3209,0.5);
#3209 = AXIS2_PLACEMENT_3D('',#3210,#3211,#3212);
#3210 = CARTESIAN_POINT('',(94.996,-110.236,0.));
#3211 = DIRECTION('',(-0.,0.,-1.));
#3212 = DIRECTION('',(-0.,-1.,0.));
#3213 = FACE_BOUND('',#3214,.F.);
#3214 = EDGE_LOOP('',(#3215));
#3215 = ORIENTED_EDGE('',*,*,#3216,.T.);
#3216 = EDGE_CURVE('',#3217,#3217,#3219,.T.);
#3217 = VERTEX_POINT('',#3218);
#3218 = CARTESIAN_POINT('',(97.536,-110.736,0.));
#3219 = CIRCLE('',#3220,0.5);
#3220 = AXIS2_PLACEMENT_3D('',#3221,#3222,#3223);
#3221 = CARTESIAN_POINT('',(97.536,-110.236,0.));
#3222 = DIRECTION('',(-0.,0.,-1.));
#3223 = DIRECTION('',(-0.,-1.,0.));
#3224 = FACE_BOUND('',#3225,.F.);
#3225 = EDGE_LOOP('',(#3226));
#3226 = ORIENTED_EDGE('',*,*,#3227,.T.);
#3227 = EDGE_CURVE('',#3228,#3228,#3230,.T.);
#3228 = VERTEX_POINT('',#3229);
#3229 = CARTESIAN_POINT('',(100.076,-110.736,0.));
#3230 = CIRCLE('',#3231,0.5);
#3231 = AXIS2_PLACEMENT_3D('',#3232,#3233,#3234);
#3232 = CARTESIAN_POINT('',(100.076,-110.236,0.));
#3233 = DIRECTION('',(-0.,0.,-1.));
#3234 = DIRECTION('',(-0.,-1.,0.));
#3235 = FACE_BOUND('',#3236,.F.);
#3236 = EDGE_LOOP('',(#3237));
#3237 = ORIENTED_EDGE('',*,*,#3238,.T.);
#3238 = EDGE_CURVE('',#3239,#3239,#3241,.T.);
#3239 = VERTEX_POINT('',#3240);
#3240 = CARTESIAN_POINT('',(102.616,-110.736,0.));
#3241 = CIRCLE('',#3242,0.5);
#3242 = AXIS2_PLACEMENT_3D('',#3243,#3244,#3245);
#3243 = CARTESIAN_POINT('',(102.616,-110.236,0.));
#3244 = DIRECTION('',(-0.,0.,-1.));
#3245 = DIRECTION('',(-0.,-1.,0.));
#3246 = FACE_BOUND('',#3247,.F.);
#3247 = EDGE_LOOP('',(#3248));
#3248 = ORIENTED_EDGE('',*,*,#3249,.T.);
#3249 = EDGE_CURVE('',#3250,#3250,#3252,.T.);
#3250 = VERTEX_POINT('',#3251);
#3251 = CARTESIAN_POINT('',(105.156,-110.736,0.));
#3252 = CIRCLE('',#3253,0.5);
#3253 = AXIS2_PLACEMENT_3D('',#3254,#3255,#3256);
#3254 = CARTESIAN_POINT('',(105.156,-110.236,0.));
#3255 = DIRECTION('',(-0.,0.,-1.));
#3256 = DIRECTION('',(-0.,-1.,0.));
#3257 = FACE_BOUND('',#3258,.F.);
#3258 = EDGE_LOOP('',(#3259));
#3259 = ORIENTED_EDGE('',*,*,#3260,.T.);
#3260 = EDGE_CURVE('',#3261,#3261,#3263,.T.);
#3261 = VERTEX_POINT('',#3262);
#3262 = CARTESIAN_POINT('',(107.696,-110.736,0.));
#3263 = CIRCLE('',#3264,0.5);
#3264 = AXIS2_PLACEMENT_3D('',#3265,#3266,#3267);
#3265 = CARTESIAN_POINT('',(107.696,-110.236,0.));
#3266 = DIRECTION('',(-0.,0.,-1.));
#3267 = DIRECTION('',(-0.,-1.,0.));
#3268 = FACE_BOUND('',#3269,.F.);
#3269 = EDGE_LOOP('',(#3270));
#3270 = ORIENTED_EDGE('',*,*,#3271,.T.);
#3271 = EDGE_CURVE('',#3272,#3272,#3274,.T.);
#3272 = VERTEX_POINT('',#3273);
#3273 = CARTESIAN_POINT('',(110.236,-110.736,0.));
#3274 = CIRCLE('',#3275,0.5);
#3275 = AXIS2_PLACEMENT_3D('',#3276,#3277,#3278);
#3276 = CARTESIAN_POINT('',(110.236,-110.236,0.));
#3277 = DIRECTION('',(-0.,0.,-1.));
#3278 = DIRECTION('',(-0.,-1.,0.));
#3279 = FACE_BOUND('',#3280,.F.);
#3280 = EDGE_LOOP('',(#3281));
#3281 = ORIENTED_EDGE('',*,*,#3282,.T.);
#3282 = EDGE_CURVE('',#3283,#3283,#3285,.T.);
#3283 = VERTEX_POINT('',#3284);
#3284 = CARTESIAN_POINT('',(121.325,-105.275,0.));
#3285 = CIRCLE('',#3286,0.6);
#3286 = AXIS2_PLACEMENT_3D('',#3287,#3288,#3289);
#3287 = CARTESIAN_POINT('',(121.325,-104.675,0.));
#3288 = DIRECTION('',(-0.,0.,-1.));
#3289 = DIRECTION('',(2.368475785867E-14,-1.,-0.));
#3290 = FACE_BOUND('',#3291,.F.);
#3291 = EDGE_LOOP('',(#3292));
#3292 = ORIENTED_EDGE('',*,*,#3293,.T.);
#3293 = EDGE_CURVE('',#3294,#3294,#3296,.T.);
#3294 = VERTEX_POINT('',#3295);
#3295 = CARTESIAN_POINT('',(126.325,-105.275,0.));
#3296 = CIRCLE('',#3297,0.6);
#3297 = AXIS2_PLACEMENT_3D('',#3298,#3299,#3300);
#3298 = CARTESIAN_POINT('',(126.325,-104.675,0.));
#3299 = DIRECTION('',(-0.,0.,-1.));
#3300 = DIRECTION('',(2.368475785867E-14,-1.,-0.));
#3301 = FACE_BOUND('',#3302,.F.);
#3302 = EDGE_LOOP('',(#3303));
#3303 = ORIENTED_EDGE('',*,*,#3304,.T.);
#3304 = EDGE_CURVE('',#3305,#3305,#3307,.T.);
#3305 = VERTEX_POINT('',#3306);
#3306 = CARTESIAN_POINT('',(135.295,-104.205,0.));
#3307 = CIRCLE('',#3308,0.6);
#3308 = AXIS2_PLACEMENT_3D('',#3309,#3310,#3311);
#3309 = CARTESIAN_POINT('',(135.295,-103.605,0.));
#3310 = DIRECTION('',(-0.,0.,-1.));
#3311 = DIRECTION('',(-4.736951571734E-14,-1.,0.));
#3312 = FACE_BOUND('',#3313,.F.);
#3313 = EDGE_LOOP('',(#3314));
#3314 = ORIENTED_EDGE('',*,*,#3315,.T.);
#3315 = EDGE_CURVE('',#3316,#3316,#3318,.T.);
#3316 = VERTEX_POINT('',#3317);
#3317 = CARTESIAN_POINT('',(140.295,-104.205,0.));
#3318 = CIRCLE('',#3319,0.6);
#3319 = AXIS2_PLACEMENT_3D('',#3320,#3321,#3322);
#3320 = CARTESIAN_POINT('',(140.295,-103.605,0.));
#3321 = DIRECTION('',(-0.,0.,-1.));
#3322 = DIRECTION('',(-4.736951571734E-14,-1.,0.));
#3323 = FACE_BOUND('',#3324,.F.);
#3324 = EDGE_LOOP('',(#3325));
#3325 = ORIENTED_EDGE('',*,*,#3326,.T.);
#3326 = EDGE_CURVE('',#3327,#3327,#3329,.T.);
#3327 = VERTEX_POINT('',#3328);
#3328 = CARTESIAN_POINT('',(149.225,-105.275,0.));
#3329 = CIRCLE('',#3330,0.6);
#3330 = AXIS2_PLACEMENT_3D('',#3331,#3332,#3333);
#3331 = CARTESIAN_POINT('',(149.225,-104.675,0.));
#3332 = DIRECTION('',(-0.,0.,-1.));
#3333 = DIRECTION('',(-0.,-1.,0.));
#3334 = FACE_BOUND('',#3335,.F.);
#3335 = EDGE_LOOP('',(#3336));
#3336 = ORIENTED_EDGE('',*,*,#3337,.T.);
#3337 = EDGE_CURVE('',#3338,#3338,#3340,.T.);
#3338 = VERTEX_POINT('',#3339);
#3339 = CARTESIAN_POINT('',(154.225,-105.275,0.));
#3340 = CIRCLE('',#3341,0.6);
#3341 = AXIS2_PLACEMENT_3D('',#3342,#3343,#3344);
#3342 = CARTESIAN_POINT('',(154.225,-104.675,0.));
#3343 = DIRECTION('',(-0.,0.,-1.));
#3344 = DIRECTION('',(-0.,-1.,0.));
#3345 = FACE_BOUND('',#3346,.F.);
#3346 = EDGE_LOOP('',(#3347));
#3347 = ORIENTED_EDGE('',*,*,#3348,.T.);
#3348 = EDGE_CURVE('',#3349,#3349,#3351,.T.);
#3349 = VERTEX_POINT('',#3350);
#3350 = CARTESIAN_POINT('',(30.52,-92.775,0.));
#3351 = CIRCLE('',#3352,0.6);
#3352 = AXIS2_PLACEMENT_3D('',#3353,#3354,#3355);
#3353 = CARTESIAN_POINT('',(30.52,-92.175,0.));
#3354 = DIRECTION('',(-0.,0.,-1.));
#3355 = DIRECTION('',(-5.921189464667E-15,-1.,0.));
#3356 = FACE_BOUND('',#3357,.F.);
#3357 = EDGE_LOOP('',(#3358));
#3358 = ORIENTED_EDGE('',*,*,#3359,.T.);
#3359 = EDGE_CURVE('',#3360,#3360,#3362,.T.);
#3360 = VERTEX_POINT('',#3361);
#3361 = CARTESIAN_POINT('',(35.52,-92.775,0.));
#3362 = CIRCLE('',#3363,0.6);
#3363 = AXIS2_PLACEMENT_3D('',#3364,#3365,#3366);
#3364 = CARTESIAN_POINT('',(35.52,-92.175,0.));
#3365 = DIRECTION('',(-0.,0.,-1.));
#3366 = DIRECTION('',(1.184237892933E-14,-1.,-0.));
#3367 = FACE_BOUND('',#3368,.F.);
#3368 = EDGE_LOOP('',(#3369));
#3369 = ORIENTED_EDGE('',*,*,#3370,.T.);
#3370 = EDGE_CURVE('',#3371,#3371,#3373,.T.);
#3371 = VERTEX_POINT('',#3372);
#3372 = CARTESIAN_POINT('',(44.49,-93.645,0.));
#3373 = CIRCLE('',#3374,0.6);
#3374 = AXIS2_PLACEMENT_3D('',#3375,#3376,#3377);
#3375 = CARTESIAN_POINT('',(44.49,-93.045,0.));
#3376 = DIRECTION('',(-0.,0.,-1.));
#3377 = DIRECTION('',(-0.,-1.,0.));
#3378 = FACE_BOUND('',#3379,.F.);
#3379 = EDGE_LOOP('',(#3380));
#3380 = ORIENTED_EDGE('',*,*,#3381,.T.);
#3381 = EDGE_CURVE('',#3382,#3382,#3384,.T.);
#3382 = VERTEX_POINT('',#3383);
#3383 = CARTESIAN_POINT('',(49.49,-93.645,0.));
#3384 = CIRCLE('',#3385,0.6);
#3385 = AXIS2_PLACEMENT_3D('',#3386,#3387,#3388);
#3386 = CARTESIAN_POINT('',(49.49,-93.045,0.));
#3387 = DIRECTION('',(-0.,0.,-1.));
#3388 = DIRECTION('',(-0.,-1.,0.));
#3389 = FACE_BOUND('',#3390,.F.);
#3390 = EDGE_LOOP('',(#3391));
#3391 = ORIENTED_EDGE('',*,*,#3392,.T.);
#3392 = EDGE_CURVE('',#3393,#3393,#3395,.T.);
#3393 = VERTEX_POINT('',#3394);
#3394 = CARTESIAN_POINT('',(58.46,-92.775,0.));
#3395 = CIRCLE('',#3396,0.6);
#3396 = AXIS2_PLACEMENT_3D('',#3397,#3398,#3399);
#3397 = CARTESIAN_POINT('',(58.46,-92.175,0.));
#3398 = DIRECTION('',(-0.,0.,-1.));
#3399 = DIRECTION('',(-0.,-1.,0.));
#3400 = FACE_BOUND('',#3401,.F.);
#3401 = EDGE_LOOP('',(#3402));
#3402 = ORIENTED_EDGE('',*,*,#3403,.T.);
#3403 = EDGE_CURVE('',#3404,#3404,#3406,.T.);
#3404 = VERTEX_POINT('',#3405);
#3405 = CARTESIAN_POINT('',(71.755,-95.115,0.));
#3406 = CIRCLE('',#3407,0.5);
#3407 = AXIS2_PLACEMENT_3D('',#3408,#3409,#3410);
#3408 = CARTESIAN_POINT('',(71.755,-94.615,0.));
#3409 = DIRECTION('',(-0.,0.,-1.));
#3410 = DIRECTION('',(-0.,-1.,0.));
#3411 = FACE_BOUND('',#3412,.F.);
#3412 = EDGE_LOOP('',(#3413));
#3413 = ORIENTED_EDGE('',*,*,#3414,.T.);
#3414 = EDGE_CURVE('',#3415,#3415,#3417,.T.);
#3415 = VERTEX_POINT('',#3416);
#3416 = CARTESIAN_POINT('',(63.46,-92.775,0.));
#3417 = CIRCLE('',#3418,0.6);
#3418 = AXIS2_PLACEMENT_3D('',#3419,#3420,#3421);
#3419 = CARTESIAN_POINT('',(63.46,-92.175,0.));
#3420 = DIRECTION('',(-0.,0.,-1.));
#3421 = DIRECTION('',(-0.,-1.,0.));
#3422 = FACE_BOUND('',#3423,.F.);
#3423 = EDGE_LOOP('',(#3424));
#3424 = ORIENTED_EDGE('',*,*,#3425,.T.);
#3425 = EDGE_CURVE('',#3426,#3426,#3428,.T.);
#3426 = VERTEX_POINT('',#3427);
#3427 = CARTESIAN_POINT('',(71.755,-92.575,0.));
#3428 = CIRCLE('',#3429,0.5);
#3429 = AXIS2_PLACEMENT_3D('',#3430,#3431,#3432);
#3430 = CARTESIAN_POINT('',(71.755,-92.075,0.));
#3431 = DIRECTION('',(-0.,0.,-1.));
#3432 = DIRECTION('',(-0.,-1.,0.));
#3433 = FACE_BOUND('',#3434,.F.);
#3434 = EDGE_LOOP('',(#3435));
#3435 = ORIENTED_EDGE('',*,*,#3436,.T.);
#3436 = EDGE_CURVE('',#3437,#3437,#3439,.T.);
#3437 = VERTEX_POINT('',#3438);
#3438 = CARTESIAN_POINT('',(44.49,-81.145,0.));
#3439 = CIRCLE('',#3440,0.6);
#3440 = AXIS2_PLACEMENT_3D('',#3441,#3442,#3443);
#3441 = CARTESIAN_POINT('',(44.49,-80.545,0.));
#3442 = DIRECTION('',(-0.,0.,-1.));
#3443 = DIRECTION('',(-0.,-1.,0.));
#3444 = FACE_BOUND('',#3445,.F.);
#3445 = EDGE_LOOP('',(#3446));
#3446 = ORIENTED_EDGE('',*,*,#3447,.T.);
#3447 = EDGE_CURVE('',#3448,#3448,#3450,.T.);
#3448 = VERTEX_POINT('',#3449);
#3449 = CARTESIAN_POINT('',(49.49,-81.145,0.));
#3450 = CIRCLE('',#3451,0.6);
#3451 = AXIS2_PLACEMENT_3D('',#3452,#3453,#3454);
#3452 = CARTESIAN_POINT('',(49.49,-80.545,0.));
#3453 = DIRECTION('',(-0.,0.,-1.));
#3454 = DIRECTION('',(-0.,-1.,0.));
#3455 = FACE_BOUND('',#3456,.F.);
#3456 = EDGE_LOOP('',(#3457));
#3457 = ORIENTED_EDGE('',*,*,#3458,.F.);
#3458 = EDGE_CURVE('',#3459,#3459,#3461,.T.);
#3459 = VERTEX_POINT('',#3460);
#3460 = CARTESIAN_POINT('',(33.655,-71.12,0.));
#3461 = CIRCLE('',#3462,3.175);
#3462 = AXIS2_PLACEMENT_3D('',#3463,#3464,#3465);
#3463 = CARTESIAN_POINT('',(30.48,-71.12,0.));
#3464 = DIRECTION('',(0.,0.,1.));
#3465 = DIRECTION('',(1.,0.,-0.));
#3466 = FACE_BOUND('',#3467,.F.);
#3467 = EDGE_LOOP('',(#3468));
#3468 = ORIENTED_EDGE('',*,*,#3469,.T.);
#3469 = EDGE_CURVE('',#3470,#3470,#3472,.T.);
#3470 = VERTEX_POINT('',#3471);
#3471 = CARTESIAN_POINT('',(62.25,-75.43,0.));
#3472 = CIRCLE('',#3473,0.5);
#3473 = AXIS2_PLACEMENT_3D('',#3474,#3475,#3476);
#3474 = CARTESIAN_POINT('',(62.25,-74.93,0.));
#3475 = DIRECTION('',(-0.,0.,-1.));
#3476 = DIRECTION('',(-0.,-1.,0.));
#3477 = FACE_BOUND('',#3478,.F.);
#3478 = EDGE_LOOP('',(#3479));
#3479 = ORIENTED_EDGE('',*,*,#3480,.T.);
#3480 = EDGE_CURVE('',#3481,#3481,#3483,.T.);
#3481 = VERTEX_POINT('',#3482);
#3482 = CARTESIAN_POINT('',(69.85,-75.43,0.));
#3483 = CIRCLE('',#3484,0.5);
#3484 = AXIS2_PLACEMENT_3D('',#3485,#3486,#3487);
#3485 = CARTESIAN_POINT('',(69.85,-74.93,0.));
#3486 = DIRECTION('',(-0.,0.,-1.));
#3487 = DIRECTION('',(-0.,-1.,0.));
#3488 = FACE_BOUND('',#3489,.F.);
#3489 = EDGE_LOOP('',(#3490));
#3490 = ORIENTED_EDGE('',*,*,#3491,.T.);
#3491 = EDGE_CURVE('',#3492,#3492,#3494,.T.);
#3492 = VERTEX_POINT('',#3493);
#3493 = CARTESIAN_POINT('',(88.9,-70.985,0.));
#3494 = CIRCLE('',#3495,0.5);
#3495 = AXIS2_PLACEMENT_3D('',#3496,#3497,#3498);
#3496 = CARTESIAN_POINT('',(88.9,-70.485,0.));
#3497 = DIRECTION('',(-0.,0.,-1.));
#3498 = DIRECTION('',(-0.,-1.,0.));
#3499 = FACE_BOUND('',#3500,.F.);
#3500 = EDGE_LOOP('',(#3501));
#3501 = ORIENTED_EDGE('',*,*,#3502,.T.);
#3502 = EDGE_CURVE('',#3503,#3503,#3505,.T.);
#3503 = VERTEX_POINT('',#3504);
#3504 = CARTESIAN_POINT('',(91.44,-70.985,0.));
#3505 = CIRCLE('',#3506,0.5);
#3506 = AXIS2_PLACEMENT_3D('',#3507,#3508,#3509);
#3507 = CARTESIAN_POINT('',(91.44,-70.485,0.));
#3508 = DIRECTION('',(-0.,0.,-1.));
#3509 = DIRECTION('',(-0.,-1.,0.));
#3510 = FACE_BOUND('',#3511,.F.);
#3511 = EDGE_LOOP('',(#3512));
#3512 = ORIENTED_EDGE('',*,*,#3513,.T.);
#3513 = EDGE_CURVE('',#3514,#3514,#3516,.T.);
#3514 = VERTEX_POINT('',#3515);
#3515 = CARTESIAN_POINT('',(121.325,-92.775,0.));
#3516 = CIRCLE('',#3517,0.6);
#3517 = AXIS2_PLACEMENT_3D('',#3518,#3519,#3520);
#3518 = CARTESIAN_POINT('',(121.325,-92.175,0.));
#3519 = DIRECTION('',(-0.,0.,-1.));
#3520 = DIRECTION('',(2.368475785867E-14,-1.,-0.));
#3521 = FACE_BOUND('',#3522,.F.);
#3522 = EDGE_LOOP('',(#3523));
#3523 = ORIENTED_EDGE('',*,*,#3524,.T.);
#3524 = EDGE_CURVE('',#3525,#3525,#3527,.T.);
#3525 = VERTEX_POINT('',#3526);
#3526 = CARTESIAN_POINT('',(126.325,-92.775,0.));
#3527 = CIRCLE('',#3528,0.6);
#3528 = AXIS2_PLACEMENT_3D('',#3529,#3530,#3531);
#3529 = CARTESIAN_POINT('',(126.325,-92.175,0.));
#3530 = DIRECTION('',(-0.,0.,-1.));
#3531 = DIRECTION('',(2.368475785867E-14,-1.,-0.));
#3532 = FACE_BOUND('',#3533,.F.);
#3533 = EDGE_LOOP('',(#3534));
#3534 = ORIENTED_EDGE('',*,*,#3535,.T.);
#3535 = EDGE_CURVE('',#3536,#3536,#3538,.T.);
#3536 = VERTEX_POINT('',#3537);
#3537 = CARTESIAN_POINT('',(135.375,-93.645,0.));
#3538 = CIRCLE('',#3539,0.6);
#3539 = AXIS2_PLACEMENT_3D('',#3540,#3541,#3542);
#3540 = CARTESIAN_POINT('',(135.375,-93.045,0.));
#3541 = DIRECTION('',(-0.,0.,-1.));
#3542 = DIRECTION('',(-0.,-1.,0.));
#3543 = FACE_BOUND('',#3544,.F.);
#3544 = EDGE_LOOP('',(#3545));
#3545 = ORIENTED_EDGE('',*,*,#3546,.T.);
#3546 = EDGE_CURVE('',#3547,#3547,#3549,.T.);
#3547 = VERTEX_POINT('',#3548);
#3548 = CARTESIAN_POINT('',(140.375,-93.645,0.));
#3549 = CIRCLE('',#3550,0.6);
#3550 = AXIS2_PLACEMENT_3D('',#3551,#3552,#3553);
#3551 = CARTESIAN_POINT('',(140.375,-93.045,0.));
#3552 = DIRECTION('',(-0.,0.,-1.));
#3553 = DIRECTION('',(-0.,-1.,0.));
#3554 = FACE_BOUND('',#3555,.F.);
#3555 = EDGE_LOOP('',(#3556));
#3556 = ORIENTED_EDGE('',*,*,#3557,.T.);
#3557 = EDGE_CURVE('',#3558,#3558,#3560,.T.);
#3558 = VERTEX_POINT('',#3559);
#3559 = CARTESIAN_POINT('',(149.225,-92.775,0.));
#3560 = CIRCLE('',#3561,0.6);
#3561 = AXIS2_PLACEMENT_3D('',#3562,#3563,#3564);
#3562 = CARTESIAN_POINT('',(149.225,-92.175,0.));
#3563 = DIRECTION('',(-0.,0.,-1.));
#3564 = DIRECTION('',(-0.,-1.,0.));
#3565 = FACE_BOUND('',#3566,.F.);
#3566 = EDGE_LOOP('',(#3567));
#3567 = ORIENTED_EDGE('',*,*,#3568,.T.);
#3568 = EDGE_CURVE('',#3569,#3569,#3571,.T.);
#3569 = VERTEX_POINT('',#3570);
#3570 = CARTESIAN_POINT('',(154.225,-92.775,0.));
#3571 = CIRCLE('',#3572,0.6);
#3572 = AXIS2_PLACEMENT_3D('',#3573,#3574,#3575);
#3573 = CARTESIAN_POINT('',(154.225,-92.175,0.));
#3574 = DIRECTION('',(-0.,0.,-1.));
#3575 = DIRECTION('',(-0.,-1.,0.));
#3576 = FACE_BOUND('',#3577,.F.);
#3577 = EDGE_LOOP('',(#3578));
#3578 = ORIENTED_EDGE('',*,*,#3579,.T.);
#3579 = EDGE_CURVE('',#3580,#3580,#3582,.T.);
#3580 = VERTEX_POINT('',#3581);
#3581 = CARTESIAN_POINT('',(93.98,-70.985,0.));
#3582 = CIRCLE('',#3583,0.5);
#3583 = AXIS2_PLACEMENT_3D('',#3584,#3585,#3586);
#3584 = CARTESIAN_POINT('',(93.98,-70.485,0.));
#3585 = DIRECTION('',(-0.,0.,-1.));
#3586 = DIRECTION('',(-0.,-1.,0.));
#3587 = FACE_BOUND('',#3588,.F.);
#3588 = EDGE_LOOP('',(#3589));
#3589 = ORIENTED_EDGE('',*,*,#3590,.T.);
#3590 = EDGE_CURVE('',#3591,#3591,#3593,.T.);
#3591 = VERTEX_POINT('',#3592);
#3592 = CARTESIAN_POINT('',(96.52,-70.985,0.));
#3593 = CIRCLE('',#3594,0.5);
#3594 = AXIS2_PLACEMENT_3D('',#3595,#3596,#3597);
#3595 = CARTESIAN_POINT('',(96.52,-70.485,0.));
#3596 = DIRECTION('',(-0.,0.,-1.));
#3597 = DIRECTION('',(-0.,-1.,0.));
#3598 = FACE_BOUND('',#3599,.F.);
#3599 = EDGE_LOOP('',(#3600));
#3600 = ORIENTED_EDGE('',*,*,#3601,.T.);
#3601 = EDGE_CURVE('',#3602,#3602,#3604,.T.);
#3602 = VERTEX_POINT('',#3603);
#3603 = CARTESIAN_POINT('',(115.58,-75.43,0.));
#3604 = CIRCLE('',#3605,0.5);
#3605 = AXIS2_PLACEMENT_3D('',#3606,#3607,#3608);
#3606 = CARTESIAN_POINT('',(115.58,-74.93,0.));
#3607 = DIRECTION('',(-0.,0.,-1.));
#3608 = DIRECTION('',(-0.,-1.,0.));
#3609 = FACE_BOUND('',#3610,.F.);
#3610 = EDGE_LOOP('',(#3611));
#3611 = ORIENTED_EDGE('',*,*,#3612,.T.);
#3612 = EDGE_CURVE('',#3613,#3613,#3615,.T.);
#3613 = VERTEX_POINT('',#3614);
#3614 = CARTESIAN_POINT('',(123.18,-75.43,0.));
#3615 = CIRCLE('',#3616,0.5);
#3616 = AXIS2_PLACEMENT_3D('',#3617,#3618,#3619);
#3617 = CARTESIAN_POINT('',(123.18,-74.93,0.));
#3618 = DIRECTION('',(-0.,0.,-1.));
#3619 = DIRECTION('',(-0.,-1.,0.));
#3620 = FACE_BOUND('',#3621,.F.);
#3621 = EDGE_LOOP('',(#3622));
#3622 = ORIENTED_EDGE('',*,*,#3623,.T.);
#3623 = EDGE_CURVE('',#3624,#3624,#3626,.T.);
#3624 = VERTEX_POINT('',#3625);
#3625 = CARTESIAN_POINT('',(135.375,-81.145,0.));
#3626 = CIRCLE('',#3627,0.6);
#3627 = AXIS2_PLACEMENT_3D('',#3628,#3629,#3630);
#3628 = CARTESIAN_POINT('',(135.375,-80.545,0.));
#3629 = DIRECTION('',(-0.,0.,-1.));
#3630 = DIRECTION('',(-0.,-1.,0.));
#3631 = FACE_BOUND('',#3632,.F.);
#3632 = EDGE_LOOP('',(#3633));
#3633 = ORIENTED_EDGE('',*,*,#3634,.T.);
#3634 = EDGE_CURVE('',#3635,#3635,#3637,.T.);
#3635 = VERTEX_POINT('',#3636);
#3636 = CARTESIAN_POINT('',(140.375,-81.145,0.));
#3637 = CIRCLE('',#3638,0.6);
#3638 = AXIS2_PLACEMENT_3D('',#3639,#3640,#3641);
#3639 = CARTESIAN_POINT('',(140.375,-80.545,0.));
#3640 = DIRECTION('',(-0.,0.,-1.));
#3641 = DIRECTION('',(-0.,-1.,0.));
#3642 = FACE_BOUND('',#3643,.F.);
#3643 = EDGE_LOOP('',(#3644));
#3644 = ORIENTED_EDGE('',*,*,#3645,.F.);
#3645 = EDGE_CURVE('',#3646,#3646,#3648,.T.);
#3646 = VERTEX_POINT('',#3647);
#3647 = CARTESIAN_POINT('',(158.115,-71.12,0.));
#3648 = CIRCLE('',#3649,3.175);
#3649 = AXIS2_PLACEMENT_3D('',#3650,#3651,#3652);
#3650 = CARTESIAN_POINT('',(154.94,-71.12,0.));
#3651 = DIRECTION('',(0.,0.,1.));
#3652 = DIRECTION('',(1.,0.,-0.));
#3653 = PLANE('',#3654);
#3654 = AXIS2_PLACEMENT_3D('',#3655,#3656,#3657);
#3655 = CARTESIAN_POINT('',(0.,0.,0.));
#3656 = DIRECTION('',(0.,0.,1.));
#3657 = DIRECTION('',(1.,0.,-0.));
#3658 = ADVANCED_FACE('',(#3659,#3670,#3681,#3692,#3703,#3714,#3725,
    #3736,#3747,#3758,#3769,#3780,#3791,#3802,#3813,#3824,#3835,#3846,
    #3857,#3868,#3879,#3890,#3901,#3912,#3923,#3934,#3945,#3956,#3967,
    #3978,#3989,#4000,#4011,#4022,#4033,#4044,#4055,#4066,#4077,#4088,
    #4099,#4110,#4121,#4132,#4143,#4154,#4165,#4176,#4187,#4198,#4209,
    #4220,#4231,#4242,#4253,#4264,#4275,#4286,#4297,#4308,#4319,#4330,
    #4341,#4352,#4363,#4374,#4385,#4396,#4407,#4418,#4429,#4440,#4451,
    #4462,#4473,#4484,#4495,#4506,#4517,#4528,#4539,#4550,#4561,#4572),
  #4583,.T.);
#3659 = FACE_BOUND('',#3660,.T.);
#3660 = EDGE_LOOP('',(#3661,#3662,#3663,#3669));
#3661 = ORIENTED_EDGE('',*,*,#2640,.F.);
#3662 = ORIENTED_EDGE('',*,*,#2680,.F.);
#3663 = ORIENTED_EDGE('',*,*,#3664,.F.);
#3664 = EDGE_CURVE('',#2703,#2673,#3665,.T.);
#3665 = LINE('',#3666,#3667);
#3666 = CARTESIAN_POINT('',(25.4,-66.04,1.51));
#3667 = VECTOR('',#3668,1.);
#3668 = DIRECTION('',(1.,0.,0.));
#3669 = ORIENTED_EDGE('',*,*,#2702,.F.);
#3670 = FACE_BOUND('',#3671,.T.);
#3671 = EDGE_LOOP('',(#3672));
#3672 = ORIENTED_EDGE('',*,*,#3673,.F.);
#3673 = EDGE_CURVE('',#3674,#3674,#3676,.T.);
#3674 = VERTEX_POINT('',#3675);
#3675 = CARTESIAN_POINT('',(33.655,-124.46,1.51));
#3676 = CIRCLE('',#3677,3.175);
#3677 = AXIS2_PLACEMENT_3D('',#3678,#3679,#3680);
#3678 = CARTESIAN_POINT('',(30.48,-124.46,1.51));
#3679 = DIRECTION('',(0.,0.,1.));
#3680 = DIRECTION('',(1.,0.,-0.));
#3681 = FACE_BOUND('',#3682,.T.);
#3682 = EDGE_LOOP('',(#3683));
#3683 = ORIENTED_EDGE('',*,*,#3684,.T.);
#3684 = EDGE_CURVE('',#3685,#3685,#3687,.T.);
#3685 = VERTEX_POINT('',#3686);
#3686 = CARTESIAN_POINT('',(59.436,-125.368,1.51));
#3687 = CIRCLE('',#3688,0.4);
#3688 = AXIS2_PLACEMENT_3D('',#3689,#3690,#3691);
#3689 = CARTESIAN_POINT('',(59.436,-124.968,1.51));
#3690 = DIRECTION('',(-0.,0.,-1.));
#3691 = DIRECTION('',(-0.,-1.,0.));
#3692 = FACE_BOUND('',#3693,.T.);
#3693 = EDGE_LOOP('',(#3694));
#3694 = ORIENTED_EDGE('',*,*,#3695,.T.);
#3695 = EDGE_CURVE('',#3696,#3696,#3698,.T.);
#3696 = VERTEX_POINT('',#3697);
#3697 = CARTESIAN_POINT('',(58.166,-120.873,1.51));
#3698 = CIRCLE('',#3699,0.35);
#3699 = AXIS2_PLACEMENT_3D('',#3700,#3701,#3702);
#3700 = CARTESIAN_POINT('',(58.166,-120.523,1.51));
#3701 = DIRECTION('',(-0.,0.,-1.));
#3702 = DIRECTION('',(-0.,-1.,0.));
#3703 = FACE_BOUND('',#3704,.T.);
#3704 = EDGE_LOOP('',(#3705));
#3705 = ORIENTED_EDGE('',*,*,#3706,.T.);
#3706 = EDGE_CURVE('',#3707,#3707,#3709,.T.);
#3707 = VERTEX_POINT('',#3708);
#3708 = CARTESIAN_POINT('',(44.49,-116.605,1.51));
#3709 = CIRCLE('',#3710,0.6);
#3710 = AXIS2_PLACEMENT_3D('',#3711,#3712,#3713);
#3711 = CARTESIAN_POINT('',(44.49,-116.005,1.51));
#3712 = DIRECTION('',(-0.,0.,-1.));
#3713 = DIRECTION('',(-0.,-1.,0.));
#3714 = FACE_BOUND('',#3715,.T.);
#3715 = EDGE_LOOP('',(#3716));
#3716 = ORIENTED_EDGE('',*,*,#3717,.T.);
#3717 = EDGE_CURVE('',#3718,#3718,#3720,.T.);
#3718 = VERTEX_POINT('',#3719);
#3719 = CARTESIAN_POINT('',(49.49,-116.605,1.51));
#3720 = CIRCLE('',#3721,0.6);
#3721 = AXIS2_PLACEMENT_3D('',#3722,#3723,#3724);
#3722 = CARTESIAN_POINT('',(49.49,-116.005,1.51));
#3723 = DIRECTION('',(-0.,0.,-1.));
#3724 = DIRECTION('',(-0.,-1.,0.));
#3725 = FACE_BOUND('',#3726,.T.);
#3726 = EDGE_LOOP('',(#3727));
#3727 = ORIENTED_EDGE('',*,*,#3728,.T.);
#3728 = EDGE_CURVE('',#3729,#3729,#3731,.T.);
#3729 = VERTEX_POINT('',#3730);
#3730 = CARTESIAN_POINT('',(61.976,-125.368,1.51));
#3731 = CIRCLE('',#3732,0.4);
#3732 = AXIS2_PLACEMENT_3D('',#3733,#3734,#3735);
#3733 = CARTESIAN_POINT('',(61.976,-124.968,1.51));
#3734 = DIRECTION('',(-0.,0.,-1.));
#3735 = DIRECTION('',(-0.,-1.,0.));
#3736 = FACE_BOUND('',#3737,.T.);
#3737 = EDGE_LOOP('',(#3738));
#3738 = ORIENTED_EDGE('',*,*,#3739,.T.);
#3739 = EDGE_CURVE('',#3740,#3740,#3742,.T.);
#3740 = VERTEX_POINT('',#3741);
#3741 = CARTESIAN_POINT('',(64.516,-125.368,1.51));
#3742 = CIRCLE('',#3743,0.4);
#3743 = AXIS2_PLACEMENT_3D('',#3744,#3745,#3746);
#3744 = CARTESIAN_POINT('',(64.516,-124.968,1.51));
#3745 = DIRECTION('',(-0.,0.,-1.));
#3746 = DIRECTION('',(3.5527136788E-14,-1.,-0.));
#3747 = FACE_BOUND('',#3748,.T.);
#3748 = EDGE_LOOP('',(#3749));
#3749 = ORIENTED_EDGE('',*,*,#3750,.T.);
#3750 = EDGE_CURVE('',#3751,#3751,#3753,.T.);
#3751 = VERTEX_POINT('',#3752);
#3752 = CARTESIAN_POINT('',(74.676,-125.976,1.51));
#3753 = CIRCLE('',#3754,0.5);
#3754 = AXIS2_PLACEMENT_3D('',#3755,#3756,#3757);
#3755 = CARTESIAN_POINT('',(74.676,-125.476,1.51));
#3756 = DIRECTION('',(-0.,0.,-1.));
#3757 = DIRECTION('',(-0.,-1.,0.));
#3758 = FACE_BOUND('',#3759,.T.);
#3759 = EDGE_LOOP('',(#3760));
#3760 = ORIENTED_EDGE('',*,*,#3761,.T.);
#3761 = EDGE_CURVE('',#3762,#3762,#3764,.T.);
#3762 = VERTEX_POINT('',#3763);
#3763 = CARTESIAN_POINT('',(65.786,-120.873,1.51));
#3764 = CIRCLE('',#3765,0.35);
#3765 = AXIS2_PLACEMENT_3D('',#3766,#3767,#3768);
#3766 = CARTESIAN_POINT('',(65.786,-120.523,1.51));
#3767 = DIRECTION('',(-0.,0.,-1.));
#3768 = DIRECTION('',(-0.,-1.,0.));
#3769 = FACE_BOUND('',#3770,.T.);
#3770 = EDGE_LOOP('',(#3771));
#3771 = ORIENTED_EDGE('',*,*,#3772,.T.);
#3772 = EDGE_CURVE('',#3773,#3773,#3775,.T.);
#3773 = VERTEX_POINT('',#3774);
#3774 = CARTESIAN_POINT('',(77.216,-125.976,1.51));
#3775 = CIRCLE('',#3776,0.5);
#3776 = AXIS2_PLACEMENT_3D('',#3777,#3778,#3779);
#3777 = CARTESIAN_POINT('',(77.216,-125.476,1.51));
#3778 = DIRECTION('',(-0.,0.,-1.));
#3779 = DIRECTION('',(-0.,-1.,0.));
#3780 = FACE_BOUND('',#3781,.T.);
#3781 = EDGE_LOOP('',(#3782));
#3782 = ORIENTED_EDGE('',*,*,#3783,.T.);
#3783 = EDGE_CURVE('',#3784,#3784,#3786,.T.);
#3784 = VERTEX_POINT('',#3785);
#3785 = CARTESIAN_POINT('',(79.756,-125.976,1.51));
#3786 = CIRCLE('',#3787,0.5);
#3787 = AXIS2_PLACEMENT_3D('',#3788,#3789,#3790);
#3788 = CARTESIAN_POINT('',(79.756,-125.476,1.51));
#3789 = DIRECTION('',(-0.,0.,-1.));
#3790 = DIRECTION('',(-0.,-1.,0.));
#3791 = FACE_BOUND('',#3792,.T.);
#3792 = EDGE_LOOP('',(#3793));
#3793 = ORIENTED_EDGE('',*,*,#3794,.T.);
#3794 = EDGE_CURVE('',#3795,#3795,#3797,.T.);
#3795 = VERTEX_POINT('',#3796);
#3796 = CARTESIAN_POINT('',(82.296,-125.976,1.51));
#3797 = CIRCLE('',#3798,0.5);
#3798 = AXIS2_PLACEMENT_3D('',#3799,#3800,#3801);
#3799 = CARTESIAN_POINT('',(82.296,-125.476,1.51));
#3800 = DIRECTION('',(-0.,0.,-1.));
#3801 = DIRECTION('',(-0.,-1.,0.));
#3802 = FACE_BOUND('',#3803,.T.);
#3803 = EDGE_LOOP('',(#3804));
#3804 = ORIENTED_EDGE('',*,*,#3805,.T.);
#3805 = EDGE_CURVE('',#3806,#3806,#3808,.T.);
#3806 = VERTEX_POINT('',#3807);
#3807 = CARTESIAN_POINT('',(84.836,-125.976,1.51));
#3808 = CIRCLE('',#3809,0.5);
#3809 = AXIS2_PLACEMENT_3D('',#3810,#3811,#3812);
#3810 = CARTESIAN_POINT('',(84.836,-125.476,1.51));
#3811 = DIRECTION('',(-0.,0.,-1.));
#3812 = DIRECTION('',(-0.,-1.,0.));
#3813 = FACE_BOUND('',#3814,.T.);
#3814 = EDGE_LOOP('',(#3815));
#3815 = ORIENTED_EDGE('',*,*,#3816,.T.);
#3816 = EDGE_CURVE('',#3817,#3817,#3819,.T.);
#3817 = VERTEX_POINT('',#3818);
#3818 = CARTESIAN_POINT('',(87.376,-125.976,1.51));
#3819 = CIRCLE('',#3820,0.5);
#3820 = AXIS2_PLACEMENT_3D('',#3821,#3822,#3823);
#3821 = CARTESIAN_POINT('',(87.376,-125.476,1.51));
#3822 = DIRECTION('',(-0.,0.,-1.));
#3823 = DIRECTION('',(-0.,-1.,0.));
#3824 = FACE_BOUND('',#3825,.T.);
#3825 = EDGE_LOOP('',(#3826));
#3826 = ORIENTED_EDGE('',*,*,#3827,.T.);
#3827 = EDGE_CURVE('',#3828,#3828,#3830,.T.);
#3828 = VERTEX_POINT('',#3829);
#3829 = CARTESIAN_POINT('',(89.916,-125.976,1.51));
#3830 = CIRCLE('',#3831,0.5);
#3831 = AXIS2_PLACEMENT_3D('',#3832,#3833,#3834);
#3832 = CARTESIAN_POINT('',(89.916,-125.476,1.51));
#3833 = DIRECTION('',(-0.,0.,-1.));
#3834 = DIRECTION('',(-0.,-1.,0.));
#3835 = FACE_BOUND('',#3836,.T.);
#3836 = EDGE_LOOP('',(#3837));
#3837 = ORIENTED_EDGE('',*,*,#3838,.T.);
#3838 = EDGE_CURVE('',#3839,#3839,#3841,.T.);
#3839 = VERTEX_POINT('',#3840);
#3840 = CARTESIAN_POINT('',(92.456,-125.976,1.51));
#3841 = CIRCLE('',#3842,0.5);
#3842 = AXIS2_PLACEMENT_3D('',#3843,#3844,#3845);
#3843 = CARTESIAN_POINT('',(92.456,-125.476,1.51));
#3844 = DIRECTION('',(-0.,0.,-1.));
#3845 = DIRECTION('',(-0.,-1.,0.));
#3846 = FACE_BOUND('',#3847,.T.);
#3847 = EDGE_LOOP('',(#3848));
#3848 = ORIENTED_EDGE('',*,*,#3849,.T.);
#3849 = EDGE_CURVE('',#3850,#3850,#3852,.T.);
#3850 = VERTEX_POINT('',#3851);
#3851 = CARTESIAN_POINT('',(61.976,-116.683,1.51));
#3852 = CIRCLE('',#3853,0.605);
#3853 = AXIS2_PLACEMENT_3D('',#3854,#3855,#3856);
#3854 = CARTESIAN_POINT('',(61.976,-116.078,1.51));
#3855 = DIRECTION('',(-0.,0.,-1.));
#3856 = DIRECTION('',(-0.,-1.,0.));
#3857 = FACE_BOUND('',#3858,.T.);
#3858 = EDGE_LOOP('',(#3859));
#3859 = ORIENTED_EDGE('',*,*,#3860,.T.);
#3860 = EDGE_CURVE('',#3861,#3861,#3863,.T.);
#3861 = VERTEX_POINT('',#3862);
#3862 = CARTESIAN_POINT('',(61.976,-114.143,1.51));
#3863 = CIRCLE('',#3864,0.605);
#3864 = AXIS2_PLACEMENT_3D('',#3865,#3866,#3867);
#3865 = CARTESIAN_POINT('',(61.976,-113.538,1.51));
#3866 = DIRECTION('',(-0.,0.,-1.));
#3867 = DIRECTION('',(-0.,-1.,0.));
#3868 = FACE_BOUND('',#3869,.T.);
#3869 = EDGE_LOOP('',(#3870));
#3870 = ORIENTED_EDGE('',*,*,#3871,.T.);
#3871 = EDGE_CURVE('',#3872,#3872,#3874,.T.);
#3872 = VERTEX_POINT('',#3873);
#3873 = CARTESIAN_POINT('',(30.52,-105.275,1.51));
#3874 = CIRCLE('',#3875,0.6);
#3875 = AXIS2_PLACEMENT_3D('',#3876,#3877,#3878);
#3876 = CARTESIAN_POINT('',(30.52,-104.675,1.51));
#3877 = DIRECTION('',(-0.,0.,-1.));
#3878 = DIRECTION('',(-5.921189464667E-15,-1.,0.));
#3879 = FACE_BOUND('',#3880,.T.);
#3880 = EDGE_LOOP('',(#3881));
#3881 = ORIENTED_EDGE('',*,*,#3882,.T.);
#3882 = EDGE_CURVE('',#3883,#3883,#3885,.T.);
#3883 = VERTEX_POINT('',#3884);
#3884 = CARTESIAN_POINT('',(35.52,-105.275,1.51));
#3885 = CIRCLE('',#3886,0.6);
#3886 = AXIS2_PLACEMENT_3D('',#3887,#3888,#3889);
#3887 = CARTESIAN_POINT('',(35.52,-104.675,1.51));
#3888 = DIRECTION('',(-0.,0.,-1.));
#3889 = DIRECTION('',(1.184237892933E-14,-1.,-0.));
#3890 = FACE_BOUND('',#3891,.T.);
#3891 = EDGE_LOOP('',(#3892));
#3892 = ORIENTED_EDGE('',*,*,#3893,.T.);
#3893 = EDGE_CURVE('',#3894,#3894,#3896,.T.);
#3894 = VERTEX_POINT('',#3895);
#3895 = CARTESIAN_POINT('',(44.49,-104.105,1.51));
#3896 = CIRCLE('',#3897,0.6);
#3897 = AXIS2_PLACEMENT_3D('',#3898,#3899,#3900);
#3898 = CARTESIAN_POINT('',(44.49,-103.505,1.51));
#3899 = DIRECTION('',(-0.,0.,-1.));
#3900 = DIRECTION('',(-0.,-1.,0.));
#3901 = FACE_BOUND('',#3902,.T.);
#3902 = EDGE_LOOP('',(#3903));
#3903 = ORIENTED_EDGE('',*,*,#3904,.T.);
#3904 = EDGE_CURVE('',#3905,#3905,#3907,.T.);
#3905 = VERTEX_POINT('',#3906);
#3906 = CARTESIAN_POINT('',(49.49,-104.105,1.51));
#3907 = CIRCLE('',#3908,0.6);
#3908 = AXIS2_PLACEMENT_3D('',#3909,#3910,#3911);
#3909 = CARTESIAN_POINT('',(49.49,-103.505,1.51));
#3910 = DIRECTION('',(-0.,0.,-1.));
#3911 = DIRECTION('',(-0.,-1.,0.));
#3912 = FACE_BOUND('',#3913,.T.);
#3913 = EDGE_LOOP('',(#3914));
#3914 = ORIENTED_EDGE('',*,*,#3915,.T.);
#3915 = EDGE_CURVE('',#3916,#3916,#3918,.T.);
#3916 = VERTEX_POINT('',#3917);
#3917 = CARTESIAN_POINT('',(58.46,-105.275,1.51));
#3918 = CIRCLE('',#3919,0.6);
#3919 = AXIS2_PLACEMENT_3D('',#3920,#3921,#3922);
#3920 = CARTESIAN_POINT('',(58.46,-104.675,1.51));
#3921 = DIRECTION('',(-0.,0.,-1.));
#3922 = DIRECTION('',(-0.,-1.,0.));
#3923 = FACE_BOUND('',#3924,.T.);
#3924 = EDGE_LOOP('',(#3925));
#3925 = ORIENTED_EDGE('',*,*,#3926,.T.);
#3926 = EDGE_CURVE('',#3927,#3927,#3929,.T.);
#3927 = VERTEX_POINT('',#3928);
#3928 = CARTESIAN_POINT('',(74.676,-110.736,1.51));
#3929 = CIRCLE('',#3930,0.5);
#3930 = AXIS2_PLACEMENT_3D('',#3931,#3932,#3933);
#3931 = CARTESIAN_POINT('',(74.676,-110.236,1.51));
#3932 = DIRECTION('',(-0.,0.,-1.));
#3933 = DIRECTION('',(-0.,-1.,0.));
#3934 = FACE_BOUND('',#3935,.T.);
#3935 = EDGE_LOOP('',(#3936));
#3936 = ORIENTED_EDGE('',*,*,#3937,.T.);
#3937 = EDGE_CURVE('',#3938,#3938,#3940,.T.);
#3938 = VERTEX_POINT('',#3939);
#3939 = CARTESIAN_POINT('',(77.216,-110.736,1.51));
#3940 = CIRCLE('',#3941,0.5);
#3941 = AXIS2_PLACEMENT_3D('',#3942,#3943,#3944);
#3942 = CARTESIAN_POINT('',(77.216,-110.236,1.51));
#3943 = DIRECTION('',(-0.,0.,-1.));
#3944 = DIRECTION('',(-0.,-1.,0.));
#3945 = FACE_BOUND('',#3946,.T.);
#3946 = EDGE_LOOP('',(#3947));
#3947 = ORIENTED_EDGE('',*,*,#3948,.T.);
#3948 = EDGE_CURVE('',#3949,#3949,#3951,.T.);
#3949 = VERTEX_POINT('',#3950);
#3950 = CARTESIAN_POINT('',(79.756,-110.736,1.51));
#3951 = CIRCLE('',#3952,0.5);
#3952 = AXIS2_PLACEMENT_3D('',#3953,#3954,#3955);
#3953 = CARTESIAN_POINT('',(79.756,-110.236,1.51));
#3954 = DIRECTION('',(-0.,0.,-1.));
#3955 = DIRECTION('',(-0.,-1.,0.));
#3956 = FACE_BOUND('',#3957,.T.);
#3957 = EDGE_LOOP('',(#3958));
#3958 = ORIENTED_EDGE('',*,*,#3959,.T.);
#3959 = EDGE_CURVE('',#3960,#3960,#3962,.T.);
#3960 = VERTEX_POINT('',#3961);
#3961 = CARTESIAN_POINT('',(82.296,-110.736,1.51));
#3962 = CIRCLE('',#3963,0.5);
#3963 = AXIS2_PLACEMENT_3D('',#3964,#3965,#3966);
#3964 = CARTESIAN_POINT('',(82.296,-110.236,1.51));
#3965 = DIRECTION('',(-0.,0.,-1.));
#3966 = DIRECTION('',(-0.,-1.,0.));
#3967 = FACE_BOUND('',#3968,.T.);
#3968 = EDGE_LOOP('',(#3969));
#3969 = ORIENTED_EDGE('',*,*,#3970,.T.);
#3970 = EDGE_CURVE('',#3971,#3971,#3973,.T.);
#3971 = VERTEX_POINT('',#3972);
#3972 = CARTESIAN_POINT('',(84.836,-110.736,1.51));
#3973 = CIRCLE('',#3974,0.5);
#3974 = AXIS2_PLACEMENT_3D('',#3975,#3976,#3977);
#3975 = CARTESIAN_POINT('',(84.836,-110.236,1.51));
#3976 = DIRECTION('',(-0.,0.,-1.));
#3977 = DIRECTION('',(-0.,-1.,0.));
#3978 = FACE_BOUND('',#3979,.T.);
#3979 = EDGE_LOOP('',(#3980));
#3980 = ORIENTED_EDGE('',*,*,#3981,.T.);
#3981 = EDGE_CURVE('',#3982,#3982,#3984,.T.);
#3982 = VERTEX_POINT('',#3983);
#3983 = CARTESIAN_POINT('',(87.376,-110.736,1.51));
#3984 = CIRCLE('',#3985,0.5);
#3985 = AXIS2_PLACEMENT_3D('',#3986,#3987,#3988);
#3986 = CARTESIAN_POINT('',(87.376,-110.236,1.51));
#3987 = DIRECTION('',(-0.,0.,-1.));
#3988 = DIRECTION('',(-0.,-1.,0.));
#3989 = FACE_BOUND('',#3990,.T.);
#3990 = EDGE_LOOP('',(#3991));
#3991 = ORIENTED_EDGE('',*,*,#3992,.T.);
#3992 = EDGE_CURVE('',#3993,#3993,#3995,.T.);
#3993 = VERTEX_POINT('',#3994);
#3994 = CARTESIAN_POINT('',(89.916,-110.736,1.51));
#3995 = CIRCLE('',#3996,0.5);
#3996 = AXIS2_PLACEMENT_3D('',#3997,#3998,#3999);
#3997 = CARTESIAN_POINT('',(89.916,-110.236,1.51));
#3998 = DIRECTION('',(-0.,0.,-1.));
#3999 = DIRECTION('',(-0.,-1.,0.));
#4000 = FACE_BOUND('',#4001,.T.);
#4001 = EDGE_LOOP('',(#4002));
#4002 = ORIENTED_EDGE('',*,*,#4003,.T.);
#4003 = EDGE_CURVE('',#4004,#4004,#4006,.T.);
#4004 = VERTEX_POINT('',#4005);
#4005 = CARTESIAN_POINT('',(92.456,-110.736,1.51));
#4006 = CIRCLE('',#4007,0.5);
#4007 = AXIS2_PLACEMENT_3D('',#4008,#4009,#4010);
#4008 = CARTESIAN_POINT('',(92.456,-110.236,1.51));
#4009 = DIRECTION('',(-0.,0.,-1.));
#4010 = DIRECTION('',(-0.,-1.,0.));
#4011 = FACE_BOUND('',#4012,.T.);
#4012 = EDGE_LOOP('',(#4013));
#4013 = ORIENTED_EDGE('',*,*,#4014,.T.);
#4014 = EDGE_CURVE('',#4015,#4015,#4017,.T.);
#4015 = VERTEX_POINT('',#4016);
#4016 = CARTESIAN_POINT('',(63.46,-105.275,1.51));
#4017 = CIRCLE('',#4018,0.6);
#4018 = AXIS2_PLACEMENT_3D('',#4019,#4020,#4021);
#4019 = CARTESIAN_POINT('',(63.46,-104.675,1.51));
#4020 = DIRECTION('',(-0.,0.,-1.));
#4021 = DIRECTION('',(-0.,-1.,0.));
#4022 = FACE_BOUND('',#4023,.T.);
#4023 = EDGE_LOOP('',(#4024));
#4024 = ORIENTED_EDGE('',*,*,#4025,.T.);
#4025 = EDGE_CURVE('',#4026,#4026,#4028,.T.);
#4026 = VERTEX_POINT('',#4027);
#4027 = CARTESIAN_POINT('',(94.996,-125.976,1.51));
#4028 = CIRCLE('',#4029,0.5);
#4029 = AXIS2_PLACEMENT_3D('',#4030,#4031,#4032);
#4030 = CARTESIAN_POINT('',(94.996,-125.476,1.51));
#4031 = DIRECTION('',(-0.,0.,-1.));
#4032 = DIRECTION('',(-0.,-1.,0.));
#4033 = FACE_BOUND('',#4034,.T.);
#4034 = EDGE_LOOP('',(#4035));
#4035 = ORIENTED_EDGE('',*,*,#4036,.T.);
#4036 = EDGE_CURVE('',#4037,#4037,#4039,.T.);
#4037 = VERTEX_POINT('',#4038);
#4038 = CARTESIAN_POINT('',(97.536,-125.976,1.51));
#4039 = CIRCLE('',#4040,0.5);
#4040 = AXIS2_PLACEMENT_3D('',#4041,#4042,#4043);
#4041 = CARTESIAN_POINT('',(97.536,-125.476,1.51));
#4042 = DIRECTION('',(-0.,0.,-1.));
#4043 = DIRECTION('',(-0.,-1.,0.));
#4044 = FACE_BOUND('',#4045,.T.);
#4045 = EDGE_LOOP('',(#4046));
#4046 = ORIENTED_EDGE('',*,*,#4047,.T.);
#4047 = EDGE_CURVE('',#4048,#4048,#4050,.T.);
#4048 = VERTEX_POINT('',#4049);
#4049 = CARTESIAN_POINT('',(100.076,-125.976,1.51));
#4050 = CIRCLE('',#4051,0.5);
#4051 = AXIS2_PLACEMENT_3D('',#4052,#4053,#4054);
#4052 = CARTESIAN_POINT('',(100.076,-125.476,1.51));
#4053 = DIRECTION('',(-0.,0.,-1.));
#4054 = DIRECTION('',(-0.,-1.,0.));
#4055 = FACE_BOUND('',#4056,.T.);
#4056 = EDGE_LOOP('',(#4057));
#4057 = ORIENTED_EDGE('',*,*,#4058,.T.);
#4058 = EDGE_CURVE('',#4059,#4059,#4061,.T.);
#4059 = VERTEX_POINT('',#4060);
#4060 = CARTESIAN_POINT('',(102.616,-125.976,1.51));
#4061 = CIRCLE('',#4062,0.5);
#4062 = AXIS2_PLACEMENT_3D('',#4063,#4064,#4065);
#4063 = CARTESIAN_POINT('',(102.616,-125.476,1.51));
#4064 = DIRECTION('',(-0.,0.,-1.));
#4065 = DIRECTION('',(-0.,-1.,0.));
#4066 = FACE_BOUND('',#4067,.T.);
#4067 = EDGE_LOOP('',(#4068));
#4068 = ORIENTED_EDGE('',*,*,#4069,.T.);
#4069 = EDGE_CURVE('',#4070,#4070,#4072,.T.);
#4070 = VERTEX_POINT('',#4071);
#4071 = CARTESIAN_POINT('',(105.156,-125.976,1.51));
#4072 = CIRCLE('',#4073,0.5);
#4073 = AXIS2_PLACEMENT_3D('',#4074,#4075,#4076);
#4074 = CARTESIAN_POINT('',(105.156,-125.476,1.51));
#4075 = DIRECTION('',(-0.,0.,-1.));
#4076 = DIRECTION('',(-0.,-1.,0.));
#4077 = FACE_BOUND('',#4078,.T.);
#4078 = EDGE_LOOP('',(#4079));
#4079 = ORIENTED_EDGE('',*,*,#4080,.T.);
#4080 = EDGE_CURVE('',#4081,#4081,#4083,.T.);
#4081 = VERTEX_POINT('',#4082);
#4082 = CARTESIAN_POINT('',(107.696,-125.976,1.51));
#4083 = CIRCLE('',#4084,0.5);
#4084 = AXIS2_PLACEMENT_3D('',#4085,#4086,#4087);
#4085 = CARTESIAN_POINT('',(107.696,-125.476,1.51));
#4086 = DIRECTION('',(-0.,0.,-1.));
#4087 = DIRECTION('',(-0.,-1.,0.));
#4088 = FACE_BOUND('',#4089,.T.);
#4089 = EDGE_LOOP('',(#4090));
#4090 = ORIENTED_EDGE('',*,*,#4091,.T.);
#4091 = EDGE_CURVE('',#4092,#4092,#4094,.T.);
#4092 = VERTEX_POINT('',#4093);
#4093 = CARTESIAN_POINT('',(110.236,-125.976,1.51));
#4094 = CIRCLE('',#4095,0.5);
#4095 = AXIS2_PLACEMENT_3D('',#4096,#4097,#4098);
#4096 = CARTESIAN_POINT('',(110.236,-125.476,1.51));
#4097 = DIRECTION('',(-0.,0.,-1.));
#4098 = DIRECTION('',(-0.,-1.,0.));
#4099 = FACE_BOUND('',#4100,.T.);
#4100 = EDGE_LOOP('',(#4101));
#4101 = ORIENTED_EDGE('',*,*,#4102,.F.);
#4102 = EDGE_CURVE('',#4103,#4103,#4105,.T.);
#4103 = VERTEX_POINT('',#4104);
#4104 = CARTESIAN_POINT('',(158.115,-124.46,1.51));
#4105 = CIRCLE('',#4106,3.175);
#4106 = AXIS2_PLACEMENT_3D('',#4107,#4108,#4109);
#4107 = CARTESIAN_POINT('',(154.94,-124.46,1.51));
#4108 = DIRECTION('',(0.,0.,1.));
#4109 = DIRECTION('',(1.,0.,-0.));
#4110 = FACE_BOUND('',#4111,.T.);
#4111 = EDGE_LOOP('',(#4112));
#4112 = ORIENTED_EDGE('',*,*,#4113,.T.);
#4113 = EDGE_CURVE('',#4114,#4114,#4116,.T.);
#4114 = VERTEX_POINT('',#4115);
#4115 = CARTESIAN_POINT('',(135.295,-116.705,1.51));
#4116 = CIRCLE('',#4117,0.6);
#4117 = AXIS2_PLACEMENT_3D('',#4118,#4119,#4120);
#4118 = CARTESIAN_POINT('',(135.295,-116.105,1.51));
#4119 = DIRECTION('',(-0.,0.,-1.));
#4120 = DIRECTION('',(-4.736951571734E-14,-1.,0.));
#4121 = FACE_BOUND('',#4122,.T.);
#4122 = EDGE_LOOP('',(#4123));
#4123 = ORIENTED_EDGE('',*,*,#4124,.T.);
#4124 = EDGE_CURVE('',#4125,#4125,#4127,.T.);
#4125 = VERTEX_POINT('',#4126);
#4126 = CARTESIAN_POINT('',(140.295,-116.705,1.51));
#4127 = CIRCLE('',#4128,0.6);
#4128 = AXIS2_PLACEMENT_3D('',#4129,#4130,#4131);
#4129 = CARTESIAN_POINT('',(140.295,-116.105,1.51));
#4130 = DIRECTION('',(-0.,0.,-1.));
#4131 = DIRECTION('',(-4.736951571734E-14,-1.,0.));
#4132 = FACE_BOUND('',#4133,.T.);
#4133 = EDGE_LOOP('',(#4134));
#4134 = ORIENTED_EDGE('',*,*,#4135,.T.);
#4135 = EDGE_CURVE('',#4136,#4136,#4138,.T.);
#4136 = VERTEX_POINT('',#4137);
#4137 = CARTESIAN_POINT('',(94.996,-110.736,1.51));
#4138 = CIRCLE('',#4139,0.5);
#4139 = AXIS2_PLACEMENT_3D('',#4140,#4141,#4142);
#4140 = CARTESIAN_POINT('',(94.996,-110.236,1.51));
#4141 = DIRECTION('',(-0.,0.,-1.));
#4142 = DIRECTION('',(-0.,-1.,0.));
#4143 = FACE_BOUND('',#4144,.T.);
#4144 = EDGE_LOOP('',(#4145));
#4145 = ORIENTED_EDGE('',*,*,#4146,.T.);
#4146 = EDGE_CURVE('',#4147,#4147,#4149,.T.);
#4147 = VERTEX_POINT('',#4148);
#4148 = CARTESIAN_POINT('',(97.536,-110.736,1.51));
#4149 = CIRCLE('',#4150,0.5);
#4150 = AXIS2_PLACEMENT_3D('',#4151,#4152,#4153);
#4151 = CARTESIAN_POINT('',(97.536,-110.236,1.51));
#4152 = DIRECTION('',(-0.,0.,-1.));
#4153 = DIRECTION('',(-0.,-1.,0.));
#4154 = FACE_BOUND('',#4155,.T.);
#4155 = EDGE_LOOP('',(#4156));
#4156 = ORIENTED_EDGE('',*,*,#4157,.T.);
#4157 = EDGE_CURVE('',#4158,#4158,#4160,.T.);
#4158 = VERTEX_POINT('',#4159);
#4159 = CARTESIAN_POINT('',(100.076,-110.736,1.51));
#4160 = CIRCLE('',#4161,0.5);
#4161 = AXIS2_PLACEMENT_3D('',#4162,#4163,#4164);
#4162 = CARTESIAN_POINT('',(100.076,-110.236,1.51));
#4163 = DIRECTION('',(-0.,0.,-1.));
#4164 = DIRECTION('',(-0.,-1.,0.));
#4165 = FACE_BOUND('',#4166,.T.);
#4166 = EDGE_LOOP('',(#4167));
#4167 = ORIENTED_EDGE('',*,*,#4168,.T.);
#4168 = EDGE_CURVE('',#4169,#4169,#4171,.T.);
#4169 = VERTEX_POINT('',#4170);
#4170 = CARTESIAN_POINT('',(102.616,-110.736,1.51));
#4171 = CIRCLE('',#4172,0.5);
#4172 = AXIS2_PLACEMENT_3D('',#4173,#4174,#4175);
#4173 = CARTESIAN_POINT('',(102.616,-110.236,1.51));
#4174 = DIRECTION('',(-0.,0.,-1.));
#4175 = DIRECTION('',(-0.,-1.,0.));
#4176 = FACE_BOUND('',#4177,.T.);
#4177 = EDGE_LOOP('',(#4178));
#4178 = ORIENTED_EDGE('',*,*,#4179,.T.);
#4179 = EDGE_CURVE('',#4180,#4180,#4182,.T.);
#4180 = VERTEX_POINT('',#4181);
#4181 = CARTESIAN_POINT('',(105.156,-110.736,1.51));
#4182 = CIRCLE('',#4183,0.5);
#4183 = AXIS2_PLACEMENT_3D('',#4184,#4185,#4186);
#4184 = CARTESIAN_POINT('',(105.156,-110.236,1.51));
#4185 = DIRECTION('',(-0.,0.,-1.));
#4186 = DIRECTION('',(-0.,-1.,0.));
#4187 = FACE_BOUND('',#4188,.T.);
#4188 = EDGE_LOOP('',(#4189));
#4189 = ORIENTED_EDGE('',*,*,#4190,.T.);
#4190 = EDGE_CURVE('',#4191,#4191,#4193,.T.);
#4191 = VERTEX_POINT('',#4192);
#4192 = CARTESIAN_POINT('',(107.696,-110.736,1.51));
#4193 = CIRCLE('',#4194,0.5);
#4194 = AXIS2_PLACEMENT_3D('',#4195,#4196,#4197);
#4195 = CARTESIAN_POINT('',(107.696,-110.236,1.51));
#4196 = DIRECTION('',(-0.,0.,-1.));
#4197 = DIRECTION('',(-0.,-1.,0.));
#4198 = FACE_BOUND('',#4199,.T.);
#4199 = EDGE_LOOP('',(#4200));
#4200 = ORIENTED_EDGE('',*,*,#4201,.T.);
#4201 = EDGE_CURVE('',#4202,#4202,#4204,.T.);
#4202 = VERTEX_POINT('',#4203);
#4203 = CARTESIAN_POINT('',(110.236,-110.736,1.51));
#4204 = CIRCLE('',#4205,0.5);
#4205 = AXIS2_PLACEMENT_3D('',#4206,#4207,#4208);
#4206 = CARTESIAN_POINT('',(110.236,-110.236,1.51));
#4207 = DIRECTION('',(-0.,0.,-1.));
#4208 = DIRECTION('',(-0.,-1.,0.));
#4209 = FACE_BOUND('',#4210,.T.);
#4210 = EDGE_LOOP('',(#4211));
#4211 = ORIENTED_EDGE('',*,*,#4212,.T.);
#4212 = EDGE_CURVE('',#4213,#4213,#4215,.T.);
#4213 = VERTEX_POINT('',#4214);
#4214 = CARTESIAN_POINT('',(121.325,-105.275,1.51));
#4215 = CIRCLE('',#4216,0.6);
#4216 = AXIS2_PLACEMENT_3D('',#4217,#4218,#4219);
#4217 = CARTESIAN_POINT('',(121.325,-104.675,1.51));
#4218 = DIRECTION('',(-0.,0.,-1.));
#4219 = DIRECTION('',(2.368475785867E-14,-1.,-0.));
#4220 = FACE_BOUND('',#4221,.T.);
#4221 = EDGE_LOOP('',(#4222));
#4222 = ORIENTED_EDGE('',*,*,#4223,.T.);
#4223 = EDGE_CURVE('',#4224,#4224,#4226,.T.);
#4224 = VERTEX_POINT('',#4225);
#4225 = CARTESIAN_POINT('',(126.325,-105.275,1.51));
#4226 = CIRCLE('',#4227,0.6);
#4227 = AXIS2_PLACEMENT_3D('',#4228,#4229,#4230);
#4228 = CARTESIAN_POINT('',(126.325,-104.675,1.51));
#4229 = DIRECTION('',(-0.,0.,-1.));
#4230 = DIRECTION('',(2.368475785867E-14,-1.,-0.));
#4231 = FACE_BOUND('',#4232,.T.);
#4232 = EDGE_LOOP('',(#4233));
#4233 = ORIENTED_EDGE('',*,*,#4234,.T.);
#4234 = EDGE_CURVE('',#4235,#4235,#4237,.T.);
#4235 = VERTEX_POINT('',#4236);
#4236 = CARTESIAN_POINT('',(135.295,-104.205,1.51));
#4237 = CIRCLE('',#4238,0.6);
#4238 = AXIS2_PLACEMENT_3D('',#4239,#4240,#4241);
#4239 = CARTESIAN_POINT('',(135.295,-103.605,1.51));
#4240 = DIRECTION('',(-0.,0.,-1.));
#4241 = DIRECTION('',(-4.736951571734E-14,-1.,0.));
#4242 = FACE_BOUND('',#4243,.T.);
#4243 = EDGE_LOOP('',(#4244));
#4244 = ORIENTED_EDGE('',*,*,#4245,.T.);
#4245 = EDGE_CURVE('',#4246,#4246,#4248,.T.);
#4246 = VERTEX_POINT('',#4247);
#4247 = CARTESIAN_POINT('',(140.295,-104.205,1.51));
#4248 = CIRCLE('',#4249,0.6);
#4249 = AXIS2_PLACEMENT_3D('',#4250,#4251,#4252);
#4250 = CARTESIAN_POINT('',(140.295,-103.605,1.51));
#4251 = DIRECTION('',(-0.,0.,-1.));
#4252 = DIRECTION('',(-4.736951571734E-14,-1.,0.));
#4253 = FACE_BOUND('',#4254,.T.);
#4254 = EDGE_LOOP('',(#4255));
#4255 = ORIENTED_EDGE('',*,*,#4256,.T.);
#4256 = EDGE_CURVE('',#4257,#4257,#4259,.T.);
#4257 = VERTEX_POINT('',#4258);
#4258 = CARTESIAN_POINT('',(149.225,-105.275,1.51));
#4259 = CIRCLE('',#4260,0.6);
#4260 = AXIS2_PLACEMENT_3D('',#4261,#4262,#4263);
#4261 = CARTESIAN_POINT('',(149.225,-104.675,1.51));
#4262 = DIRECTION('',(-0.,0.,-1.));
#4263 = DIRECTION('',(-0.,-1.,0.));
#4264 = FACE_BOUND('',#4265,.T.);
#4265 = EDGE_LOOP('',(#4266));
#4266 = ORIENTED_EDGE('',*,*,#4267,.T.);
#4267 = EDGE_CURVE('',#4268,#4268,#4270,.T.);
#4268 = VERTEX_POINT('',#4269);
#4269 = CARTESIAN_POINT('',(154.225,-105.275,1.51));
#4270 = CIRCLE('',#4271,0.6);
#4271 = AXIS2_PLACEMENT_3D('',#4272,#4273,#4274);
#4272 = CARTESIAN_POINT('',(154.225,-104.675,1.51));
#4273 = DIRECTION('',(-0.,0.,-1.));
#4274 = DIRECTION('',(-0.,-1.,0.));
#4275 = FACE_BOUND('',#4276,.T.);
#4276 = EDGE_LOOP('',(#4277));
#4277 = ORIENTED_EDGE('',*,*,#4278,.T.);
#4278 = EDGE_CURVE('',#4279,#4279,#4281,.T.);
#4279 = VERTEX_POINT('',#4280);
#4280 = CARTESIAN_POINT('',(30.52,-92.775,1.51));
#4281 = CIRCLE('',#4282,0.6);
#4282 = AXIS2_PLACEMENT_3D('',#4283,#4284,#4285);
#4283 = CARTESIAN_POINT('',(30.52,-92.175,1.51));
#4284 = DIRECTION('',(-0.,0.,-1.));
#4285 = DIRECTION('',(-5.921189464667E-15,-1.,0.));
#4286 = FACE_BOUND('',#4287,.T.);
#4287 = EDGE_LOOP('',(#4288));
#4288 = ORIENTED_EDGE('',*,*,#4289,.T.);
#4289 = EDGE_CURVE('',#4290,#4290,#4292,.T.);
#4290 = VERTEX_POINT('',#4291);
#4291 = CARTESIAN_POINT('',(35.52,-92.775,1.51));
#4292 = CIRCLE('',#4293,0.6);
#4293 = AXIS2_PLACEMENT_3D('',#4294,#4295,#4296);
#4294 = CARTESIAN_POINT('',(35.52,-92.175,1.51));
#4295 = DIRECTION('',(-0.,0.,-1.));
#4296 = DIRECTION('',(1.184237892933E-14,-1.,-0.));
#4297 = FACE_BOUND('',#4298,.T.);
#4298 = EDGE_LOOP('',(#4299));
#4299 = ORIENTED_EDGE('',*,*,#4300,.T.);
#4300 = EDGE_CURVE('',#4301,#4301,#4303,.T.);
#4301 = VERTEX_POINT('',#4302);
#4302 = CARTESIAN_POINT('',(44.49,-93.645,1.51));
#4303 = CIRCLE('',#4304,0.6);
#4304 = AXIS2_PLACEMENT_3D('',#4305,#4306,#4307);
#4305 = CARTESIAN_POINT('',(44.49,-93.045,1.51));
#4306 = DIRECTION('',(-0.,0.,-1.));
#4307 = DIRECTION('',(-0.,-1.,0.));
#4308 = FACE_BOUND('',#4309,.T.);
#4309 = EDGE_LOOP('',(#4310));
#4310 = ORIENTED_EDGE('',*,*,#4311,.T.);
#4311 = EDGE_CURVE('',#4312,#4312,#4314,.T.);
#4312 = VERTEX_POINT('',#4313);
#4313 = CARTESIAN_POINT('',(49.49,-93.645,1.51));
#4314 = CIRCLE('',#4315,0.6);
#4315 = AXIS2_PLACEMENT_3D('',#4316,#4317,#4318);
#4316 = CARTESIAN_POINT('',(49.49,-93.045,1.51));
#4317 = DIRECTION('',(-0.,0.,-1.));
#4318 = DIRECTION('',(-0.,-1.,0.));
#4319 = FACE_BOUND('',#4320,.T.);
#4320 = EDGE_LOOP('',(#4321));
#4321 = ORIENTED_EDGE('',*,*,#4322,.T.);
#4322 = EDGE_CURVE('',#4323,#4323,#4325,.T.);
#4323 = VERTEX_POINT('',#4324);
#4324 = CARTESIAN_POINT('',(58.46,-92.775,1.51));
#4325 = CIRCLE('',#4326,0.6);
#4326 = AXIS2_PLACEMENT_3D('',#4327,#4328,#4329);
#4327 = CARTESIAN_POINT('',(58.46,-92.175,1.51));
#4328 = DIRECTION('',(-0.,0.,-1.));
#4329 = DIRECTION('',(-0.,-1.,0.));
#4330 = FACE_BOUND('',#4331,.T.);
#4331 = EDGE_LOOP('',(#4332));
#4332 = ORIENTED_EDGE('',*,*,#4333,.T.);
#4333 = EDGE_CURVE('',#4334,#4334,#4336,.T.);
#4334 = VERTEX_POINT('',#4335);
#4335 = CARTESIAN_POINT('',(71.755,-95.115,1.51));
#4336 = CIRCLE('',#4337,0.5);
#4337 = AXIS2_PLACEMENT_3D('',#4338,#4339,#4340);
#4338 = CARTESIAN_POINT('',(71.755,-94.615,1.51));
#4339 = DIRECTION('',(-0.,0.,-1.));
#4340 = DIRECTION('',(-0.,-1.,0.));
#4341 = FACE_BOUND('',#4342,.T.);
#4342 = EDGE_LOOP('',(#4343));
#4343 = ORIENTED_EDGE('',*,*,#4344,.T.);
#4344 = EDGE_CURVE('',#4345,#4345,#4347,.T.);
#4345 = VERTEX_POINT('',#4346);
#4346 = CARTESIAN_POINT('',(63.46,-92.775,1.51));
#4347 = CIRCLE('',#4348,0.6);
#4348 = AXIS2_PLACEMENT_3D('',#4349,#4350,#4351);
#4349 = CARTESIAN_POINT('',(63.46,-92.175,1.51));
#4350 = DIRECTION('',(-0.,0.,-1.));
#4351 = DIRECTION('',(-0.,-1.,0.));
#4352 = FACE_BOUND('',#4353,.T.);
#4353 = EDGE_LOOP('',(#4354));
#4354 = ORIENTED_EDGE('',*,*,#4355,.T.);
#4355 = EDGE_CURVE('',#4356,#4356,#4358,.T.);
#4356 = VERTEX_POINT('',#4357);
#4357 = CARTESIAN_POINT('',(71.755,-92.575,1.51));
#4358 = CIRCLE('',#4359,0.5);
#4359 = AXIS2_PLACEMENT_3D('',#4360,#4361,#4362);
#4360 = CARTESIAN_POINT('',(71.755,-92.075,1.51));
#4361 = DIRECTION('',(-0.,0.,-1.));
#4362 = DIRECTION('',(-0.,-1.,0.));
#4363 = FACE_BOUND('',#4364,.T.);
#4364 = EDGE_LOOP('',(#4365));
#4365 = ORIENTED_EDGE('',*,*,#4366,.T.);
#4366 = EDGE_CURVE('',#4367,#4367,#4369,.T.);
#4367 = VERTEX_POINT('',#4368);
#4368 = CARTESIAN_POINT('',(44.49,-81.145,1.51));
#4369 = CIRCLE('',#4370,0.6);
#4370 = AXIS2_PLACEMENT_3D('',#4371,#4372,#4373);
#4371 = CARTESIAN_POINT('',(44.49,-80.545,1.51));
#4372 = DIRECTION('',(-0.,0.,-1.));
#4373 = DIRECTION('',(-0.,-1.,0.));
#4374 = FACE_BOUND('',#4375,.T.);
#4375 = EDGE_LOOP('',(#4376));
#4376 = ORIENTED_EDGE('',*,*,#4377,.T.);
#4377 = EDGE_CURVE('',#4378,#4378,#4380,.T.);
#4378 = VERTEX_POINT('',#4379);
#4379 = CARTESIAN_POINT('',(49.49,-81.145,1.51));
#4380 = CIRCLE('',#4381,0.6);
#4381 = AXIS2_PLACEMENT_3D('',#4382,#4383,#4384);
#4382 = CARTESIAN_POINT('',(49.49,-80.545,1.51));
#4383 = DIRECTION('',(-0.,0.,-1.));
#4384 = DIRECTION('',(-0.,-1.,0.));
#4385 = FACE_BOUND('',#4386,.T.);
#4386 = EDGE_LOOP('',(#4387));
#4387 = ORIENTED_EDGE('',*,*,#4388,.F.);
#4388 = EDGE_CURVE('',#4389,#4389,#4391,.T.);
#4389 = VERTEX_POINT('',#4390);
#4390 = CARTESIAN_POINT('',(33.655,-71.12,1.51));
#4391 = CIRCLE('',#4392,3.175);
#4392 = AXIS2_PLACEMENT_3D('',#4393,#4394,#4395);
#4393 = CARTESIAN_POINT('',(30.48,-71.12,1.51));
#4394 = DIRECTION('',(0.,0.,1.));
#4395 = DIRECTION('',(1.,0.,-0.));
#4396 = FACE_BOUND('',#4397,.T.);
#4397 = EDGE_LOOP('',(#4398));
#4398 = ORIENTED_EDGE('',*,*,#4399,.T.);
#4399 = EDGE_CURVE('',#4400,#4400,#4402,.T.);
#4400 = VERTEX_POINT('',#4401);
#4401 = CARTESIAN_POINT('',(62.25,-75.43,1.51));
#4402 = CIRCLE('',#4403,0.5);
#4403 = AXIS2_PLACEMENT_3D('',#4404,#4405,#4406);
#4404 = CARTESIAN_POINT('',(62.25,-74.93,1.51));
#4405 = DIRECTION('',(-0.,0.,-1.));
#4406 = DIRECTION('',(-0.,-1.,0.));
#4407 = FACE_BOUND('',#4408,.T.);
#4408 = EDGE_LOOP('',(#4409));
#4409 = ORIENTED_EDGE('',*,*,#4410,.T.);
#4410 = EDGE_CURVE('',#4411,#4411,#4413,.T.);
#4411 = VERTEX_POINT('',#4412);
#4412 = CARTESIAN_POINT('',(69.85,-75.43,1.51));
#4413 = CIRCLE('',#4414,0.5);
#4414 = AXIS2_PLACEMENT_3D('',#4415,#4416,#4417);
#4415 = CARTESIAN_POINT('',(69.85,-74.93,1.51));
#4416 = DIRECTION('',(-0.,0.,-1.));
#4417 = DIRECTION('',(-0.,-1.,0.));
#4418 = FACE_BOUND('',#4419,.T.);
#4419 = EDGE_LOOP('',(#4420));
#4420 = ORIENTED_EDGE('',*,*,#4421,.T.);
#4421 = EDGE_CURVE('',#4422,#4422,#4424,.T.);
#4422 = VERTEX_POINT('',#4423);
#4423 = CARTESIAN_POINT('',(88.9,-70.985,1.51));
#4424 = CIRCLE('',#4425,0.5);
#4425 = AXIS2_PLACEMENT_3D('',#4426,#4427,#4428);
#4426 = CARTESIAN_POINT('',(88.9,-70.485,1.51));
#4427 = DIRECTION('',(-0.,0.,-1.));
#4428 = DIRECTION('',(-0.,-1.,0.));
#4429 = FACE_BOUND('',#4430,.T.);
#4430 = EDGE_LOOP('',(#4431));
#4431 = ORIENTED_EDGE('',*,*,#4432,.T.);
#4432 = EDGE_CURVE('',#4433,#4433,#4435,.T.);
#4433 = VERTEX_POINT('',#4434);
#4434 = CARTESIAN_POINT('',(91.44,-70.985,1.51));
#4435 = CIRCLE('',#4436,0.5);
#4436 = AXIS2_PLACEMENT_3D('',#4437,#4438,#4439);
#4437 = CARTESIAN_POINT('',(91.44,-70.485,1.51));
#4438 = DIRECTION('',(-0.,0.,-1.));
#4439 = DIRECTION('',(-0.,-1.,0.));
#4440 = FACE_BOUND('',#4441,.T.);
#4441 = EDGE_LOOP('',(#4442));
#4442 = ORIENTED_EDGE('',*,*,#4443,.T.);
#4443 = EDGE_CURVE('',#4444,#4444,#4446,.T.);
#4444 = VERTEX_POINT('',#4445);
#4445 = CARTESIAN_POINT('',(121.325,-92.775,1.51));
#4446 = CIRCLE('',#4447,0.6);
#4447 = AXIS2_PLACEMENT_3D('',#4448,#4449,#4450);
#4448 = CARTESIAN_POINT('',(121.325,-92.175,1.51));
#4449 = DIRECTION('',(-0.,0.,-1.));
#4450 = DIRECTION('',(2.368475785867E-14,-1.,-0.));
#4451 = FACE_BOUND('',#4452,.T.);
#4452 = EDGE_LOOP('',(#4453));
#4453 = ORIENTED_EDGE('',*,*,#4454,.T.);
#4454 = EDGE_CURVE('',#4455,#4455,#4457,.T.);
#4455 = VERTEX_POINT('',#4456);
#4456 = CARTESIAN_POINT('',(126.325,-92.775,1.51));
#4457 = CIRCLE('',#4458,0.6);
#4458 = AXIS2_PLACEMENT_3D('',#4459,#4460,#4461);
#4459 = CARTESIAN_POINT('',(126.325,-92.175,1.51));
#4460 = DIRECTION('',(-0.,0.,-1.));
#4461 = DIRECTION('',(2.368475785867E-14,-1.,-0.));
#4462 = FACE_BOUND('',#4463,.T.);
#4463 = EDGE_LOOP('',(#4464));
#4464 = ORIENTED_EDGE('',*,*,#4465,.T.);
#4465 = EDGE_CURVE('',#4466,#4466,#4468,.T.);
#4466 = VERTEX_POINT('',#4467);
#4467 = CARTESIAN_POINT('',(135.375,-93.645,1.51));
#4468 = CIRCLE('',#4469,0.6);
#4469 = AXIS2_PLACEMENT_3D('',#4470,#4471,#4472);
#4470 = CARTESIAN_POINT('',(135.375,-93.045,1.51));
#4471 = DIRECTION('',(-0.,0.,-1.));
#4472 = DIRECTION('',(-0.,-1.,0.));
#4473 = FACE_BOUND('',#4474,.T.);
#4474 = EDGE_LOOP('',(#4475));
#4475 = ORIENTED_EDGE('',*,*,#4476,.T.);
#4476 = EDGE_CURVE('',#4477,#4477,#4479,.T.);
#4477 = VERTEX_POINT('',#4478);
#4478 = CARTESIAN_POINT('',(140.375,-93.645,1.51));
#4479 = CIRCLE('',#4480,0.6);
#4480 = AXIS2_PLACEMENT_3D('',#4481,#4482,#4483);
#4481 = CARTESIAN_POINT('',(140.375,-93.045,1.51));
#4482 = DIRECTION('',(-0.,0.,-1.));
#4483 = DIRECTION('',(-0.,-1.,0.));
#4484 = FACE_BOUND('',#4485,.T.);
#4485 = EDGE_LOOP('',(#4486));
#4486 = ORIENTED_EDGE('',*,*,#4487,.T.);
#4487 = EDGE_CURVE('',#4488,#4488,#4490,.T.);
#4488 = VERTEX_POINT('',#4489);
#4489 = CARTESIAN_POINT('',(149.225,-92.775,1.51));
#4490 = CIRCLE('',#4491,0.6);
#4491 = AXIS2_PLACEMENT_3D('',#4492,#4493,#4494);
#4492 = CARTESIAN_POINT('',(149.225,-92.175,1.51));
#4493 = DIRECTION('',(-0.,0.,-1.));
#4494 = DIRECTION('',(-0.,-1.,0.));
#4495 = FACE_BOUND('',#4496,.T.);
#4496 = EDGE_LOOP('',(#4497));
#4497 = ORIENTED_EDGE('',*,*,#4498,.T.);
#4498 = EDGE_CURVE('',#4499,#4499,#4501,.T.);
#4499 = VERTEX_POINT('',#4500);
#4500 = CARTESIAN_POINT('',(154.225,-92.775,1.51));
#4501 = CIRCLE('',#4502,0.6);
#4502 = AXIS2_PLACEMENT_3D('',#4503,#4504,#4505);
#4503 = CARTESIAN_POINT('',(154.225,-92.175,1.51));
#4504 = DIRECTION('',(-0.,0.,-1.));
#4505 = DIRECTION('',(-0.,-1.,0.));
#4506 = FACE_BOUND('',#4507,.T.);
#4507 = EDGE_LOOP('',(#4508));
#4508 = ORIENTED_EDGE('',*,*,#4509,.T.);
#4509 = EDGE_CURVE('',#4510,#4510,#4512,.T.);
#4510 = VERTEX_POINT('',#4511);
#4511 = CARTESIAN_POINT('',(93.98,-70.985,1.51));
#4512 = CIRCLE('',#4513,0.5);
#4513 = AXIS2_PLACEMENT_3D('',#4514,#4515,#4516);
#4514 = CARTESIAN_POINT('',(93.98,-70.485,1.51));
#4515 = DIRECTION('',(-0.,0.,-1.));
#4516 = DIRECTION('',(-0.,-1.,0.));
#4517 = FACE_BOUND('',#4518,.T.);
#4518 = EDGE_LOOP('',(#4519));
#4519 = ORIENTED_EDGE('',*,*,#4520,.T.);
#4520 = EDGE_CURVE('',#4521,#4521,#4523,.T.);
#4521 = VERTEX_POINT('',#4522);
#4522 = CARTESIAN_POINT('',(96.52,-70.985,1.51));
#4523 = CIRCLE('',#4524,0.5);
#4524 = AXIS2_PLACEMENT_3D('',#4525,#4526,#4527);
#4525 = CARTESIAN_POINT('',(96.52,-70.485,1.51));
#4526 = DIRECTION('',(-0.,0.,-1.));
#4527 = DIRECTION('',(-0.,-1.,0.));
#4528 = FACE_BOUND('',#4529,.T.);
#4529 = EDGE_LOOP('',(#4530));
#4530 = ORIENTED_EDGE('',*,*,#4531,.T.);
#4531 = EDGE_CURVE('',#4532,#4532,#4534,.T.);
#4532 = VERTEX_POINT('',#4533);
#4533 = CARTESIAN_POINT('',(115.58,-75.43,1.51));
#4534 = CIRCLE('',#4535,0.5);
#4535 = AXIS2_PLACEMENT_3D('',#4536,#4537,#4538);
#4536 = CARTESIAN_POINT('',(115.58,-74.93,1.51));
#4537 = DIRECTION('',(-0.,0.,-1.));
#4538 = DIRECTION('',(-0.,-1.,0.));
#4539 = FACE_BOUND('',#4540,.T.);
#4540 = EDGE_LOOP('',(#4541));
#4541 = ORIENTED_EDGE('',*,*,#4542,.T.);
#4542 = EDGE_CURVE('',#4543,#4543,#4545,.T.);
#4543 = VERTEX_POINT('',#4544);
#4544 = CARTESIAN_POINT('',(123.18,-75.43,1.51));
#4545 = CIRCLE('',#4546,0.5);
#4546 = AXIS2_PLACEMENT_3D('',#4547,#4548,#4549);
#4547 = CARTESIAN_POINT('',(123.18,-74.93,1.51));
#4548 = DIRECTION('',(-0.,0.,-1.));
#4549 = DIRECTION('',(-0.,-1.,0.));
#4550 = FACE_BOUND('',#4551,.T.);
#4551 = EDGE_LOOP('',(#4552));
#4552 = ORIENTED_EDGE('',*,*,#4553,.T.);
#4553 = EDGE_CURVE('',#4554,#4554,#4556,.T.);
#4554 = VERTEX_POINT('',#4555);
#4555 = CARTESIAN_POINT('',(135.375,-81.145,1.51));
#4556 = CIRCLE('',#4557,0.6);
#4557 = AXIS2_PLACEMENT_3D('',#4558,#4559,#4560);
#4558 = CARTESIAN_POINT('',(135.375,-80.545,1.51));
#4559 = DIRECTION('',(-0.,0.,-1.));
#4560 = DIRECTION('',(-0.,-1.,0.));
#4561 = FACE_BOUND('',#4562,.T.);
#4562 = EDGE_LOOP('',(#4563));
#4563 = ORIENTED_EDGE('',*,*,#4564,.T.);
#4564 = EDGE_CURVE('',#4565,#4565,#4567,.T.);
#4565 = VERTEX_POINT('',#4566);
#4566 = CARTESIAN_POINT('',(140.375,-81.145,1.51));
#4567 = CIRCLE('',#4568,0.6);
#4568 = AXIS2_PLACEMENT_3D('',#4569,#4570,#4571);
#4569 = CARTESIAN_POINT('',(140.375,-80.545,1.51));
#4570 = DIRECTION('',(-0.,0.,-1.));
#4571 = DIRECTION('',(-0.,-1.,0.));
#4572 = FACE_BOUND('',#4573,.T.);
#4573 = EDGE_LOOP('',(#4574));
#4574 = ORIENTED_EDGE('',*,*,#4575,.F.);
#4575 = EDGE_CURVE('',#4576,#4576,#4578,.T.);
#4576 = VERTEX_POINT('',#4577);
#4577 = CARTESIAN_POINT('',(158.115,-71.12,1.51));
#4578 = CIRCLE('',#4579,3.175);
#4579 = AXIS2_PLACEMENT_3D('',#4580,#4581,#4582);
#4580 = CARTESIAN_POINT('',(154.94,-71.12,1.51));
#4581 = DIRECTION('',(0.,0.,1.));
#4582 = DIRECTION('',(1.,0.,-0.));
#4583 = PLANE('',#4584);
#4584 = AXIS2_PLACEMENT_3D('',#4585,#4586,#4587);
#4585 = CARTESIAN_POINT('',(0.,0.,1.51));
#4586 = DIRECTION('',(0.,0.,1.));
#4587 = DIRECTION('',(1.,0.,-0.));
#4588 = ADVANCED_FACE('',(#4589),#4595,.T.);
#4589 = FACE_BOUND('',#4590,.T.);
#4590 = EDGE_LOOP('',(#4591,#4592,#4593,#4594));
#4591 = ORIENTED_EDGE('',*,*,#2710,.T.);
#4592 = ORIENTED_EDGE('',*,*,#3664,.T.);
#4593 = ORIENTED_EDGE('',*,*,#2670,.F.);
#4594 = ORIENTED_EDGE('',*,*,#2734,.F.);
#4595 = PLANE('',#4596);
#4596 = AXIS2_PLACEMENT_3D('',#4597,#4598,#4599);
#4597 = CARTESIAN_POINT('',(25.4,-66.04,0.));
#4598 = DIRECTION('',(0.,1.,0.));
#4599 = DIRECTION('',(1.,0.,0.));
#4600 = ADVANCED_FACE('',(#4601),#4612,.F.);
#4601 = FACE_BOUND('',#4602,.T.);
#4602 = EDGE_LOOP('',(#4603,#4609,#4610,#4611));
#4603 = ORIENTED_EDGE('',*,*,#4604,.T.);
#4604 = EDGE_CURVE('',#2744,#3674,#4605,.T.);
#4605 = LINE('',#4606,#4607);
#4606 = CARTESIAN_POINT('',(33.655,-124.46,0.));
#4607 = VECTOR('',#4608,1.);
#4608 = DIRECTION('',(0.,0.,1.));
#4609 = ORIENTED_EDGE('',*,*,#3673,.T.);
#4610 = ORIENTED_EDGE('',*,*,#4604,.F.);
#4611 = ORIENTED_EDGE('',*,*,#2743,.F.);
#4612 = CYLINDRICAL_SURFACE('',#4613,3.175);
#4613 = AXIS2_PLACEMENT_3D('',#4614,#4615,#4616);
#4614 = CARTESIAN_POINT('',(30.48,-124.46,0.));
#4615 = DIRECTION('',(-0.,-0.,-1.));
#4616 = DIRECTION('',(1.,0.,-0.));
#4617 = ADVANCED_FACE('',(#4618),#4629,.F.);
#4618 = FACE_BOUND('',#4619,.T.);
#4619 = EDGE_LOOP('',(#4620,#4621,#4627,#4628));
#4620 = ORIENTED_EDGE('',*,*,#2754,.T.);
#4621 = ORIENTED_EDGE('',*,*,#4622,.T.);
#4622 = EDGE_CURVE('',#2755,#3685,#4623,.T.);
#4623 = LINE('',#4624,#4625);
#4624 = CARTESIAN_POINT('',(59.436,-125.368,-4.6E-02));
#4625 = VECTOR('',#4626,1.);
#4626 = DIRECTION('',(0.,0.,1.));
#4627 = ORIENTED_EDGE('',*,*,#3684,.F.);
#4628 = ORIENTED_EDGE('',*,*,#4622,.F.);
#4629 = CYLINDRICAL_SURFACE('',#4630,0.4);
#4630 = AXIS2_PLACEMENT_3D('',#4631,#4632,#4633);
#4631 = CARTESIAN_POINT('',(59.436,-124.968,-4.6E-02));
#4632 = DIRECTION('',(-0.,-0.,-1.));
#4633 = DIRECTION('',(-0.,-1.,0.));
#4634 = ADVANCED_FACE('',(#4635),#4646,.F.);
#4635 = FACE_BOUND('',#4636,.T.);
#4636 = EDGE_LOOP('',(#4637,#4638,#4644,#4645));
#4637 = ORIENTED_EDGE('',*,*,#2765,.T.);
#4638 = ORIENTED_EDGE('',*,*,#4639,.T.);
#4639 = EDGE_CURVE('',#2766,#3696,#4640,.T.);
#4640 = LINE('',#4641,#4642);
#4641 = CARTESIAN_POINT('',(58.166,-120.873,-4.6E-02));
#4642 = VECTOR('',#4643,1.);
#4643 = DIRECTION('',(0.,0.,1.));
#4644 = ORIENTED_EDGE('',*,*,#3695,.F.);
#4645 = ORIENTED_EDGE('',*,*,#4639,.F.);
#4646 = CYLINDRICAL_SURFACE('',#4647,0.35);
#4647 = AXIS2_PLACEMENT_3D('',#4648,#4649,#4650);
#4648 = CARTESIAN_POINT('',(58.166,-120.523,-4.6E-02));
#4649 = DIRECTION('',(-0.,-0.,-1.));
#4650 = DIRECTION('',(-0.,-1.,0.));
#4651 = ADVANCED_FACE('',(#4652),#4663,.F.);
#4652 = FACE_BOUND('',#4653,.T.);
#4653 = EDGE_LOOP('',(#4654,#4655,#4661,#4662));
#4654 = ORIENTED_EDGE('',*,*,#2776,.T.);
#4655 = ORIENTED_EDGE('',*,*,#4656,.T.);
#4656 = EDGE_CURVE('',#2777,#3707,#4657,.T.);
#4657 = LINE('',#4658,#4659);
#4658 = CARTESIAN_POINT('',(44.49,-116.605,-4.6E-02));
#4659 = VECTOR('',#4660,1.);
#4660 = DIRECTION('',(0.,0.,1.));
#4661 = ORIENTED_EDGE('',*,*,#3706,.F.);
#4662 = ORIENTED_EDGE('',*,*,#4656,.F.);
#4663 = CYLINDRICAL_SURFACE('',#4664,0.6);
#4664 = AXIS2_PLACEMENT_3D('',#4665,#4666,#4667);
#4665 = CARTESIAN_POINT('',(44.49,-116.005,-4.6E-02));
#4666 = DIRECTION('',(-0.,-0.,-1.));
#4667 = DIRECTION('',(-0.,-1.,0.));
#4668 = ADVANCED_FACE('',(#4669),#4680,.F.);
#4669 = FACE_BOUND('',#4670,.T.);
#4670 = EDGE_LOOP('',(#4671,#4672,#4678,#4679));
#4671 = ORIENTED_EDGE('',*,*,#2787,.T.);
#4672 = ORIENTED_EDGE('',*,*,#4673,.T.);
#4673 = EDGE_CURVE('',#2788,#3718,#4674,.T.);
#4674 = LINE('',#4675,#4676);
#4675 = CARTESIAN_POINT('',(49.49,-116.605,-4.6E-02));
#4676 = VECTOR('',#4677,1.);
#4677 = DIRECTION('',(0.,0.,1.));
#4678 = ORIENTED_EDGE('',*,*,#3717,.F.);
#4679 = ORIENTED_EDGE('',*,*,#4673,.F.);
#4680 = CYLINDRICAL_SURFACE('',#4681,0.6);
#4681 = AXIS2_PLACEMENT_3D('',#4682,#4683,#4684);
#4682 = CARTESIAN_POINT('',(49.49,-116.005,-4.6E-02));
#4683 = DIRECTION('',(-0.,-0.,-1.));
#4684 = DIRECTION('',(-0.,-1.,0.));
#4685 = ADVANCED_FACE('',(#4686),#4697,.F.);
#4686 = FACE_BOUND('',#4687,.T.);
#4687 = EDGE_LOOP('',(#4688,#4689,#4695,#4696));
#4688 = ORIENTED_EDGE('',*,*,#2798,.T.);
#4689 = ORIENTED_EDGE('',*,*,#4690,.T.);
#4690 = EDGE_CURVE('',#2799,#3729,#4691,.T.);
#4691 = LINE('',#4692,#4693);
#4692 = CARTESIAN_POINT('',(61.976,-125.368,-4.6E-02));
#4693 = VECTOR('',#4694,1.);
#4694 = DIRECTION('',(0.,0.,1.));
#4695 = ORIENTED_EDGE('',*,*,#3728,.F.);
#4696 = ORIENTED_EDGE('',*,*,#4690,.F.);
#4697 = CYLINDRICAL_SURFACE('',#4698,0.4);
#4698 = AXIS2_PLACEMENT_3D('',#4699,#4700,#4701);
#4699 = CARTESIAN_POINT('',(61.976,-124.968,-4.6E-02));
#4700 = DIRECTION('',(-0.,-0.,-1.));
#4701 = DIRECTION('',(-0.,-1.,0.));
#4702 = ADVANCED_FACE('',(#4703),#4714,.F.);
#4703 = FACE_BOUND('',#4704,.T.);
#4704 = EDGE_LOOP('',(#4705,#4706,#4712,#4713));
#4705 = ORIENTED_EDGE('',*,*,#2809,.T.);
#4706 = ORIENTED_EDGE('',*,*,#4707,.T.);
#4707 = EDGE_CURVE('',#2810,#3740,#4708,.T.);
#4708 = LINE('',#4709,#4710);
#4709 = CARTESIAN_POINT('',(64.516,-125.368,-4.6E-02));
#4710 = VECTOR('',#4711,1.);
#4711 = DIRECTION('',(0.,0.,1.));
#4712 = ORIENTED_EDGE('',*,*,#3739,.F.);
#4713 = ORIENTED_EDGE('',*,*,#4707,.F.);
#4714 = CYLINDRICAL_SURFACE('',#4715,0.4);
#4715 = AXIS2_PLACEMENT_3D('',#4716,#4717,#4718);
#4716 = CARTESIAN_POINT('',(64.516,-124.968,-4.6E-02));
#4717 = DIRECTION('',(-0.,0.,-1.));
#4718 = DIRECTION('',(3.5527136788E-14,-1.,-0.));
#4719 = ADVANCED_FACE('',(#4720),#4731,.F.);
#4720 = FACE_BOUND('',#4721,.T.);
#4721 = EDGE_LOOP('',(#4722,#4723,#4729,#4730));
#4722 = ORIENTED_EDGE('',*,*,#2820,.T.);
#4723 = ORIENTED_EDGE('',*,*,#4724,.T.);
#4724 = EDGE_CURVE('',#2821,#3751,#4725,.T.);
#4725 = LINE('',#4726,#4727);
#4726 = CARTESIAN_POINT('',(74.676,-125.976,-4.6E-02));
#4727 = VECTOR('',#4728,1.);
#4728 = DIRECTION('',(0.,0.,1.));
#4729 = ORIENTED_EDGE('',*,*,#3750,.F.);
#4730 = ORIENTED_EDGE('',*,*,#4724,.F.);
#4731 = CYLINDRICAL_SURFACE('',#4732,0.5);
#4732 = AXIS2_PLACEMENT_3D('',#4733,#4734,#4735);
#4733 = CARTESIAN_POINT('',(74.676,-125.476,-4.6E-02));
#4734 = DIRECTION('',(-0.,-0.,-1.));
#4735 = DIRECTION('',(-0.,-1.,0.));
#4736 = ADVANCED_FACE('',(#4737),#4748,.F.);
#4737 = FACE_BOUND('',#4738,.T.);
#4738 = EDGE_LOOP('',(#4739,#4740,#4746,#4747));
#4739 = ORIENTED_EDGE('',*,*,#2831,.T.);
#4740 = ORIENTED_EDGE('',*,*,#4741,.T.);
#4741 = EDGE_CURVE('',#2832,#3762,#4742,.T.);
#4742 = LINE('',#4743,#4744);
#4743 = CARTESIAN_POINT('',(65.786,-120.873,-4.6E-02));
#4744 = VECTOR('',#4745,1.);
#4745 = DIRECTION('',(0.,0.,1.));
#4746 = ORIENTED_EDGE('',*,*,#3761,.F.);
#4747 = ORIENTED_EDGE('',*,*,#4741,.F.);
#4748 = CYLINDRICAL_SURFACE('',#4749,0.35);
#4749 = AXIS2_PLACEMENT_3D('',#4750,#4751,#4752);
#4750 = CARTESIAN_POINT('',(65.786,-120.523,-4.6E-02));
#4751 = DIRECTION('',(-0.,-0.,-1.));
#4752 = DIRECTION('',(-0.,-1.,0.));
#4753 = ADVANCED_FACE('',(#4754),#4765,.F.);
#4754 = FACE_BOUND('',#4755,.T.);
#4755 = EDGE_LOOP('',(#4756,#4757,#4763,#4764));
#4756 = ORIENTED_EDGE('',*,*,#2842,.T.);
#4757 = ORIENTED_EDGE('',*,*,#4758,.T.);
#4758 = EDGE_CURVE('',#2843,#3773,#4759,.T.);
#4759 = LINE('',#4760,#4761);
#4760 = CARTESIAN_POINT('',(77.216,-125.976,-4.6E-02));
#4761 = VECTOR('',#4762,1.);
#4762 = DIRECTION('',(0.,0.,1.));
#4763 = ORIENTED_EDGE('',*,*,#3772,.F.);
#4764 = ORIENTED_EDGE('',*,*,#4758,.F.);
#4765 = CYLINDRICAL_SURFACE('',#4766,0.5);
#4766 = AXIS2_PLACEMENT_3D('',#4767,#4768,#4769);
#4767 = CARTESIAN_POINT('',(77.216,-125.476,-4.6E-02));
#4768 = DIRECTION('',(-0.,-0.,-1.));
#4769 = DIRECTION('',(-0.,-1.,0.));
#4770 = ADVANCED_FACE('',(#4771),#4782,.F.);
#4771 = FACE_BOUND('',#4772,.T.);
#4772 = EDGE_LOOP('',(#4773,#4774,#4780,#4781));
#4773 = ORIENTED_EDGE('',*,*,#2853,.T.);
#4774 = ORIENTED_EDGE('',*,*,#4775,.T.);
#4775 = EDGE_CURVE('',#2854,#3784,#4776,.T.);
#4776 = LINE('',#4777,#4778);
#4777 = CARTESIAN_POINT('',(79.756,-125.976,-4.6E-02));
#4778 = VECTOR('',#4779,1.);
#4779 = DIRECTION('',(0.,0.,1.));
#4780 = ORIENTED_EDGE('',*,*,#3783,.F.);
#4781 = ORIENTED_EDGE('',*,*,#4775,.F.);
#4782 = CYLINDRICAL_SURFACE('',#4783,0.5);
#4783 = AXIS2_PLACEMENT_3D('',#4784,#4785,#4786);
#4784 = CARTESIAN_POINT('',(79.756,-125.476,-4.6E-02));
#4785 = DIRECTION('',(-0.,-0.,-1.));
#4786 = DIRECTION('',(-0.,-1.,0.));
#4787 = ADVANCED_FACE('',(#4788),#4799,.F.);
#4788 = FACE_BOUND('',#4789,.T.);
#4789 = EDGE_LOOP('',(#4790,#4791,#4797,#4798));
#4790 = ORIENTED_EDGE('',*,*,#2864,.T.);
#4791 = ORIENTED_EDGE('',*,*,#4792,.T.);
#4792 = EDGE_CURVE('',#2865,#3795,#4793,.T.);
#4793 = LINE('',#4794,#4795);
#4794 = CARTESIAN_POINT('',(82.296,-125.976,-4.6E-02));
#4795 = VECTOR('',#4796,1.);
#4796 = DIRECTION('',(0.,0.,1.));
#4797 = ORIENTED_EDGE('',*,*,#3794,.F.);
#4798 = ORIENTED_EDGE('',*,*,#4792,.F.);
#4799 = CYLINDRICAL_SURFACE('',#4800,0.5);
#4800 = AXIS2_PLACEMENT_3D('',#4801,#4802,#4803);
#4801 = CARTESIAN_POINT('',(82.296,-125.476,-4.6E-02));
#4802 = DIRECTION('',(-0.,-0.,-1.));
#4803 = DIRECTION('',(-0.,-1.,0.));
#4804 = ADVANCED_FACE('',(#4805),#4816,.F.);
#4805 = FACE_BOUND('',#4806,.T.);
#4806 = EDGE_LOOP('',(#4807,#4808,#4814,#4815));
#4807 = ORIENTED_EDGE('',*,*,#2875,.T.);
#4808 = ORIENTED_EDGE('',*,*,#4809,.T.);
#4809 = EDGE_CURVE('',#2876,#3806,#4810,.T.);
#4810 = LINE('',#4811,#4812);
#4811 = CARTESIAN_POINT('',(84.836,-125.976,-4.6E-02));
#4812 = VECTOR('',#4813,1.);
#4813 = DIRECTION('',(0.,0.,1.));
#4814 = ORIENTED_EDGE('',*,*,#3805,.F.);
#4815 = ORIENTED_EDGE('',*,*,#4809,.F.);
#4816 = CYLINDRICAL_SURFACE('',#4817,0.5);
#4817 = AXIS2_PLACEMENT_3D('',#4818,#4819,#4820);
#4818 = CARTESIAN_POINT('',(84.836,-125.476,-4.6E-02));
#4819 = DIRECTION('',(-0.,-0.,-1.));
#4820 = DIRECTION('',(-0.,-1.,0.));
#4821 = ADVANCED_FACE('',(#4822),#4833,.F.);
#4822 = FACE_BOUND('',#4823,.T.);
#4823 = EDGE_LOOP('',(#4824,#4825,#4831,#4832));
#4824 = ORIENTED_EDGE('',*,*,#2886,.T.);
#4825 = ORIENTED_EDGE('',*,*,#4826,.T.);
#4826 = EDGE_CURVE('',#2887,#3817,#4827,.T.);
#4827 = LINE('',#4828,#4829);
#4828 = CARTESIAN_POINT('',(87.376,-125.976,-4.6E-02));
#4829 = VECTOR('',#4830,1.);
#4830 = DIRECTION('',(0.,0.,1.));
#4831 = ORIENTED_EDGE('',*,*,#3816,.F.);
#4832 = ORIENTED_EDGE('',*,*,#4826,.F.);
#4833 = CYLINDRICAL_SURFACE('',#4834,0.5);
#4834 = AXIS2_PLACEMENT_3D('',#4835,#4836,#4837);
#4835 = CARTESIAN_POINT('',(87.376,-125.476,-4.6E-02));
#4836 = DIRECTION('',(-0.,-0.,-1.));
#4837 = DIRECTION('',(-0.,-1.,0.));
#4838 = ADVANCED_FACE('',(#4839),#4850,.F.);
#4839 = FACE_BOUND('',#4840,.T.);
#4840 = EDGE_LOOP('',(#4841,#4842,#4848,#4849));
#4841 = ORIENTED_EDGE('',*,*,#2897,.T.);
#4842 = ORIENTED_EDGE('',*,*,#4843,.T.);
#4843 = EDGE_CURVE('',#2898,#3828,#4844,.T.);
#4844 = LINE('',#4845,#4846);
#4845 = CARTESIAN_POINT('',(89.916,-125.976,-4.6E-02));
#4846 = VECTOR('',#4847,1.);
#4847 = DIRECTION('',(0.,0.,1.));
#4848 = ORIENTED_EDGE('',*,*,#3827,.F.);
#4849 = ORIENTED_EDGE('',*,*,#4843,.F.);
#4850 = CYLINDRICAL_SURFACE('',#4851,0.5);
#4851 = AXIS2_PLACEMENT_3D('',#4852,#4853,#4854);
#4852 = CARTESIAN_POINT('',(89.916,-125.476,-4.6E-02));
#4853 = DIRECTION('',(-0.,-0.,-1.));
#4854 = DIRECTION('',(-0.,-1.,0.));
#4855 = ADVANCED_FACE('',(#4856),#4867,.F.);
#4856 = FACE_BOUND('',#4857,.T.);
#4857 = EDGE_LOOP('',(#4858,#4859,#4865,#4866));
#4858 = ORIENTED_EDGE('',*,*,#2908,.T.);
#4859 = ORIENTED_EDGE('',*,*,#4860,.T.);
#4860 = EDGE_CURVE('',#2909,#3839,#4861,.T.);
#4861 = LINE('',#4862,#4863);
#4862 = CARTESIAN_POINT('',(92.456,-125.976,-4.6E-02));
#4863 = VECTOR('',#4864,1.);
#4864 = DIRECTION('',(0.,0.,1.));
#4865 = ORIENTED_EDGE('',*,*,#3838,.F.);
#4866 = ORIENTED_EDGE('',*,*,#4860,.F.);
#4867 = CYLINDRICAL_SURFACE('',#4868,0.5);
#4868 = AXIS2_PLACEMENT_3D('',#4869,#4870,#4871);
#4869 = CARTESIAN_POINT('',(92.456,-125.476,-4.6E-02));
#4870 = DIRECTION('',(-0.,-0.,-1.));
#4871 = DIRECTION('',(-0.,-1.,0.));
#4872 = ADVANCED_FACE('',(#4873),#4884,.F.);
#4873 = FACE_BOUND('',#4874,.T.);
#4874 = EDGE_LOOP('',(#4875,#4876,#4882,#4883));
#4875 = ORIENTED_EDGE('',*,*,#2919,.T.);
#4876 = ORIENTED_EDGE('',*,*,#4877,.T.);
#4877 = EDGE_CURVE('',#2920,#3850,#4878,.T.);
#4878 = LINE('',#4879,#4880);
#4879 = CARTESIAN_POINT('',(61.976,-116.683,-4.6E-02));
#4880 = VECTOR('',#4881,1.);
#4881 = DIRECTION('',(0.,0.,1.));
#4882 = ORIENTED_EDGE('',*,*,#3849,.F.);
#4883 = ORIENTED_EDGE('',*,*,#4877,.F.);
#4884 = CYLINDRICAL_SURFACE('',#4885,0.605);
#4885 = AXIS2_PLACEMENT_3D('',#4886,#4887,#4888);
#4886 = CARTESIAN_POINT('',(61.976,-116.078,-4.6E-02));
#4887 = DIRECTION('',(-0.,-0.,-1.));
#4888 = DIRECTION('',(-0.,-1.,0.));
#4889 = ADVANCED_FACE('',(#4890),#4901,.F.);
#4890 = FACE_BOUND('',#4891,.T.);
#4891 = EDGE_LOOP('',(#4892,#4893,#4899,#4900));
#4892 = ORIENTED_EDGE('',*,*,#2930,.T.);
#4893 = ORIENTED_EDGE('',*,*,#4894,.T.);
#4894 = EDGE_CURVE('',#2931,#3861,#4895,.T.);
#4895 = LINE('',#4896,#4897);
#4896 = CARTESIAN_POINT('',(61.976,-114.143,-4.6E-02));
#4897 = VECTOR('',#4898,1.);
#4898 = DIRECTION('',(0.,0.,1.));
#4899 = ORIENTED_EDGE('',*,*,#3860,.F.);
#4900 = ORIENTED_EDGE('',*,*,#4894,.F.);
#4901 = CYLINDRICAL_SURFACE('',#4902,0.605);
#4902 = AXIS2_PLACEMENT_3D('',#4903,#4904,#4905);
#4903 = CARTESIAN_POINT('',(61.976,-113.538,-4.6E-02));
#4904 = DIRECTION('',(-0.,-0.,-1.));
#4905 = DIRECTION('',(-0.,-1.,0.));
#4906 = ADVANCED_FACE('',(#4907),#4918,.F.);
#4907 = FACE_BOUND('',#4908,.T.);
#4908 = EDGE_LOOP('',(#4909,#4910,#4916,#4917));
#4909 = ORIENTED_EDGE('',*,*,#2941,.T.);
#4910 = ORIENTED_EDGE('',*,*,#4911,.T.);
#4911 = EDGE_CURVE('',#2942,#3872,#4912,.T.);
#4912 = LINE('',#4913,#4914);
#4913 = CARTESIAN_POINT('',(30.52,-105.275,-4.6E-02));
#4914 = VECTOR('',#4915,1.);
#4915 = DIRECTION('',(0.,0.,1.));
#4916 = ORIENTED_EDGE('',*,*,#3871,.F.);
#4917 = ORIENTED_EDGE('',*,*,#4911,.F.);
#4918 = CYLINDRICAL_SURFACE('',#4919,0.6);
#4919 = AXIS2_PLACEMENT_3D('',#4920,#4921,#4922);
#4920 = CARTESIAN_POINT('',(30.52,-104.675,-4.6E-02));
#4921 = DIRECTION('',(-0.,-0.,-1.));
#4922 = DIRECTION('',(-5.921189464667E-15,-1.,0.));
#4923 = ADVANCED_FACE('',(#4924),#4935,.F.);
#4924 = FACE_BOUND('',#4925,.T.);
#4925 = EDGE_LOOP('',(#4926,#4927,#4933,#4934));
#4926 = ORIENTED_EDGE('',*,*,#2952,.T.);
#4927 = ORIENTED_EDGE('',*,*,#4928,.T.);
#4928 = EDGE_CURVE('',#2953,#3883,#4929,.T.);
#4929 = LINE('',#4930,#4931);
#4930 = CARTESIAN_POINT('',(35.52,-105.275,-4.6E-02));
#4931 = VECTOR('',#4932,1.);
#4932 = DIRECTION('',(0.,0.,1.));
#4933 = ORIENTED_EDGE('',*,*,#3882,.F.);
#4934 = ORIENTED_EDGE('',*,*,#4928,.F.);
#4935 = CYLINDRICAL_SURFACE('',#4936,0.6);
#4936 = AXIS2_PLACEMENT_3D('',#4937,#4938,#4939);
#4937 = CARTESIAN_POINT('',(35.52,-104.675,-4.6E-02));
#4938 = DIRECTION('',(-0.,0.,-1.));
#4939 = DIRECTION('',(1.184237892933E-14,-1.,-0.));
#4940 = ADVANCED_FACE('',(#4941),#4952,.F.);
#4941 = FACE_BOUND('',#4942,.T.);
#4942 = EDGE_LOOP('',(#4943,#4944,#4950,#4951));
#4943 = ORIENTED_EDGE('',*,*,#2963,.T.);
#4944 = ORIENTED_EDGE('',*,*,#4945,.T.);
#4945 = EDGE_CURVE('',#2964,#3894,#4946,.T.);
#4946 = LINE('',#4947,#4948);
#4947 = CARTESIAN_POINT('',(44.49,-104.105,-4.6E-02));
#4948 = VECTOR('',#4949,1.);
#4949 = DIRECTION('',(0.,0.,1.));
#4950 = ORIENTED_EDGE('',*,*,#3893,.F.);
#4951 = ORIENTED_EDGE('',*,*,#4945,.F.);
#4952 = CYLINDRICAL_SURFACE('',#4953,0.6);
#4953 = AXIS2_PLACEMENT_3D('',#4954,#4955,#4956);
#4954 = CARTESIAN_POINT('',(44.49,-103.505,-4.6E-02));
#4955 = DIRECTION('',(-0.,-0.,-1.));
#4956 = DIRECTION('',(-0.,-1.,0.));
#4957 = ADVANCED_FACE('',(#4958),#4969,.F.);
#4958 = FACE_BOUND('',#4959,.T.);
#4959 = EDGE_LOOP('',(#4960,#4961,#4967,#4968));
#4960 = ORIENTED_EDGE('',*,*,#2974,.T.);
#4961 = ORIENTED_EDGE('',*,*,#4962,.T.);
#4962 = EDGE_CURVE('',#2975,#3905,#4963,.T.);
#4963 = LINE('',#4964,#4965);
#4964 = CARTESIAN_POINT('',(49.49,-104.105,-4.6E-02));
#4965 = VECTOR('',#4966,1.);
#4966 = DIRECTION('',(0.,0.,1.));
#4967 = ORIENTED_EDGE('',*,*,#3904,.F.);
#4968 = ORIENTED_EDGE('',*,*,#4962,.F.);
#4969 = CYLINDRICAL_SURFACE('',#4970,0.6);
#4970 = AXIS2_PLACEMENT_3D('',#4971,#4972,#4973);
#4971 = CARTESIAN_POINT('',(49.49,-103.505,-4.6E-02));
#4972 = DIRECTION('',(-0.,-0.,-1.));
#4973 = DIRECTION('',(-0.,-1.,0.));
#4974 = ADVANCED_FACE('',(#4975),#4986,.F.);
#4975 = FACE_BOUND('',#4976,.T.);
#4976 = EDGE_LOOP('',(#4977,#4978,#4984,#4985));
#4977 = ORIENTED_EDGE('',*,*,#2985,.T.);
#4978 = ORIENTED_EDGE('',*,*,#4979,.T.);
#4979 = EDGE_CURVE('',#2986,#3916,#4980,.T.);
#4980 = LINE('',#4981,#4982);
#4981 = CARTESIAN_POINT('',(58.46,-105.275,-4.6E-02));
#4982 = VECTOR('',#4983,1.);
#4983 = DIRECTION('',(0.,0.,1.));
#4984 = ORIENTED_EDGE('',*,*,#3915,.F.);
#4985 = ORIENTED_EDGE('',*,*,#4979,.F.);
#4986 = CYLINDRICAL_SURFACE('',#4987,0.6);
#4987 = AXIS2_PLACEMENT_3D('',#4988,#4989,#4990);
#4988 = CARTESIAN_POINT('',(58.46,-104.675,-4.6E-02));
#4989 = DIRECTION('',(-0.,-0.,-1.));
#4990 = DIRECTION('',(-0.,-1.,0.));
#4991 = ADVANCED_FACE('',(#4992),#5003,.F.);
#4992 = FACE_BOUND('',#4993,.T.);
#4993 = EDGE_LOOP('',(#4994,#4995,#5001,#5002));
#4994 = ORIENTED_EDGE('',*,*,#2996,.T.);
#4995 = ORIENTED_EDGE('',*,*,#4996,.T.);
#4996 = EDGE_CURVE('',#2997,#3927,#4997,.T.);
#4997 = LINE('',#4998,#4999);
#4998 = CARTESIAN_POINT('',(74.676,-110.736,-4.6E-02));
#4999 = VECTOR('',#5000,1.);
#5000 = DIRECTION('',(0.,0.,1.));
#5001 = ORIENTED_EDGE('',*,*,#3926,.F.);
#5002 = ORIENTED_EDGE('',*,*,#4996,.F.);
#5003 = CYLINDRICAL_SURFACE('',#5004,0.5);
#5004 = AXIS2_PLACEMENT_3D('',#5005,#5006,#5007);
#5005 = CARTESIAN_POINT('',(74.676,-110.236,-4.6E-02));
#5006 = DIRECTION('',(-0.,-0.,-1.));
#5007 = DIRECTION('',(-0.,-1.,0.));
#5008 = ADVANCED_FACE('',(#5009),#5020,.F.);
#5009 = FACE_BOUND('',#5010,.T.);
#5010 = EDGE_LOOP('',(#5011,#5012,#5018,#5019));
#5011 = ORIENTED_EDGE('',*,*,#3007,.T.);
#5012 = ORIENTED_EDGE('',*,*,#5013,.T.);
#5013 = EDGE_CURVE('',#3008,#3938,#5014,.T.);
#5014 = LINE('',#5015,#5016);
#5015 = CARTESIAN_POINT('',(77.216,-110.736,-4.6E-02));
#5016 = VECTOR('',#5017,1.);
#5017 = DIRECTION('',(0.,0.,1.));
#5018 = ORIENTED_EDGE('',*,*,#3937,.F.);
#5019 = ORIENTED_EDGE('',*,*,#5013,.F.);
#5020 = CYLINDRICAL_SURFACE('',#5021,0.5);
#5021 = AXIS2_PLACEMENT_3D('',#5022,#5023,#5024);
#5022 = CARTESIAN_POINT('',(77.216,-110.236,-4.6E-02));
#5023 = DIRECTION('',(-0.,-0.,-1.));
#5024 = DIRECTION('',(-0.,-1.,0.));
#5025 = ADVANCED_FACE('',(#5026),#5037,.F.);
#5026 = FACE_BOUND('',#5027,.T.);
#5027 = EDGE_LOOP('',(#5028,#5029,#5035,#5036));
#5028 = ORIENTED_EDGE('',*,*,#3018,.T.);
#5029 = ORIENTED_EDGE('',*,*,#5030,.T.);
#5030 = EDGE_CURVE('',#3019,#3949,#5031,.T.);
#5031 = LINE('',#5032,#5033);
#5032 = CARTESIAN_POINT('',(79.756,-110.736,-4.6E-02));
#5033 = VECTOR('',#5034,1.);
#5034 = DIRECTION('',(0.,0.,1.));
#5035 = ORIENTED_EDGE('',*,*,#3948,.F.);
#5036 = ORIENTED_EDGE('',*,*,#5030,.F.);
#5037 = CYLINDRICAL_SURFACE('',#5038,0.5);
#5038 = AXIS2_PLACEMENT_3D('',#5039,#5040,#5041);
#5039 = CARTESIAN_POINT('',(79.756,-110.236,-4.6E-02));
#5040 = DIRECTION('',(-0.,-0.,-1.));
#5041 = DIRECTION('',(-0.,-1.,0.));
#5042 = ADVANCED_FACE('',(#5043),#5054,.F.);
#5043 = FACE_BOUND('',#5044,.T.);
#5044 = EDGE_LOOP('',(#5045,#5046,#5052,#5053));
#5045 = ORIENTED_EDGE('',*,*,#3029,.T.);
#5046 = ORIENTED_EDGE('',*,*,#5047,.T.);
#5047 = EDGE_CURVE('',#3030,#3960,#5048,.T.);
#5048 = LINE('',#5049,#5050);
#5049 = CARTESIAN_POINT('',(82.296,-110.736,-4.6E-02));
#5050 = VECTOR('',#5051,1.);
#5051 = DIRECTION('',(0.,0.,1.));
#5052 = ORIENTED_EDGE('',*,*,#3959,.F.);
#5053 = ORIENTED_EDGE('',*,*,#5047,.F.);
#5054 = CYLINDRICAL_SURFACE('',#5055,0.5);
#5055 = AXIS2_PLACEMENT_3D('',#5056,#5057,#5058);
#5056 = CARTESIAN_POINT('',(82.296,-110.236,-4.6E-02));
#5057 = DIRECTION('',(-0.,-0.,-1.));
#5058 = DIRECTION('',(-0.,-1.,0.));
#5059 = ADVANCED_FACE('',(#5060),#5071,.F.);
#5060 = FACE_BOUND('',#5061,.T.);
#5061 = EDGE_LOOP('',(#5062,#5063,#5069,#5070));
#5062 = ORIENTED_EDGE('',*,*,#3040,.T.);
#5063 = ORIENTED_EDGE('',*,*,#5064,.T.);
#5064 = EDGE_CURVE('',#3041,#3971,#5065,.T.);
#5065 = LINE('',#5066,#5067);
#5066 = CARTESIAN_POINT('',(84.836,-110.736,-4.6E-02));
#5067 = VECTOR('',#5068,1.);
#5068 = DIRECTION('',(0.,0.,1.));
#5069 = ORIENTED_EDGE('',*,*,#3970,.F.);
#5070 = ORIENTED_EDGE('',*,*,#5064,.F.);
#5071 = CYLINDRICAL_SURFACE('',#5072,0.5);
#5072 = AXIS2_PLACEMENT_3D('',#5073,#5074,#5075);
#5073 = CARTESIAN_POINT('',(84.836,-110.236,-4.6E-02));
#5074 = DIRECTION('',(-0.,-0.,-1.));
#5075 = DIRECTION('',(-0.,-1.,0.));
#5076 = ADVANCED_FACE('',(#5077),#5088,.F.);
#5077 = FACE_BOUND('',#5078,.T.);
#5078 = EDGE_LOOP('',(#5079,#5080,#5086,#5087));
#5079 = ORIENTED_EDGE('',*,*,#3051,.T.);
#5080 = ORIENTED_EDGE('',*,*,#5081,.T.);
#5081 = EDGE_CURVE('',#3052,#3982,#5082,.T.);
#5082 = LINE('',#5083,#5084);
#5083 = CARTESIAN_POINT('',(87.376,-110.736,-4.6E-02));
#5084 = VECTOR('',#5085,1.);
#5085 = DIRECTION('',(0.,0.,1.));
#5086 = ORIENTED_EDGE('',*,*,#3981,.F.);
#5087 = ORIENTED_EDGE('',*,*,#5081,.F.);
#5088 = CYLINDRICAL_SURFACE('',#5089,0.5);
#5089 = AXIS2_PLACEMENT_3D('',#5090,#5091,#5092);
#5090 = CARTESIAN_POINT('',(87.376,-110.236,-4.6E-02));
#5091 = DIRECTION('',(-0.,-0.,-1.));
#5092 = DIRECTION('',(-0.,-1.,0.));
#5093 = ADVANCED_FACE('',(#5094),#5105,.F.);
#5094 = FACE_BOUND('',#5095,.T.);
#5095 = EDGE_LOOP('',(#5096,#5097,#5103,#5104));
#5096 = ORIENTED_EDGE('',*,*,#3062,.T.);
#5097 = ORIENTED_EDGE('',*,*,#5098,.T.);
#5098 = EDGE_CURVE('',#3063,#3993,#5099,.T.);
#5099 = LINE('',#5100,#5101);
#5100 = CARTESIAN_POINT('',(89.916,-110.736,-4.6E-02));
#5101 = VECTOR('',#5102,1.);
#5102 = DIRECTION('',(0.,0.,1.));
#5103 = ORIENTED_EDGE('',*,*,#3992,.F.);
#5104 = ORIENTED_EDGE('',*,*,#5098,.F.);
#5105 = CYLINDRICAL_SURFACE('',#5106,0.5);
#5106 = AXIS2_PLACEMENT_3D('',#5107,#5108,#5109);
#5107 = CARTESIAN_POINT('',(89.916,-110.236,-4.6E-02));
#5108 = DIRECTION('',(-0.,-0.,-1.));
#5109 = DIRECTION('',(-0.,-1.,0.));
#5110 = ADVANCED_FACE('',(#5111),#5122,.F.);
#5111 = FACE_BOUND('',#5112,.T.);
#5112 = EDGE_LOOP('',(#5113,#5114,#5120,#5121));
#5113 = ORIENTED_EDGE('',*,*,#3073,.T.);
#5114 = ORIENTED_EDGE('',*,*,#5115,.T.);
#5115 = EDGE_CURVE('',#3074,#4004,#5116,.T.);
#5116 = LINE('',#5117,#5118);
#5117 = CARTESIAN_POINT('',(92.456,-110.736,-4.6E-02));
#5118 = VECTOR('',#5119,1.);
#5119 = DIRECTION('',(0.,0.,1.));
#5120 = ORIENTED_EDGE('',*,*,#4003,.F.);
#5121 = ORIENTED_EDGE('',*,*,#5115,.F.);
#5122 = CYLINDRICAL_SURFACE('',#5123,0.5);
#5123 = AXIS2_PLACEMENT_3D('',#5124,#5125,#5126);
#5124 = CARTESIAN_POINT('',(92.456,-110.236,-4.6E-02));
#5125 = DIRECTION('',(-0.,-0.,-1.));
#5126 = DIRECTION('',(-0.,-1.,0.));
#5127 = ADVANCED_FACE('',(#5128),#5139,.F.);
#5128 = FACE_BOUND('',#5129,.T.);
#5129 = EDGE_LOOP('',(#5130,#5131,#5137,#5138));
#5130 = ORIENTED_EDGE('',*,*,#3084,.T.);
#5131 = ORIENTED_EDGE('',*,*,#5132,.T.);
#5132 = EDGE_CURVE('',#3085,#4015,#5133,.T.);
#5133 = LINE('',#5134,#5135);
#5134 = CARTESIAN_POINT('',(63.46,-105.275,-4.6E-02));
#5135 = VECTOR('',#5136,1.);
#5136 = DIRECTION('',(0.,0.,1.));
#5137 = ORIENTED_EDGE('',*,*,#4014,.F.);
#5138 = ORIENTED_EDGE('',*,*,#5132,.F.);
#5139 = CYLINDRICAL_SURFACE('',#5140,0.6);
#5140 = AXIS2_PLACEMENT_3D('',#5141,#5142,#5143);
#5141 = CARTESIAN_POINT('',(63.46,-104.675,-4.6E-02));
#5142 = DIRECTION('',(-0.,-0.,-1.));
#5143 = DIRECTION('',(-0.,-1.,0.));
#5144 = ADVANCED_FACE('',(#5145),#5156,.F.);
#5145 = FACE_BOUND('',#5146,.T.);
#5146 = EDGE_LOOP('',(#5147,#5148,#5154,#5155));
#5147 = ORIENTED_EDGE('',*,*,#3095,.T.);
#5148 = ORIENTED_EDGE('',*,*,#5149,.T.);
#5149 = EDGE_CURVE('',#3096,#4026,#5150,.T.);
#5150 = LINE('',#5151,#5152);
#5151 = CARTESIAN_POINT('',(94.996,-125.976,-4.6E-02));
#5152 = VECTOR('',#5153,1.);
#5153 = DIRECTION('',(0.,0.,1.));
#5154 = ORIENTED_EDGE('',*,*,#4025,.F.);
#5155 = ORIENTED_EDGE('',*,*,#5149,.F.);
#5156 = CYLINDRICAL_SURFACE('',#5157,0.5);
#5157 = AXIS2_PLACEMENT_3D('',#5158,#5159,#5160);
#5158 = CARTESIAN_POINT('',(94.996,-125.476,-4.6E-02));
#5159 = DIRECTION('',(-0.,-0.,-1.));
#5160 = DIRECTION('',(-0.,-1.,0.));
#5161 = ADVANCED_FACE('',(#5162),#5173,.F.);
#5162 = FACE_BOUND('',#5163,.T.);
#5163 = EDGE_LOOP('',(#5164,#5165,#5171,#5172));
#5164 = ORIENTED_EDGE('',*,*,#3106,.T.);
#5165 = ORIENTED_EDGE('',*,*,#5166,.T.);
#5166 = EDGE_CURVE('',#3107,#4037,#5167,.T.);
#5167 = LINE('',#5168,#5169);
#5168 = CARTESIAN_POINT('',(97.536,-125.976,-4.6E-02));
#5169 = VECTOR('',#5170,1.);
#5170 = DIRECTION('',(0.,0.,1.));
#5171 = ORIENTED_EDGE('',*,*,#4036,.F.);
#5172 = ORIENTED_EDGE('',*,*,#5166,.F.);
#5173 = CYLINDRICAL_SURFACE('',#5174,0.5);
#5174 = AXIS2_PLACEMENT_3D('',#5175,#5176,#5177);
#5175 = CARTESIAN_POINT('',(97.536,-125.476,-4.6E-02));
#5176 = DIRECTION('',(-0.,-0.,-1.));
#5177 = DIRECTION('',(-0.,-1.,0.));
#5178 = ADVANCED_FACE('',(#5179),#5190,.F.);
#5179 = FACE_BOUND('',#5180,.T.);
#5180 = EDGE_LOOP('',(#5181,#5182,#5188,#5189));
#5181 = ORIENTED_EDGE('',*,*,#3117,.T.);
#5182 = ORIENTED_EDGE('',*,*,#5183,.T.);
#5183 = EDGE_CURVE('',#3118,#4048,#5184,.T.);
#5184 = LINE('',#5185,#5186);
#5185 = CARTESIAN_POINT('',(100.076,-125.976,-4.6E-02));
#5186 = VECTOR('',#5187,1.);
#5187 = DIRECTION('',(0.,0.,1.));
#5188 = ORIENTED_EDGE('',*,*,#4047,.F.);
#5189 = ORIENTED_EDGE('',*,*,#5183,.F.);
#5190 = CYLINDRICAL_SURFACE('',#5191,0.5);
#5191 = AXIS2_PLACEMENT_3D('',#5192,#5193,#5194);
#5192 = CARTESIAN_POINT('',(100.076,-125.476,-4.6E-02));
#5193 = DIRECTION('',(-0.,-0.,-1.));
#5194 = DIRECTION('',(-0.,-1.,0.));
#5195 = ADVANCED_FACE('',(#5196),#5207,.F.);
#5196 = FACE_BOUND('',#5197,.T.);
#5197 = EDGE_LOOP('',(#5198,#5199,#5205,#5206));
#5198 = ORIENTED_EDGE('',*,*,#3128,.T.);
#5199 = ORIENTED_EDGE('',*,*,#5200,.T.);
#5200 = EDGE_CURVE('',#3129,#4059,#5201,.T.);
#5201 = LINE('',#5202,#5203);
#5202 = CARTESIAN_POINT('',(102.616,-125.976,-4.6E-02));
#5203 = VECTOR('',#5204,1.);
#5204 = DIRECTION('',(0.,0.,1.));
#5205 = ORIENTED_EDGE('',*,*,#4058,.F.);
#5206 = ORIENTED_EDGE('',*,*,#5200,.F.);
#5207 = CYLINDRICAL_SURFACE('',#5208,0.5);
#5208 = AXIS2_PLACEMENT_3D('',#5209,#5210,#5211);
#5209 = CARTESIAN_POINT('',(102.616,-125.476,-4.6E-02));
#5210 = DIRECTION('',(-0.,-0.,-1.));
#5211 = DIRECTION('',(-0.,-1.,0.));
#5212 = ADVANCED_FACE('',(#5213),#5224,.F.);
#5213 = FACE_BOUND('',#5214,.T.);
#5214 = EDGE_LOOP('',(#5215,#5216,#5222,#5223));
#5215 = ORIENTED_EDGE('',*,*,#3139,.T.);
#5216 = ORIENTED_EDGE('',*,*,#5217,.T.);
#5217 = EDGE_CURVE('',#3140,#4070,#5218,.T.);
#5218 = LINE('',#5219,#5220);
#5219 = CARTESIAN_POINT('',(105.156,-125.976,-4.6E-02));
#5220 = VECTOR('',#5221,1.);
#5221 = DIRECTION('',(0.,0.,1.));
#5222 = ORIENTED_EDGE('',*,*,#4069,.F.);
#5223 = ORIENTED_EDGE('',*,*,#5217,.F.);
#5224 = CYLINDRICAL_SURFACE('',#5225,0.5);
#5225 = AXIS2_PLACEMENT_3D('',#5226,#5227,#5228);
#5226 = CARTESIAN_POINT('',(105.156,-125.476,-4.6E-02));
#5227 = DIRECTION('',(-0.,-0.,-1.));
#5228 = DIRECTION('',(-0.,-1.,0.));
#5229 = ADVANCED_FACE('',(#5230),#5241,.F.);
#5230 = FACE_BOUND('',#5231,.T.);
#5231 = EDGE_LOOP('',(#5232,#5233,#5239,#5240));
#5232 = ORIENTED_EDGE('',*,*,#3150,.T.);
#5233 = ORIENTED_EDGE('',*,*,#5234,.T.);
#5234 = EDGE_CURVE('',#3151,#4081,#5235,.T.);
#5235 = LINE('',#5236,#5237);
#5236 = CARTESIAN_POINT('',(107.696,-125.976,-4.6E-02));
#5237 = VECTOR('',#5238,1.);
#5238 = DIRECTION('',(0.,0.,1.));
#5239 = ORIENTED_EDGE('',*,*,#4080,.F.);
#5240 = ORIENTED_EDGE('',*,*,#5234,.F.);
#5241 = CYLINDRICAL_SURFACE('',#5242,0.5);
#5242 = AXIS2_PLACEMENT_3D('',#5243,#5244,#5245);
#5243 = CARTESIAN_POINT('',(107.696,-125.476,-4.6E-02));
#5244 = DIRECTION('',(-0.,-0.,-1.));
#5245 = DIRECTION('',(-0.,-1.,0.));
#5246 = ADVANCED_FACE('',(#5247),#5258,.F.);
#5247 = FACE_BOUND('',#5248,.T.);
#5248 = EDGE_LOOP('',(#5249,#5250,#5256,#5257));
#5249 = ORIENTED_EDGE('',*,*,#3161,.T.);
#5250 = ORIENTED_EDGE('',*,*,#5251,.T.);
#5251 = EDGE_CURVE('',#3162,#4092,#5252,.T.);
#5252 = LINE('',#5253,#5254);
#5253 = CARTESIAN_POINT('',(110.236,-125.976,-4.6E-02));
#5254 = VECTOR('',#5255,1.);
#5255 = DIRECTION('',(0.,0.,1.));
#5256 = ORIENTED_EDGE('',*,*,#4091,.F.);
#5257 = ORIENTED_EDGE('',*,*,#5251,.F.);
#5258 = CYLINDRICAL_SURFACE('',#5259,0.5);
#5259 = AXIS2_PLACEMENT_3D('',#5260,#5261,#5262);
#5260 = CARTESIAN_POINT('',(110.236,-125.476,-4.6E-02));
#5261 = DIRECTION('',(-0.,-0.,-1.));
#5262 = DIRECTION('',(-0.,-1.,0.));
#5263 = ADVANCED_FACE('',(#5264),#5275,.F.);
#5264 = FACE_BOUND('',#5265,.T.);
#5265 = EDGE_LOOP('',(#5266,#5272,#5273,#5274));
#5266 = ORIENTED_EDGE('',*,*,#5267,.T.);
#5267 = EDGE_CURVE('',#3173,#4103,#5268,.T.);
#5268 = LINE('',#5269,#5270);
#5269 = CARTESIAN_POINT('',(158.115,-124.46,0.));
#5270 = VECTOR('',#5271,1.);
#5271 = DIRECTION('',(0.,0.,1.));
#5272 = ORIENTED_EDGE('',*,*,#4102,.T.);
#5273 = ORIENTED_EDGE('',*,*,#5267,.F.);
#5274 = ORIENTED_EDGE('',*,*,#3172,.F.);
#5275 = CYLINDRICAL_SURFACE('',#5276,3.175);
#5276 = AXIS2_PLACEMENT_3D('',#5277,#5278,#5279);
#5277 = CARTESIAN_POINT('',(154.94,-124.46,0.));
#5278 = DIRECTION('',(-0.,-0.,-1.));
#5279 = DIRECTION('',(1.,0.,-0.));
#5280 = ADVANCED_FACE('',(#5281),#5292,.F.);
#5281 = FACE_BOUND('',#5282,.T.);
#5282 = EDGE_LOOP('',(#5283,#5284,#5290,#5291));
#5283 = ORIENTED_EDGE('',*,*,#3183,.T.);
#5284 = ORIENTED_EDGE('',*,*,#5285,.T.);
#5285 = EDGE_CURVE('',#3184,#4114,#5286,.T.);
#5286 = LINE('',#5287,#5288);
#5287 = CARTESIAN_POINT('',(135.295,-116.705,-4.6E-02));
#5288 = VECTOR('',#5289,1.);
#5289 = DIRECTION('',(0.,0.,1.));
#5290 = ORIENTED_EDGE('',*,*,#4113,.F.);
#5291 = ORIENTED_EDGE('',*,*,#5285,.F.);
#5292 = CYLINDRICAL_SURFACE('',#5293,0.6);
#5293 = AXIS2_PLACEMENT_3D('',#5294,#5295,#5296);
#5294 = CARTESIAN_POINT('',(135.295,-116.105,-4.6E-02));
#5295 = DIRECTION('',(-0.,-0.,-1.));
#5296 = DIRECTION('',(-4.736951571734E-14,-1.,0.));
#5297 = ADVANCED_FACE('',(#5298),#5309,.F.);
#5298 = FACE_BOUND('',#5299,.T.);
#5299 = EDGE_LOOP('',(#5300,#5301,#5307,#5308));
#5300 = ORIENTED_EDGE('',*,*,#3194,.T.);
#5301 = ORIENTED_EDGE('',*,*,#5302,.T.);
#5302 = EDGE_CURVE('',#3195,#4125,#5303,.T.);
#5303 = LINE('',#5304,#5305);
#5304 = CARTESIAN_POINT('',(140.295,-116.705,-4.6E-02));
#5305 = VECTOR('',#5306,1.);
#5306 = DIRECTION('',(0.,0.,1.));
#5307 = ORIENTED_EDGE('',*,*,#4124,.F.);
#5308 = ORIENTED_EDGE('',*,*,#5302,.F.);
#5309 = CYLINDRICAL_SURFACE('',#5310,0.6);
#5310 = AXIS2_PLACEMENT_3D('',#5311,#5312,#5313);
#5311 = CARTESIAN_POINT('',(140.295,-116.105,-4.6E-02));
#5312 = DIRECTION('',(-0.,-0.,-1.));
#5313 = DIRECTION('',(-4.736951571734E-14,-1.,0.));
#5314 = ADVANCED_FACE('',(#5315),#5326,.F.);
#5315 = FACE_BOUND('',#5316,.T.);
#5316 = EDGE_LOOP('',(#5317,#5318,#5324,#5325));
#5317 = ORIENTED_EDGE('',*,*,#3205,.T.);
#5318 = ORIENTED_EDGE('',*,*,#5319,.T.);
#5319 = EDGE_CURVE('',#3206,#4136,#5320,.T.);
#5320 = LINE('',#5321,#5322);
#5321 = CARTESIAN_POINT('',(94.996,-110.736,-4.6E-02));
#5322 = VECTOR('',#5323,1.);
#5323 = DIRECTION('',(0.,0.,1.));
#5324 = ORIENTED_EDGE('',*,*,#4135,.F.);
#5325 = ORIENTED_EDGE('',*,*,#5319,.F.);
#5326 = CYLINDRICAL_SURFACE('',#5327,0.5);
#5327 = AXIS2_PLACEMENT_3D('',#5328,#5329,#5330);
#5328 = CARTESIAN_POINT('',(94.996,-110.236,-4.6E-02));
#5329 = DIRECTION('',(-0.,-0.,-1.));
#5330 = DIRECTION('',(-0.,-1.,0.));
#5331 = ADVANCED_FACE('',(#5332),#5343,.F.);
#5332 = FACE_BOUND('',#5333,.T.);
#5333 = EDGE_LOOP('',(#5334,#5335,#5341,#5342));
#5334 = ORIENTED_EDGE('',*,*,#3216,.T.);
#5335 = ORIENTED_EDGE('',*,*,#5336,.T.);
#5336 = EDGE_CURVE('',#3217,#4147,#5337,.T.);
#5337 = LINE('',#5338,#5339);
#5338 = CARTESIAN_POINT('',(97.536,-110.736,-4.6E-02));
#5339 = VECTOR('',#5340,1.);
#5340 = DIRECTION('',(0.,0.,1.));
#5341 = ORIENTED_EDGE('',*,*,#4146,.F.);
#5342 = ORIENTED_EDGE('',*,*,#5336,.F.);
#5343 = CYLINDRICAL_SURFACE('',#5344,0.5);
#5344 = AXIS2_PLACEMENT_3D('',#5345,#5346,#5347);
#5345 = CARTESIAN_POINT('',(97.536,-110.236,-4.6E-02));
#5346 = DIRECTION('',(-0.,-0.,-1.));
#5347 = DIRECTION('',(-0.,-1.,0.));
#5348 = ADVANCED_FACE('',(#5349),#5360,.F.);
#5349 = FACE_BOUND('',#5350,.T.);
#5350 = EDGE_LOOP('',(#5351,#5352,#5358,#5359));
#5351 = ORIENTED_EDGE('',*,*,#3227,.T.);
#5352 = ORIENTED_EDGE('',*,*,#5353,.T.);
#5353 = EDGE_CURVE('',#3228,#4158,#5354,.T.);
#5354 = LINE('',#5355,#5356);
#5355 = CARTESIAN_POINT('',(100.076,-110.736,-4.6E-02));
#5356 = VECTOR('',#5357,1.);
#5357 = DIRECTION('',(0.,0.,1.));
#5358 = ORIENTED_EDGE('',*,*,#4157,.F.);
#5359 = ORIENTED_EDGE('',*,*,#5353,.F.);
#5360 = CYLINDRICAL_SURFACE('',#5361,0.5);
#5361 = AXIS2_PLACEMENT_3D('',#5362,#5363,#5364);
#5362 = CARTESIAN_POINT('',(100.076,-110.236,-4.6E-02));
#5363 = DIRECTION('',(-0.,-0.,-1.));
#5364 = DIRECTION('',(-0.,-1.,0.));
#5365 = ADVANCED_FACE('',(#5366),#5377,.F.);
#5366 = FACE_BOUND('',#5367,.T.);
#5367 = EDGE_LOOP('',(#5368,#5369,#5375,#5376));
#5368 = ORIENTED_EDGE('',*,*,#3238,.T.);
#5369 = ORIENTED_EDGE('',*,*,#5370,.T.);
#5370 = EDGE_CURVE('',#3239,#4169,#5371,.T.);
#5371 = LINE('',#5372,#5373);
#5372 = CARTESIAN_POINT('',(102.616,-110.736,-4.6E-02));
#5373 = VECTOR('',#5374,1.);
#5374 = DIRECTION('',(0.,0.,1.));
#5375 = ORIENTED_EDGE('',*,*,#4168,.F.);
#5376 = ORIENTED_EDGE('',*,*,#5370,.F.);
#5377 = CYLINDRICAL_SURFACE('',#5378,0.5);
#5378 = AXIS2_PLACEMENT_3D('',#5379,#5380,#5381);
#5379 = CARTESIAN_POINT('',(102.616,-110.236,-4.6E-02));
#5380 = DIRECTION('',(-0.,-0.,-1.));
#5381 = DIRECTION('',(-0.,-1.,0.));
#5382 = ADVANCED_FACE('',(#5383),#5394,.F.);
#5383 = FACE_BOUND('',#5384,.T.);
#5384 = EDGE_LOOP('',(#5385,#5386,#5392,#5393));
#5385 = ORIENTED_EDGE('',*,*,#3249,.T.);
#5386 = ORIENTED_EDGE('',*,*,#5387,.T.);
#5387 = EDGE_CURVE('',#3250,#4180,#5388,.T.);
#5388 = LINE('',#5389,#5390);
#5389 = CARTESIAN_POINT('',(105.156,-110.736,-4.6E-02));
#5390 = VECTOR('',#5391,1.);
#5391 = DIRECTION('',(0.,0.,1.));
#5392 = ORIENTED_EDGE('',*,*,#4179,.F.);
#5393 = ORIENTED_EDGE('',*,*,#5387,.F.);
#5394 = CYLINDRICAL_SURFACE('',#5395,0.5);
#5395 = AXIS2_PLACEMENT_3D('',#5396,#5397,#5398);
#5396 = CARTESIAN_POINT('',(105.156,-110.236,-4.6E-02));
#5397 = DIRECTION('',(-0.,-0.,-1.));
#5398 = DIRECTION('',(-0.,-1.,0.));
#5399 = ADVANCED_FACE('',(#5400),#5411,.F.);
#5400 = FACE_BOUND('',#5401,.T.);
#5401 = EDGE_LOOP('',(#5402,#5403,#5409,#5410));
#5402 = ORIENTED_EDGE('',*,*,#3260,.T.);
#5403 = ORIENTED_EDGE('',*,*,#5404,.T.);
#5404 = EDGE_CURVE('',#3261,#4191,#5405,.T.);
#5405 = LINE('',#5406,#5407);
#5406 = CARTESIAN_POINT('',(107.696,-110.736,-4.6E-02));
#5407 = VECTOR('',#5408,1.);
#5408 = DIRECTION('',(0.,0.,1.));
#5409 = ORIENTED_EDGE('',*,*,#4190,.F.);
#5410 = ORIENTED_EDGE('',*,*,#5404,.F.);
#5411 = CYLINDRICAL_SURFACE('',#5412,0.5);
#5412 = AXIS2_PLACEMENT_3D('',#5413,#5414,#5415);
#5413 = CARTESIAN_POINT('',(107.696,-110.236,-4.6E-02));
#5414 = DIRECTION('',(-0.,-0.,-1.));
#5415 = DIRECTION('',(-0.,-1.,0.));
#5416 = ADVANCED_FACE('',(#5417),#5428,.F.);
#5417 = FACE_BOUND('',#5418,.T.);
#5418 = EDGE_LOOP('',(#5419,#5420,#5426,#5427));
#5419 = ORIENTED_EDGE('',*,*,#3271,.T.);
#5420 = ORIENTED_EDGE('',*,*,#5421,.T.);
#5421 = EDGE_CURVE('',#3272,#4202,#5422,.T.);
#5422 = LINE('',#5423,#5424);
#5423 = CARTESIAN_POINT('',(110.236,-110.736,-4.6E-02));
#5424 = VECTOR('',#5425,1.);
#5425 = DIRECTION('',(0.,0.,1.));
#5426 = ORIENTED_EDGE('',*,*,#4201,.F.);
#5427 = ORIENTED_EDGE('',*,*,#5421,.F.);
#5428 = CYLINDRICAL_SURFACE('',#5429,0.5);
#5429 = AXIS2_PLACEMENT_3D('',#5430,#5431,#5432);
#5430 = CARTESIAN_POINT('',(110.236,-110.236,-4.6E-02));
#5431 = DIRECTION('',(-0.,-0.,-1.));
#5432 = DIRECTION('',(-0.,-1.,0.));
#5433 = ADVANCED_FACE('',(#5434),#5445,.F.);
#5434 = FACE_BOUND('',#5435,.T.);
#5435 = EDGE_LOOP('',(#5436,#5437,#5443,#5444));
#5436 = ORIENTED_EDGE('',*,*,#3282,.T.);
#5437 = ORIENTED_EDGE('',*,*,#5438,.T.);
#5438 = EDGE_CURVE('',#3283,#4213,#5439,.T.);
#5439 = LINE('',#5440,#5441);
#5440 = CARTESIAN_POINT('',(121.325,-105.275,-4.6E-02));
#5441 = VECTOR('',#5442,1.);
#5442 = DIRECTION('',(0.,0.,1.));
#5443 = ORIENTED_EDGE('',*,*,#4212,.F.);
#5444 = ORIENTED_EDGE('',*,*,#5438,.F.);
#5445 = CYLINDRICAL_SURFACE('',#5446,0.6);
#5446 = AXIS2_PLACEMENT_3D('',#5447,#5448,#5449);
#5447 = CARTESIAN_POINT('',(121.325,-104.675,-4.6E-02));
#5448 = DIRECTION('',(-0.,0.,-1.));
#5449 = DIRECTION('',(2.368475785867E-14,-1.,-0.));
#5450 = ADVANCED_FACE('',(#5451),#5462,.F.);
#5451 = FACE_BOUND('',#5452,.T.);
#5452 = EDGE_LOOP('',(#5453,#5454,#5460,#5461));
#5453 = ORIENTED_EDGE('',*,*,#3293,.T.);
#5454 = ORIENTED_EDGE('',*,*,#5455,.T.);
#5455 = EDGE_CURVE('',#3294,#4224,#5456,.T.);
#5456 = LINE('',#5457,#5458);
#5457 = CARTESIAN_POINT('',(126.325,-105.275,-4.6E-02));
#5458 = VECTOR('',#5459,1.);
#5459 = DIRECTION('',(0.,0.,1.));
#5460 = ORIENTED_EDGE('',*,*,#4223,.F.);
#5461 = ORIENTED_EDGE('',*,*,#5455,.F.);
#5462 = CYLINDRICAL_SURFACE('',#5463,0.6);
#5463 = AXIS2_PLACEMENT_3D('',#5464,#5465,#5466);
#5464 = CARTESIAN_POINT('',(126.325,-104.675,-4.6E-02));
#5465 = DIRECTION('',(-0.,0.,-1.));
#5466 = DIRECTION('',(2.368475785867E-14,-1.,-0.));
#5467 = ADVANCED_FACE('',(#5468),#5479,.F.);
#5468 = FACE_BOUND('',#5469,.T.);
#5469 = EDGE_LOOP('',(#5470,#5471,#5477,#5478));
#5470 = ORIENTED_EDGE('',*,*,#3304,.T.);
#5471 = ORIENTED_EDGE('',*,*,#5472,.T.);
#5472 = EDGE_CURVE('',#3305,#4235,#5473,.T.);
#5473 = LINE('',#5474,#5475);
#5474 = CARTESIAN_POINT('',(135.295,-104.205,-4.6E-02));
#5475 = VECTOR('',#5476,1.);
#5476 = DIRECTION('',(0.,0.,1.));
#5477 = ORIENTED_EDGE('',*,*,#4234,.F.);
#5478 = ORIENTED_EDGE('',*,*,#5472,.F.);
#5479 = CYLINDRICAL_SURFACE('',#5480,0.6);
#5480 = AXIS2_PLACEMENT_3D('',#5481,#5482,#5483);
#5481 = CARTESIAN_POINT('',(135.295,-103.605,-4.6E-02));
#5482 = DIRECTION('',(-0.,-0.,-1.));
#5483 = DIRECTION('',(-4.736951571734E-14,-1.,0.));
#5484 = ADVANCED_FACE('',(#5485),#5496,.F.);
#5485 = FACE_BOUND('',#5486,.T.);
#5486 = EDGE_LOOP('',(#5487,#5488,#5494,#5495));
#5487 = ORIENTED_EDGE('',*,*,#3315,.T.);
#5488 = ORIENTED_EDGE('',*,*,#5489,.T.);
#5489 = EDGE_CURVE('',#3316,#4246,#5490,.T.);
#5490 = LINE('',#5491,#5492);
#5491 = CARTESIAN_POINT('',(140.295,-104.205,-4.6E-02));
#5492 = VECTOR('',#5493,1.);
#5493 = DIRECTION('',(0.,0.,1.));
#5494 = ORIENTED_EDGE('',*,*,#4245,.F.);
#5495 = ORIENTED_EDGE('',*,*,#5489,.F.);
#5496 = CYLINDRICAL_SURFACE('',#5497,0.6);
#5497 = AXIS2_PLACEMENT_3D('',#5498,#5499,#5500);
#5498 = CARTESIAN_POINT('',(140.295,-103.605,-4.6E-02));
#5499 = DIRECTION('',(-0.,-0.,-1.));
#5500 = DIRECTION('',(-4.736951571734E-14,-1.,0.));
#5501 = ADVANCED_FACE('',(#5502),#5513,.F.);
#5502 = FACE_BOUND('',#5503,.T.);
#5503 = EDGE_LOOP('',(#5504,#5505,#5511,#5512));
#5504 = ORIENTED_EDGE('',*,*,#3326,.T.);
#5505 = ORIENTED_EDGE('',*,*,#5506,.T.);
#5506 = EDGE_CURVE('',#3327,#4257,#5507,.T.);
#5507 = LINE('',#5508,#5509);
#5508 = CARTESIAN_POINT('',(149.225,-105.275,-4.6E-02));
#5509 = VECTOR('',#5510,1.);
#5510 = DIRECTION('',(0.,0.,1.));
#5511 = ORIENTED_EDGE('',*,*,#4256,.F.);
#5512 = ORIENTED_EDGE('',*,*,#5506,.F.);
#5513 = CYLINDRICAL_SURFACE('',#5514,0.6);
#5514 = AXIS2_PLACEMENT_3D('',#5515,#5516,#5517);
#5515 = CARTESIAN_POINT('',(149.225,-104.675,-4.6E-02));
#5516 = DIRECTION('',(-0.,-0.,-1.));
#5517 = DIRECTION('',(-0.,-1.,0.));
#5518 = ADVANCED_FACE('',(#5519),#5530,.F.);
#5519 = FACE_BOUND('',#5520,.T.);
#5520 = EDGE_LOOP('',(#5521,#5522,#5528,#5529));
#5521 = ORIENTED_EDGE('',*,*,#3337,.T.);
#5522 = ORIENTED_EDGE('',*,*,#5523,.T.);
#5523 = EDGE_CURVE('',#3338,#4268,#5524,.T.);
#5524 = LINE('',#5525,#5526);
#5525 = CARTESIAN_POINT('',(154.225,-105.275,-4.6E-02));
#5526 = VECTOR('',#5527,1.);
#5527 = DIRECTION('',(0.,0.,1.));
#5528 = ORIENTED_EDGE('',*,*,#4267,.F.);
#5529 = ORIENTED_EDGE('',*,*,#5523,.F.);
#5530 = CYLINDRICAL_SURFACE('',#5531,0.6);
#5531 = AXIS2_PLACEMENT_3D('',#5532,#5533,#5534);
#5532 = CARTESIAN_POINT('',(154.225,-104.675,-4.6E-02));
#5533 = DIRECTION('',(-0.,-0.,-1.));
#5534 = DIRECTION('',(-0.,-1.,0.));
#5535 = ADVANCED_FACE('',(#5536),#5547,.F.);
#5536 = FACE_BOUND('',#5537,.T.);
#5537 = EDGE_LOOP('',(#5538,#5539,#5545,#5546));
#5538 = ORIENTED_EDGE('',*,*,#3348,.T.);
#5539 = ORIENTED_EDGE('',*,*,#5540,.T.);
#5540 = EDGE_CURVE('',#3349,#4279,#5541,.T.);
#5541 = LINE('',#5542,#5543);
#5542 = CARTESIAN_POINT('',(30.52,-92.775,-4.6E-02));
#5543 = VECTOR('',#5544,1.);
#5544 = DIRECTION('',(0.,0.,1.));
#5545 = ORIENTED_EDGE('',*,*,#4278,.F.);
#5546 = ORIENTED_EDGE('',*,*,#5540,.F.);
#5547 = CYLINDRICAL_SURFACE('',#5548,0.6);
#5548 = AXIS2_PLACEMENT_3D('',#5549,#5550,#5551);
#5549 = CARTESIAN_POINT('',(30.52,-92.175,-4.6E-02));
#5550 = DIRECTION('',(-0.,-0.,-1.));
#5551 = DIRECTION('',(-5.921189464667E-15,-1.,0.));
#5552 = ADVANCED_FACE('',(#5553),#5564,.F.);
#5553 = FACE_BOUND('',#5554,.T.);
#5554 = EDGE_LOOP('',(#5555,#5556,#5562,#5563));
#5555 = ORIENTED_EDGE('',*,*,#3359,.T.);
#5556 = ORIENTED_EDGE('',*,*,#5557,.T.);
#5557 = EDGE_CURVE('',#3360,#4290,#5558,.T.);
#5558 = LINE('',#5559,#5560);
#5559 = CARTESIAN_POINT('',(35.52,-92.775,-4.6E-02));
#5560 = VECTOR('',#5561,1.);
#5561 = DIRECTION('',(0.,0.,1.));
#5562 = ORIENTED_EDGE('',*,*,#4289,.F.);
#5563 = ORIENTED_EDGE('',*,*,#5557,.F.);
#5564 = CYLINDRICAL_SURFACE('',#5565,0.6);
#5565 = AXIS2_PLACEMENT_3D('',#5566,#5567,#5568);
#5566 = CARTESIAN_POINT('',(35.52,-92.175,-4.6E-02));
#5567 = DIRECTION('',(-0.,0.,-1.));
#5568 = DIRECTION('',(1.184237892933E-14,-1.,-0.));
#5569 = ADVANCED_FACE('',(#5570),#5581,.F.);
#5570 = FACE_BOUND('',#5571,.T.);
#5571 = EDGE_LOOP('',(#5572,#5573,#5579,#5580));
#5572 = ORIENTED_EDGE('',*,*,#3370,.T.);
#5573 = ORIENTED_EDGE('',*,*,#5574,.T.);
#5574 = EDGE_CURVE('',#3371,#4301,#5575,.T.);
#5575 = LINE('',#5576,#5577);
#5576 = CARTESIAN_POINT('',(44.49,-93.645,-4.6E-02));
#5577 = VECTOR('',#5578,1.);
#5578 = DIRECTION('',(0.,0.,1.));
#5579 = ORIENTED_EDGE('',*,*,#4300,.F.);
#5580 = ORIENTED_EDGE('',*,*,#5574,.F.);
#5581 = CYLINDRICAL_SURFACE('',#5582,0.6);
#5582 = AXIS2_PLACEMENT_3D('',#5583,#5584,#5585);
#5583 = CARTESIAN_POINT('',(44.49,-93.045,-4.6E-02));
#5584 = DIRECTION('',(-0.,-0.,-1.));
#5585 = DIRECTION('',(-0.,-1.,0.));
#5586 = ADVANCED_FACE('',(#5587),#5598,.F.);
#5587 = FACE_BOUND('',#5588,.T.);
#5588 = EDGE_LOOP('',(#5589,#5590,#5596,#5597));
#5589 = ORIENTED_EDGE('',*,*,#3381,.T.);
#5590 = ORIENTED_EDGE('',*,*,#5591,.T.);
#5591 = EDGE_CURVE('',#3382,#4312,#5592,.T.);
#5592 = LINE('',#5593,#5594);
#5593 = CARTESIAN_POINT('',(49.49,-93.645,-4.6E-02));
#5594 = VECTOR('',#5595,1.);
#5595 = DIRECTION('',(0.,0.,1.));
#5596 = ORIENTED_EDGE('',*,*,#4311,.F.);
#5597 = ORIENTED_EDGE('',*,*,#5591,.F.);
#5598 = CYLINDRICAL_SURFACE('',#5599,0.6);
#5599 = AXIS2_PLACEMENT_3D('',#5600,#5601,#5602);
#5600 = CARTESIAN_POINT('',(49.49,-93.045,-4.6E-02));
#5601 = DIRECTION('',(-0.,-0.,-1.));
#5602 = DIRECTION('',(-0.,-1.,0.));
#5603 = ADVANCED_FACE('',(#5604),#5615,.F.);
#5604 = FACE_BOUND('',#5605,.T.);
#5605 = EDGE_LOOP('',(#5606,#5607,#5613,#5614));
#5606 = ORIENTED_EDGE('',*,*,#3392,.T.);
#5607 = ORIENTED_EDGE('',*,*,#5608,.T.);
#5608 = EDGE_CURVE('',#3393,#4323,#5609,.T.);
#5609 = LINE('',#5610,#5611);
#5610 = CARTESIAN_POINT('',(58.46,-92.775,-4.6E-02));
#5611 = VECTOR('',#5612,1.);
#5612 = DIRECTION('',(0.,0.,1.));
#5613 = ORIENTED_EDGE('',*,*,#4322,.F.);
#5614 = ORIENTED_EDGE('',*,*,#5608,.F.);
#5615 = CYLINDRICAL_SURFACE('',#5616,0.6);
#5616 = AXIS2_PLACEMENT_3D('',#5617,#5618,#5619);
#5617 = CARTESIAN_POINT('',(58.46,-92.175,-4.6E-02));
#5618 = DIRECTION('',(-0.,-0.,-1.));
#5619 = DIRECTION('',(-0.,-1.,0.));
#5620 = ADVANCED_FACE('',(#5621),#5632,.F.);
#5621 = FACE_BOUND('',#5622,.T.);
#5622 = EDGE_LOOP('',(#5623,#5624,#5630,#5631));
#5623 = ORIENTED_EDGE('',*,*,#3403,.T.);
#5624 = ORIENTED_EDGE('',*,*,#5625,.T.);
#5625 = EDGE_CURVE('',#3404,#4334,#5626,.T.);
#5626 = LINE('',#5627,#5628);
#5627 = CARTESIAN_POINT('',(71.755,-95.115,-4.6E-02));
#5628 = VECTOR('',#5629,1.);
#5629 = DIRECTION('',(0.,0.,1.));
#5630 = ORIENTED_EDGE('',*,*,#4333,.F.);
#5631 = ORIENTED_EDGE('',*,*,#5625,.F.);
#5632 = CYLINDRICAL_SURFACE('',#5633,0.5);
#5633 = AXIS2_PLACEMENT_3D('',#5634,#5635,#5636);
#5634 = CARTESIAN_POINT('',(71.755,-94.615,-4.6E-02));
#5635 = DIRECTION('',(-0.,-0.,-1.));
#5636 = DIRECTION('',(-0.,-1.,0.));
#5637 = ADVANCED_FACE('',(#5638),#5649,.F.);
#5638 = FACE_BOUND('',#5639,.T.);
#5639 = EDGE_LOOP('',(#5640,#5641,#5647,#5648));
#5640 = ORIENTED_EDGE('',*,*,#3414,.T.);
#5641 = ORIENTED_EDGE('',*,*,#5642,.T.);
#5642 = EDGE_CURVE('',#3415,#4345,#5643,.T.);
#5643 = LINE('',#5644,#5645);
#5644 = CARTESIAN_POINT('',(63.46,-92.775,-4.6E-02));
#5645 = VECTOR('',#5646,1.);
#5646 = DIRECTION('',(0.,0.,1.));
#5647 = ORIENTED_EDGE('',*,*,#4344,.F.);
#5648 = ORIENTED_EDGE('',*,*,#5642,.F.);
#5649 = CYLINDRICAL_SURFACE('',#5650,0.6);
#5650 = AXIS2_PLACEMENT_3D('',#5651,#5652,#5653);
#5651 = CARTESIAN_POINT('',(63.46,-92.175,-4.6E-02));
#5652 = DIRECTION('',(-0.,-0.,-1.));
#5653 = DIRECTION('',(-0.,-1.,0.));
#5654 = ADVANCED_FACE('',(#5655),#5666,.F.);
#5655 = FACE_BOUND('',#5656,.T.);
#5656 = EDGE_LOOP('',(#5657,#5658,#5664,#5665));
#5657 = ORIENTED_EDGE('',*,*,#3425,.T.);
#5658 = ORIENTED_EDGE('',*,*,#5659,.T.);
#5659 = EDGE_CURVE('',#3426,#4356,#5660,.T.);
#5660 = LINE('',#5661,#5662);
#5661 = CARTESIAN_POINT('',(71.755,-92.575,-4.6E-02));
#5662 = VECTOR('',#5663,1.);
#5663 = DIRECTION('',(0.,0.,1.));
#5664 = ORIENTED_EDGE('',*,*,#4355,.F.);
#5665 = ORIENTED_EDGE('',*,*,#5659,.F.);
#5666 = CYLINDRICAL_SURFACE('',#5667,0.5);
#5667 = AXIS2_PLACEMENT_3D('',#5668,#5669,#5670);
#5668 = CARTESIAN_POINT('',(71.755,-92.075,-4.6E-02));
#5669 = DIRECTION('',(-0.,-0.,-1.));
#5670 = DIRECTION('',(-0.,-1.,0.));
#5671 = ADVANCED_FACE('',(#5672),#5683,.F.);
#5672 = FACE_BOUND('',#5673,.T.);
#5673 = EDGE_LOOP('',(#5674,#5675,#5681,#5682));
#5674 = ORIENTED_EDGE('',*,*,#3436,.T.);
#5675 = ORIENTED_EDGE('',*,*,#5676,.T.);
#5676 = EDGE_CURVE('',#3437,#4367,#5677,.T.);
#5677 = LINE('',#5678,#5679);
#5678 = CARTESIAN_POINT('',(44.49,-81.145,-4.6E-02));
#5679 = VECTOR('',#5680,1.);
#5680 = DIRECTION('',(0.,0.,1.));
#5681 = ORIENTED_EDGE('',*,*,#4366,.F.);
#5682 = ORIENTED_EDGE('',*,*,#5676,.F.);
#5683 = CYLINDRICAL_SURFACE('',#5684,0.6);
#5684 = AXIS2_PLACEMENT_3D('',#5685,#5686,#5687);
#5685 = CARTESIAN_POINT('',(44.49,-80.545,-4.6E-02));
#5686 = DIRECTION('',(-0.,-0.,-1.));
#5687 = DIRECTION('',(-0.,-1.,0.));
#5688 = ADVANCED_FACE('',(#5689),#5700,.F.);
#5689 = FACE_BOUND('',#5690,.T.);
#5690 = EDGE_LOOP('',(#5691,#5692,#5698,#5699));
#5691 = ORIENTED_EDGE('',*,*,#3447,.T.);
#5692 = ORIENTED_EDGE('',*,*,#5693,.T.);
#5693 = EDGE_CURVE('',#3448,#4378,#5694,.T.);
#5694 = LINE('',#5695,#5696);
#5695 = CARTESIAN_POINT('',(49.49,-81.145,-4.6E-02));
#5696 = VECTOR('',#5697,1.);
#5697 = DIRECTION('',(0.,0.,1.));
#5698 = ORIENTED_EDGE('',*,*,#4377,.F.);
#5699 = ORIENTED_EDGE('',*,*,#5693,.F.);
#5700 = CYLINDRICAL_SURFACE('',#5701,0.6);
#5701 = AXIS2_PLACEMENT_3D('',#5702,#5703,#5704);
#5702 = CARTESIAN_POINT('',(49.49,-80.545,-4.6E-02));
#5703 = DIRECTION('',(-0.,-0.,-1.));
#5704 = DIRECTION('',(-0.,-1.,0.));
#5705 = ADVANCED_FACE('',(#5706),#5717,.F.);
#5706 = FACE_BOUND('',#5707,.T.);
#5707 = EDGE_LOOP('',(#5708,#5714,#5715,#5716));
#5708 = ORIENTED_EDGE('',*,*,#5709,.T.);
#5709 = EDGE_CURVE('',#3459,#4389,#5710,.T.);
#5710 = LINE('',#5711,#5712);
#5711 = CARTESIAN_POINT('',(33.655,-71.12,0.));
#5712 = VECTOR('',#5713,1.);
#5713 = DIRECTION('',(0.,0.,1.));
#5714 = ORIENTED_EDGE('',*,*,#4388,.T.);
#5715 = ORIENTED_EDGE('',*,*,#5709,.F.);
#5716 = ORIENTED_EDGE('',*,*,#3458,.F.);
#5717 = CYLINDRICAL_SURFACE('',#5718,3.175);
#5718 = AXIS2_PLACEMENT_3D('',#5719,#5720,#5721);
#5719 = CARTESIAN_POINT('',(30.48,-71.12,0.));
#5720 = DIRECTION('',(-0.,-0.,-1.));
#5721 = DIRECTION('',(1.,0.,-0.));
#5722 = ADVANCED_FACE('',(#5723),#5734,.F.);
#5723 = FACE_BOUND('',#5724,.T.);
#5724 = EDGE_LOOP('',(#5725,#5726,#5732,#5733));
#5725 = ORIENTED_EDGE('',*,*,#3469,.T.);
#5726 = ORIENTED_EDGE('',*,*,#5727,.T.);
#5727 = EDGE_CURVE('',#3470,#4400,#5728,.T.);
#5728 = LINE('',#5729,#5730);
#5729 = CARTESIAN_POINT('',(62.25,-75.43,-4.6E-02));
#5730 = VECTOR('',#5731,1.);
#5731 = DIRECTION('',(0.,0.,1.));
#5732 = ORIENTED_EDGE('',*,*,#4399,.F.);
#5733 = ORIENTED_EDGE('',*,*,#5727,.F.);
#5734 = CYLINDRICAL_SURFACE('',#5735,0.5);
#5735 = AXIS2_PLACEMENT_3D('',#5736,#5737,#5738);
#5736 = CARTESIAN_POINT('',(62.25,-74.93,-4.6E-02));
#5737 = DIRECTION('',(-0.,-0.,-1.));
#5738 = DIRECTION('',(-0.,-1.,0.));
#5739 = ADVANCED_FACE('',(#5740),#5751,.F.);
#5740 = FACE_BOUND('',#5741,.T.);
#5741 = EDGE_LOOP('',(#5742,#5743,#5749,#5750));
#5742 = ORIENTED_EDGE('',*,*,#3480,.T.);
#5743 = ORIENTED_EDGE('',*,*,#5744,.T.);
#5744 = EDGE_CURVE('',#3481,#4411,#5745,.T.);
#5745 = LINE('',#5746,#5747);
#5746 = CARTESIAN_POINT('',(69.85,-75.43,-4.6E-02));
#5747 = VECTOR('',#5748,1.);
#5748 = DIRECTION('',(0.,0.,1.));
#5749 = ORIENTED_EDGE('',*,*,#4410,.F.);
#5750 = ORIENTED_EDGE('',*,*,#5744,.F.);
#5751 = CYLINDRICAL_SURFACE('',#5752,0.5);
#5752 = AXIS2_PLACEMENT_3D('',#5753,#5754,#5755);
#5753 = CARTESIAN_POINT('',(69.85,-74.93,-4.6E-02));
#5754 = DIRECTION('',(-0.,-0.,-1.));
#5755 = DIRECTION('',(-0.,-1.,0.));
#5756 = ADVANCED_FACE('',(#5757),#5768,.F.);
#5757 = FACE_BOUND('',#5758,.T.);
#5758 = EDGE_LOOP('',(#5759,#5760,#5766,#5767));
#5759 = ORIENTED_EDGE('',*,*,#3491,.T.);
#5760 = ORIENTED_EDGE('',*,*,#5761,.T.);
#5761 = EDGE_CURVE('',#3492,#4422,#5762,.T.);
#5762 = LINE('',#5763,#5764);
#5763 = CARTESIAN_POINT('',(88.9,-70.985,-4.6E-02));
#5764 = VECTOR('',#5765,1.);
#5765 = DIRECTION('',(0.,0.,1.));
#5766 = ORIENTED_EDGE('',*,*,#4421,.F.);
#5767 = ORIENTED_EDGE('',*,*,#5761,.F.);
#5768 = CYLINDRICAL_SURFACE('',#5769,0.5);
#5769 = AXIS2_PLACEMENT_3D('',#5770,#5771,#5772);
#5770 = CARTESIAN_POINT('',(88.9,-70.485,-4.6E-02));
#5771 = DIRECTION('',(-0.,-0.,-1.));
#5772 = DIRECTION('',(-0.,-1.,0.));
#5773 = ADVANCED_FACE('',(#5774),#5785,.F.);
#5774 = FACE_BOUND('',#5775,.T.);
#5775 = EDGE_LOOP('',(#5776,#5777,#5783,#5784));
#5776 = ORIENTED_EDGE('',*,*,#3502,.T.);
#5777 = ORIENTED_EDGE('',*,*,#5778,.T.);
#5778 = EDGE_CURVE('',#3503,#4433,#5779,.T.);
#5779 = LINE('',#5780,#5781);
#5780 = CARTESIAN_POINT('',(91.44,-70.985,-4.6E-02));
#5781 = VECTOR('',#5782,1.);
#5782 = DIRECTION('',(0.,0.,1.));
#5783 = ORIENTED_EDGE('',*,*,#4432,.F.);
#5784 = ORIENTED_EDGE('',*,*,#5778,.F.);
#5785 = CYLINDRICAL_SURFACE('',#5786,0.5);
#5786 = AXIS2_PLACEMENT_3D('',#5787,#5788,#5789);
#5787 = CARTESIAN_POINT('',(91.44,-70.485,-4.6E-02));
#5788 = DIRECTION('',(-0.,-0.,-1.));
#5789 = DIRECTION('',(-0.,-1.,0.));
#5790 = ADVANCED_FACE('',(#5791),#5802,.F.);
#5791 = FACE_BOUND('',#5792,.T.);
#5792 = EDGE_LOOP('',(#5793,#5794,#5800,#5801));
#5793 = ORIENTED_EDGE('',*,*,#3513,.T.);
#5794 = ORIENTED_EDGE('',*,*,#5795,.T.);
#5795 = EDGE_CURVE('',#3514,#4444,#5796,.T.);
#5796 = LINE('',#5797,#5798);
#5797 = CARTESIAN_POINT('',(121.325,-92.775,-4.6E-02));
#5798 = VECTOR('',#5799,1.);
#5799 = DIRECTION('',(0.,0.,1.));
#5800 = ORIENTED_EDGE('',*,*,#4443,.F.);
#5801 = ORIENTED_EDGE('',*,*,#5795,.F.);
#5802 = CYLINDRICAL_SURFACE('',#5803,0.6);
#5803 = AXIS2_PLACEMENT_3D('',#5804,#5805,#5806);
#5804 = CARTESIAN_POINT('',(121.325,-92.175,-4.6E-02));
#5805 = DIRECTION('',(-0.,0.,-1.));
#5806 = DIRECTION('',(2.368475785867E-14,-1.,-0.));
#5807 = ADVANCED_FACE('',(#5808),#5819,.F.);
#5808 = FACE_BOUND('',#5809,.T.);
#5809 = EDGE_LOOP('',(#5810,#5811,#5817,#5818));
#5810 = ORIENTED_EDGE('',*,*,#3524,.T.);
#5811 = ORIENTED_EDGE('',*,*,#5812,.T.);
#5812 = EDGE_CURVE('',#3525,#4455,#5813,.T.);
#5813 = LINE('',#5814,#5815);
#5814 = CARTESIAN_POINT('',(126.325,-92.775,-4.6E-02));
#5815 = VECTOR('',#5816,1.);
#5816 = DIRECTION('',(0.,0.,1.));
#5817 = ORIENTED_EDGE('',*,*,#4454,.F.);
#5818 = ORIENTED_EDGE('',*,*,#5812,.F.);
#5819 = CYLINDRICAL_SURFACE('',#5820,0.6);
#5820 = AXIS2_PLACEMENT_3D('',#5821,#5822,#5823);
#5821 = CARTESIAN_POINT('',(126.325,-92.175,-4.6E-02));
#5822 = DIRECTION('',(-0.,0.,-1.));
#5823 = DIRECTION('',(2.368475785867E-14,-1.,-0.));
#5824 = ADVANCED_FACE('',(#5825),#5836,.F.);
#5825 = FACE_BOUND('',#5826,.T.);
#5826 = EDGE_LOOP('',(#5827,#5828,#5834,#5835));
#5827 = ORIENTED_EDGE('',*,*,#3535,.T.);
#5828 = ORIENTED_EDGE('',*,*,#5829,.T.);
#5829 = EDGE_CURVE('',#3536,#4466,#5830,.T.);
#5830 = LINE('',#5831,#5832);
#5831 = CARTESIAN_POINT('',(135.375,-93.645,-4.6E-02));
#5832 = VECTOR('',#5833,1.);
#5833 = DIRECTION('',(0.,0.,1.));
#5834 = ORIENTED_EDGE('',*,*,#4465,.F.);
#5835 = ORIENTED_EDGE('',*,*,#5829,.F.);
#5836 = CYLINDRICAL_SURFACE('',#5837,0.6);
#5837 = AXIS2_PLACEMENT_3D('',#5838,#5839,#5840);
#5838 = CARTESIAN_POINT('',(135.375,-93.045,-4.6E-02));
#5839 = DIRECTION('',(-0.,-0.,-1.));
#5840 = DIRECTION('',(-0.,-1.,0.));
#5841 = ADVANCED_FACE('',(#5842),#5853,.F.);
#5842 = FACE_BOUND('',#5843,.T.);
#5843 = EDGE_LOOP('',(#5844,#5845,#5851,#5852));
#5844 = ORIENTED_EDGE('',*,*,#3546,.T.);
#5845 = ORIENTED_EDGE('',*,*,#5846,.T.);
#5846 = EDGE_CURVE('',#3547,#4477,#5847,.T.);
#5847 = LINE('',#5848,#5849);
#5848 = CARTESIAN_POINT('',(140.375,-93.645,-4.6E-02));
#5849 = VECTOR('',#5850,1.);
#5850 = DIRECTION('',(0.,0.,1.));
#5851 = ORIENTED_EDGE('',*,*,#4476,.F.);
#5852 = ORIENTED_EDGE('',*,*,#5846,.F.);
#5853 = CYLINDRICAL_SURFACE('',#5854,0.6);
#5854 = AXIS2_PLACEMENT_3D('',#5855,#5856,#5857);
#5855 = CARTESIAN_POINT('',(140.375,-93.045,-4.6E-02));
#5856 = DIRECTION('',(-0.,-0.,-1.));
#5857 = DIRECTION('',(-0.,-1.,0.));
#5858 = ADVANCED_FACE('',(#5859),#5870,.F.);
#5859 = FACE_BOUND('',#5860,.T.);
#5860 = EDGE_LOOP('',(#5861,#5862,#5868,#5869));
#5861 = ORIENTED_EDGE('',*,*,#3557,.T.);
#5862 = ORIENTED_EDGE('',*,*,#5863,.T.);
#5863 = EDGE_CURVE('',#3558,#4488,#5864,.T.);
#5864 = LINE('',#5865,#5866);
#5865 = CARTESIAN_POINT('',(149.225,-92.775,-4.6E-02));
#5866 = VECTOR('',#5867,1.);
#5867 = DIRECTION('',(0.,0.,1.));
#5868 = ORIENTED_EDGE('',*,*,#4487,.F.);
#5869 = ORIENTED_EDGE('',*,*,#5863,.F.);
#5870 = CYLINDRICAL_SURFACE('',#5871,0.6);
#5871 = AXIS2_PLACEMENT_3D('',#5872,#5873,#5874);
#5872 = CARTESIAN_POINT('',(149.225,-92.175,-4.6E-02));
#5873 = DIRECTION('',(-0.,-0.,-1.));
#5874 = DIRECTION('',(-0.,-1.,0.));
#5875 = ADVANCED_FACE('',(#5876),#5887,.F.);
#5876 = FACE_BOUND('',#5877,.T.);
#5877 = EDGE_LOOP('',(#5878,#5879,#5885,#5886));
#5878 = ORIENTED_EDGE('',*,*,#3568,.T.);
#5879 = ORIENTED_EDGE('',*,*,#5880,.T.);
#5880 = EDGE_CURVE('',#3569,#4499,#5881,.T.);
#5881 = LINE('',#5882,#5883);
#5882 = CARTESIAN_POINT('',(154.225,-92.775,-4.6E-02));
#5883 = VECTOR('',#5884,1.);
#5884 = DIRECTION('',(0.,0.,1.));
#5885 = ORIENTED_EDGE('',*,*,#4498,.F.);
#5886 = ORIENTED_EDGE('',*,*,#5880,.F.);
#5887 = CYLINDRICAL_SURFACE('',#5888,0.6);
#5888 = AXIS2_PLACEMENT_3D('',#5889,#5890,#5891);
#5889 = CARTESIAN_POINT('',(154.225,-92.175,-4.6E-02));
#5890 = DIRECTION('',(-0.,-0.,-1.));
#5891 = DIRECTION('',(-0.,-1.,0.));
#5892 = ADVANCED_FACE('',(#5893),#5904,.F.);
#5893 = FACE_BOUND('',#5894,.T.);
#5894 = EDGE_LOOP('',(#5895,#5896,#5902,#5903));
#5895 = ORIENTED_EDGE('',*,*,#3579,.T.);
#5896 = ORIENTED_EDGE('',*,*,#5897,.T.);
#5897 = EDGE_CURVE('',#3580,#4510,#5898,.T.);
#5898 = LINE('',#5899,#5900);
#5899 = CARTESIAN_POINT('',(93.98,-70.985,-4.6E-02));
#5900 = VECTOR('',#5901,1.);
#5901 = DIRECTION('',(0.,0.,1.));
#5902 = ORIENTED_EDGE('',*,*,#4509,.F.);
#5903 = ORIENTED_EDGE('',*,*,#5897,.F.);
#5904 = CYLINDRICAL_SURFACE('',#5905,0.5);
#5905 = AXIS2_PLACEMENT_3D('',#5906,#5907,#5908);
#5906 = CARTESIAN_POINT('',(93.98,-70.485,-4.6E-02));
#5907 = DIRECTION('',(-0.,-0.,-1.));
#5908 = DIRECTION('',(-0.,-1.,0.));
#5909 = ADVANCED_FACE('',(#5910),#5921,.F.);
#5910 = FACE_BOUND('',#5911,.T.);
#5911 = EDGE_LOOP('',(#5912,#5913,#5919,#5920));
#5912 = ORIENTED_EDGE('',*,*,#3590,.T.);
#5913 = ORIENTED_EDGE('',*,*,#5914,.T.);
#5914 = EDGE_CURVE('',#3591,#4521,#5915,.T.);
#5915 = LINE('',#5916,#5917);
#5916 = CARTESIAN_POINT('',(96.52,-70.985,-4.6E-02));
#5917 = VECTOR('',#5918,1.);
#5918 = DIRECTION('',(0.,0.,1.));
#5919 = ORIENTED_EDGE('',*,*,#4520,.F.);
#5920 = ORIENTED_EDGE('',*,*,#5914,.F.);
#5921 = CYLINDRICAL_SURFACE('',#5922,0.5);
#5922 = AXIS2_PLACEMENT_3D('',#5923,#5924,#5925);
#5923 = CARTESIAN_POINT('',(96.52,-70.485,-4.6E-02));
#5924 = DIRECTION('',(-0.,-0.,-1.));
#5925 = DIRECTION('',(-0.,-1.,0.));
#5926 = ADVANCED_FACE('',(#5927),#5938,.F.);
#5927 = FACE_BOUND('',#5928,.T.);
#5928 = EDGE_LOOP('',(#5929,#5930,#5936,#5937));
#5929 = ORIENTED_EDGE('',*,*,#3601,.T.);
#5930 = ORIENTED_EDGE('',*,*,#5931,.T.);
#5931 = EDGE_CURVE('',#3602,#4532,#5932,.T.);
#5932 = LINE('',#5933,#5934);
#5933 = CARTESIAN_POINT('',(115.58,-75.43,-4.6E-02));
#5934 = VECTOR('',#5935,1.);
#5935 = DIRECTION('',(0.,0.,1.));
#5936 = ORIENTED_EDGE('',*,*,#4531,.F.);
#5937 = ORIENTED_EDGE('',*,*,#5931,.F.);
#5938 = CYLINDRICAL_SURFACE('',#5939,0.5);
#5939 = AXIS2_PLACEMENT_3D('',#5940,#5941,#5942);
#5940 = CARTESIAN_POINT('',(115.58,-74.93,-4.6E-02));
#5941 = DIRECTION('',(-0.,-0.,-1.));
#5942 = DIRECTION('',(-0.,-1.,0.));
#5943 = ADVANCED_FACE('',(#5944),#5955,.F.);
#5944 = FACE_BOUND('',#5945,.T.);
#5945 = EDGE_LOOP('',(#5946,#5947,#5953,#5954));
#5946 = ORIENTED_EDGE('',*,*,#3612,.T.);
#5947 = ORIENTED_EDGE('',*,*,#5948,.T.);
#5948 = EDGE_CURVE('',#3613,#4543,#5949,.T.);
#5949 = LINE('',#5950,#5951);
#5950 = CARTESIAN_POINT('',(123.18,-75.43,-4.6E-02));
#5951 = VECTOR('',#5952,1.);
#5952 = DIRECTION('',(0.,0.,1.));
#5953 = ORIENTED_EDGE('',*,*,#4542,.F.);
#5954 = ORIENTED_EDGE('',*,*,#5948,.F.);
#5955 = CYLINDRICAL_SURFACE('',#5956,0.5);
#5956 = AXIS2_PLACEMENT_3D('',#5957,#5958,#5959);
#5957 = CARTESIAN_POINT('',(123.18,-74.93,-4.6E-02));
#5958 = DIRECTION('',(-0.,-0.,-1.));
#5959 = DIRECTION('',(-0.,-1.,0.));
#5960 = ADVANCED_FACE('',(#5961),#5972,.F.);
#5961 = FACE_BOUND('',#5962,.T.);
#5962 = EDGE_LOOP('',(#5963,#5964,#5970,#5971));
#5963 = ORIENTED_EDGE('',*,*,#3623,.T.);
#5964 = ORIENTED_EDGE('',*,*,#5965,.T.);
#5965 = EDGE_CURVE('',#3624,#4554,#5966,.T.);
#5966 = LINE('',#5967,#5968);
#5967 = CARTESIAN_POINT('',(135.375,-81.145,-4.6E-02));
#5968 = VECTOR('',#5969,1.);
#5969 = DIRECTION('',(0.,0.,1.));
#5970 = ORIENTED_EDGE('',*,*,#4553,.F.);
#5971 = ORIENTED_EDGE('',*,*,#5965,.F.);
#5972 = CYLINDRICAL_SURFACE('',#5973,0.6);
#5973 = AXIS2_PLACEMENT_3D('',#5974,#5975,#5976);
#5974 = CARTESIAN_POINT('',(135.375,-80.545,-4.6E-02));
#5975 = DIRECTION('',(-0.,-0.,-1.));
#5976 = DIRECTION('',(-0.,-1.,0.));
#5977 = ADVANCED_FACE('',(#5978),#5989,.F.);
#5978 = FACE_BOUND('',#5979,.T.);
#5979 = EDGE_LOOP('',(#5980,#5981,#5987,#5988));
#5980 = ORIENTED_EDGE('',*,*,#3634,.T.);
#5981 = ORIENTED_EDGE('',*,*,#5982,.T.);
#5982 = EDGE_CURVE('',#3635,#4565,#5983,.T.);
#5983 = LINE('',#5984,#5985);
#5984 = CARTESIAN_POINT('',(140.375,-81.145,-4.6E-02));
#5985 = VECTOR('',#5986,1.);
#5986 = DIRECTION('',(0.,0.,1.));
#5987 = ORIENTED_EDGE('',*,*,#4564,.F.);
#5988 = ORIENTED_EDGE('',*,*,#5982,.F.);
#5989 = CYLINDRICAL_SURFACE('',#5990,0.6);
#5990 = AXIS2_PLACEMENT_3D('',#5991,#5992,#5993);
#5991 = CARTESIAN_POINT('',(140.375,-80.545,-4.6E-02));
#5992 = DIRECTION('',(-0.,-0.,-1.));
#5993 = DIRECTION('',(-0.,-1.,0.));
#5994 = ADVANCED_FACE('',(#5995),#6006,.F.);
#5995 = FACE_BOUND('',#5996,.T.);
#5996 = EDGE_LOOP('',(#5997,#6003,#6004,#6005));
#5997 = ORIENTED_EDGE('',*,*,#5998,.T.);
#5998 = EDGE_CURVE('',#3646,#4576,#5999,.T.);
#5999 = LINE('',#6000,#6001);
#6000 = CARTESIAN_POINT('',(158.115,-71.12,0.));
#6001 = VECTOR('',#6002,1.);
#6002 = DIRECTION('',(0.,0.,1.));
#6003 = ORIENTED_EDGE('',*,*,#4575,.T.);
#6004 = ORIENTED_EDGE('',*,*,#5998,.F.);
#6005 = ORIENTED_EDGE('',*,*,#3645,.F.);
#6006 = CYLINDRICAL_SURFACE('',#6007,3.175);
#6007 = AXIS2_PLACEMENT_3D('',#6008,#6009,#6010);
#6008 = CARTESIAN_POINT('',(154.94,-71.12,0.));
#6009 = DIRECTION('',(-0.,-0.,-1.));
#6010 = DIRECTION('',(1.,0.,-0.));
#6011 = ( GEOMETRIC_REPRESENTATION_CONTEXT(3) 
GLOBAL_UNCERTAINTY_ASSIGNED_CONTEXT((#6015)) 
GLOBAL_UNIT_ASSIGNED_CONTEXT((#6012,#6013,#6014)) REPRESENTATION_CONTEXT
('Context #1','3D Context with UNIT and UNCERTAINTY') );
#6012 = ( LENGTH_UNIT() NAMED_UNIT(*) SI_UNIT(.MILLI.,.METRE.) );
#6013 = ( NAMED_UNIT(*) PLANE_ANGLE_UNIT() SI_UNIT($,.RADIAN.) );
#6014 = ( NAMED_UNIT(*) SI_UNIT($,.STERADIAN.) SOLID_ANGLE_UNIT() );
#6015 = UNCERTAINTY_MEASURE_WITH_UNIT(LENGTH_MEASURE(1.E-07),#6012,
  'distance_accuracy_value','confusion accuracy');
#6016 = CONTEXT_DEPENDENT_SHAPE_REPRESENTATION(#6017,#6019);
#6017 = ( REPRESENTATION_RELATIONSHIP('','',#2623,#10) 
REPRESENTATION_RELATIONSHIP_WITH_TRANSFORMATION(#6018) 
SHAPE_REPRESENTATION_RELATIONSHIP() );
#6018 = ITEM_DEFINED_TRANSFORMATION('','',#11,#31);
#6019 = PRODUCT_DEFINITION_SHAPE('Placement','Placement of an item',
  #6020);
#6020 = NEXT_ASSEMBLY_USAGE_OCCURRENCE('5','=>[0:1:1:5]','',#5,#2618,$);
#6021 = PRODUCT_RELATED_PRODUCT_CATEGORY('part',$,(#2620));
#6022 = MECHANICAL_DESIGN_GEOMETRIC_PRESENTATION_REPRESENTATION('',(
    #6023,#6033,#6042,#6051,#6060,#6069,#6078,#6087,#6096,#6106,#6115,
    #6124,#6133,#6142,#6151,#6160,#6169,#6178,#6187,#6196,#6205,#6214,
    #6223,#6232,#6241,#6250,#6259,#6268,#6277,#6286,#6295,#6304,#6313,
    #6322,#6331,#6340,#6349,#6358,#6367,#6376,#6385,#6394,#6403,#6412,
    #6421,#6430,#6439,#6448,#6457,#6466,#6475,#6484,#6493,#6502,#6511,
    #6520,#6529,#6538,#6547,#6556,#6565,#6574,#6583,#6592,#6601,#6610,
    #6619,#6628,#6637,#6646,#6655,#6664,#6673,#6682,#6691,#6700,#6709,
    #6718),#2605);
#6023 = STYLED_ITEM('color',(#6024),#773);
#6024 = PRESENTATION_STYLE_ASSIGNMENT((#6025,#6031));
#6025 = SURFACE_STYLE_USAGE(.BOTH.,#6026);
#6026 = SURFACE_SIDE_STYLE('',(#6027));
#6027 = SURFACE_STYLE_FILL_AREA(#6028);
#6028 = FILL_AREA_STYLE('',(#6029));
#6029 = FILL_AREA_STYLE_COLOUR('',#6030);
#6030 = COLOUR_RGB('',0.147999998088,0.145000001626,0.145000001626);
#6031 = CURVE_STYLE('',#6032,POSITIVE_LENGTH_MEASURE(0.1),#6030);
#6032 = DRAUGHTING_PRE_DEFINED_CURVE_FONT('continuous');
#6033 = STYLED_ITEM('color',(#6034),#813);
#6034 = PRESENTATION_STYLE_ASSIGNMENT((#6035,#6040));
#6035 = SURFACE_STYLE_USAGE(.BOTH.,#6036);
#6036 = SURFACE_SIDE_STYLE('',(#6037));
#6037 = SURFACE_STYLE_FILL_AREA(#6038);
#6038 = FILL_AREA_STYLE('',(#6039));
#6039 = FILL_AREA_STYLE_COLOUR('',#6030);
#6040 = CURVE_STYLE('',#6041,POSITIVE_LENGTH_MEASURE(0.1),#6030);
#6041 = DRAUGHTING_PRE_DEFINED_CURVE_FONT('continuous');
#6042 = STYLED_ITEM('color',(#6043),#876);
#6043 = PRESENTATION_STYLE_ASSIGNMENT((#6044,#6049));
#6044 = SURFACE_STYLE_USAGE(.BOTH.,#6045);
#6045 = SURFACE_SIDE_STYLE('',(#6046));
#6046 = SURFACE_STYLE_FILL_AREA(#6047);
#6047 = FILL_AREA_STYLE('',(#6048));
#6048 = FILL_AREA_STYLE_COLOUR('',#6030);
#6049 = CURVE_STYLE('',#6050,POSITIVE_LENGTH_MEASURE(0.1),#6030);
#6050 = DRAUGHTING_PRE_DEFINED_CURVE_FONT('continuous');
#6051 = STYLED_ITEM('color',(#6052),#939);
#6052 = PRESENTATION_STYLE_ASSIGNMENT((#6053,#6058));
#6053 = SURFACE_STYLE_USAGE(.BOTH.,#6054);
#6054 = SURFACE_SIDE_STYLE('',(#6055));
#6055 = SURFACE_STYLE_FILL_AREA(#6056);
#6056 = FILL_AREA_STYLE('',(#6057));
#6057 = FILL_AREA_STYLE_COLOUR('',#6030);
#6058 = CURVE_STYLE('',#6059,POSITIVE_LENGTH_MEASURE(0.1),#6030);
#6059 = DRAUGHTING_PRE_DEFINED_CURVE_FONT('continuous');
#6060 = STYLED_ITEM('color',(#6061),#956);
#6061 = PRESENTATION_STYLE_ASSIGNMENT((#6062,#6067));
#6062 = SURFACE_STYLE_USAGE(.BOTH.,#6063);
#6063 = SURFACE_SIDE_STYLE('',(#6064));
#6064 = SURFACE_STYLE_FILL_AREA(#6065);
#6065 = FILL_AREA_STYLE('',(#6066));
#6066 = FILL_AREA_STYLE_COLOUR('',#6030);
#6067 = CURVE_STYLE('',#6068,POSITIVE_LENGTH_MEASURE(0.1),#6030);
#6068 = DRAUGHTING_PRE_DEFINED_CURVE_FONT('continuous');
#6069 = STYLED_ITEM('color',(#6070),#1041);
#6070 = PRESENTATION_STYLE_ASSIGNMENT((#6071,#6076));
#6071 = SURFACE_STYLE_USAGE(.BOTH.,#6072);
#6072 = SURFACE_SIDE_STYLE('',(#6073));
#6073 = SURFACE_STYLE_FILL_AREA(#6074);
#6074 = FILL_AREA_STYLE('',(#6075));
#6075 = FILL_AREA_STYLE_COLOUR('',#6030);
#6076 = CURVE_STYLE('',#6077,POSITIVE_LENGTH_MEASURE(0.1),#6030);
#6077 = DRAUGHTING_PRE_DEFINED_CURVE_FONT('continuous');
#6078 = STYLED_ITEM('color',(#6079),#1063);
#6079 = PRESENTATION_STYLE_ASSIGNMENT((#6080,#6085));
#6080 = SURFACE_STYLE_USAGE(.BOTH.,#6081);
#6081 = SURFACE_SIDE_STYLE('',(#6082));
#6082 = SURFACE_STYLE_FILL_AREA(#6083);
#6083 = FILL_AREA_STYLE('',(#6084));
#6084 = FILL_AREA_STYLE_COLOUR('',#6030);
#6085 = CURVE_STYLE('',#6086,POSITIVE_LENGTH_MEASURE(0.1),#6030);
#6086 = DRAUGHTING_PRE_DEFINED_CURVE_FONT('continuous');
#6087 = STYLED_ITEM('color',(#6088),#1080);
#6088 = PRESENTATION_STYLE_ASSIGNMENT((#6089,#6094));
#6089 = SURFACE_STYLE_USAGE(.BOTH.,#6090);
#6090 = SURFACE_SIDE_STYLE('',(#6091));
#6091 = SURFACE_STYLE_FILL_AREA(#6092);
#6092 = FILL_AREA_STYLE('',(#6093));
#6093 = FILL_AREA_STYLE_COLOUR('',#6030);
#6094 = CURVE_STYLE('',#6095,POSITIVE_LENGTH_MEASURE(0.1),#6030);
#6095 = DRAUGHTING_PRE_DEFINED_CURVE_FONT('continuous');
#6096 = OVER_RIDING_STYLED_ITEM('overriding color',(#6097),#1113,#6087);
#6097 = PRESENTATION_STYLE_ASSIGNMENT((#6098,#6104));
#6098 = SURFACE_STYLE_USAGE(.BOTH.,#6099);
#6099 = SURFACE_SIDE_STYLE('',(#6100));
#6100 = SURFACE_STYLE_FILL_AREA(#6101);
#6101 = FILL_AREA_STYLE('',(#6102));
#6102 = FILL_AREA_STYLE_COLOUR('',#6103);
#6103 = COLOUR_RGB('',0.858999988747,0.738000004258,0.496000005009);
#6104 = CURVE_STYLE('',#6105,POSITIVE_LENGTH_MEASURE(0.1),#6103);
#6105 = DRAUGHTING_PRE_DEFINED_CURVE_FONT('continuous');
#6106 = OVER_RIDING_STYLED_ITEM('overriding color',(#6107),#1145,#6087);
#6107 = PRESENTATION_STYLE_ASSIGNMENT((#6108,#6113));
#6108 = SURFACE_STYLE_USAGE(.BOTH.,#6109);
#6109 = SURFACE_SIDE_STYLE('',(#6110));
#6110 = SURFACE_STYLE_FILL_AREA(#6111);
#6111 = FILL_AREA_STYLE('',(#6112));
#6112 = FILL_AREA_STYLE_COLOUR('',#6103);
#6113 = CURVE_STYLE('',#6114,POSITIVE_LENGTH_MEASURE(0.1),#6103);
#6114 = DRAUGHTING_PRE_DEFINED_CURVE_FONT('continuous');
#6115 = OVER_RIDING_STYLED_ITEM('overriding color',(#6116),#1179,#6087);
#6116 = PRESENTATION_STYLE_ASSIGNMENT((#6117,#6122));
#6117 = SURFACE_STYLE_USAGE(.BOTH.,#6118);
#6118 = SURFACE_SIDE_STYLE('',(#6119));
#6119 = SURFACE_STYLE_FILL_AREA(#6120);
#6120 = FILL_AREA_STYLE('',(#6121));
#6121 = FILL_AREA_STYLE_COLOUR('',#6103);
#6122 = CURVE_STYLE('',#6123,POSITIVE_LENGTH_MEASURE(0.1),#6103);
#6123 = DRAUGHTING_PRE_DEFINED_CURVE_FONT('continuous');
#6124 = OVER_RIDING_STYLED_ITEM('overriding color',(#6125),#1211,#6087);
#6125 = PRESENTATION_STYLE_ASSIGNMENT((#6126,#6131));
#6126 = SURFACE_STYLE_USAGE(.BOTH.,#6127);
#6127 = SURFACE_SIDE_STYLE('',(#6128));
#6128 = SURFACE_STYLE_FILL_AREA(#6129);
#6129 = FILL_AREA_STYLE('',(#6130));
#6130 = FILL_AREA_STYLE_COLOUR('',#6103);
#6131 = CURVE_STYLE('',#6132,POSITIVE_LENGTH_MEASURE(0.1),#6103);
#6132 = DRAUGHTING_PRE_DEFINED_CURVE_FONT('continuous');
#6133 = STYLED_ITEM('color',(#6134),#1229);
#6134 = PRESENTATION_STYLE_ASSIGNMENT((#6135,#6140));
#6135 = SURFACE_STYLE_USAGE(.BOTH.,#6136);
#6136 = SURFACE_SIDE_STYLE('',(#6137));
#6137 = SURFACE_STYLE_FILL_AREA(#6138);
#6138 = FILL_AREA_STYLE('',(#6139));
#6139 = FILL_AREA_STYLE_COLOUR('',#6030);
#6140 = CURVE_STYLE('',#6141,POSITIVE_LENGTH_MEASURE(0.1),#6030);
#6141 = DRAUGHTING_PRE_DEFINED_CURVE_FONT('continuous');
#6142 = STYLED_ITEM('color',(#6143),#1241);
#6143 = PRESENTATION_STYLE_ASSIGNMENT((#6144,#6149));
#6144 = SURFACE_STYLE_USAGE(.BOTH.,#6145);
#6145 = SURFACE_SIDE_STYLE('',(#6146));
#6146 = SURFACE_STYLE_FILL_AREA(#6147);
#6147 = FILL_AREA_STYLE('',(#6148));
#6148 = FILL_AREA_STYLE_COLOUR('',#6030);
#6149 = CURVE_STYLE('',#6150,POSITIVE_LENGTH_MEASURE(0.1),#6030);
#6150 = DRAUGHTING_PRE_DEFINED_CURVE_FONT('continuous');
#6151 = STYLED_ITEM('color',(#6152),#1253);
#6152 = PRESENTATION_STYLE_ASSIGNMENT((#6153,#6158));
#6153 = SURFACE_STYLE_USAGE(.BOTH.,#6154);
#6154 = SURFACE_SIDE_STYLE('',(#6155));
#6155 = SURFACE_STYLE_FILL_AREA(#6156);
#6156 = FILL_AREA_STYLE('',(#6157));
#6157 = FILL_AREA_STYLE_COLOUR('',#6030);
#6158 = CURVE_STYLE('',#6159,POSITIVE_LENGTH_MEASURE(0.1),#6030);
#6159 = DRAUGHTING_PRE_DEFINED_CURVE_FONT('continuous');
#6160 = STYLED_ITEM('color',(#6161),#1284);
#6161 = PRESENTATION_STYLE_ASSIGNMENT((#6162,#6167));
#6162 = SURFACE_STYLE_USAGE(.BOTH.,#6163);
#6163 = SURFACE_SIDE_STYLE('',(#6164));
#6164 = SURFACE_STYLE_FILL_AREA(#6165);
#6165 = FILL_AREA_STYLE('',(#6166));
#6166 = FILL_AREA_STYLE_COLOUR('',#6030);
#6167 = CURVE_STYLE('',#6168,POSITIVE_LENGTH_MEASURE(0.1),#6030);
#6168 = DRAUGHTING_PRE_DEFINED_CURVE_FONT('continuous');
#6169 = STYLED_ITEM('color',(#6170),#1308);
#6170 = PRESENTATION_STYLE_ASSIGNMENT((#6171,#6176));
#6171 = SURFACE_STYLE_USAGE(.BOTH.,#6172);
#6172 = SURFACE_SIDE_STYLE('',(#6173));
#6173 = SURFACE_STYLE_FILL_AREA(#6174);
#6174 = FILL_AREA_STYLE('',(#6175));
#6175 = FILL_AREA_STYLE_COLOUR('',#6030);
#6176 = CURVE_STYLE('',#6177,POSITIVE_LENGTH_MEASURE(0.1),#6030);
#6177 = DRAUGHTING_PRE_DEFINED_CURVE_FONT('continuous');
#6178 = STYLED_ITEM('color',(#6179),#1332);
#6179 = PRESENTATION_STYLE_ASSIGNMENT((#6180,#6185));
#6180 = SURFACE_STYLE_USAGE(.BOTH.,#6181);
#6181 = SURFACE_SIDE_STYLE('',(#6182));
#6182 = SURFACE_STYLE_FILL_AREA(#6183);
#6183 = FILL_AREA_STYLE('',(#6184));
#6184 = FILL_AREA_STYLE_COLOUR('',#6030);
#6185 = CURVE_STYLE('',#6186,POSITIVE_LENGTH_MEASURE(0.1),#6030);
#6186 = DRAUGHTING_PRE_DEFINED_CURVE_FONT('continuous');
#6187 = STYLED_ITEM('color',(#6188),#1349);
#6188 = PRESENTATION_STYLE_ASSIGNMENT((#6189,#6194));
#6189 = SURFACE_STYLE_USAGE(.BOTH.,#6190);
#6190 = SURFACE_SIDE_STYLE('',(#6191));
#6191 = SURFACE_STYLE_FILL_AREA(#6192);
#6192 = FILL_AREA_STYLE('',(#6193));
#6193 = FILL_AREA_STYLE_COLOUR('',#6030);
#6194 = CURVE_STYLE('',#6195,POSITIVE_LENGTH_MEASURE(0.1),#6030);
#6195 = DRAUGHTING_PRE_DEFINED_CURVE_FONT('continuous');
#6196 = STYLED_ITEM('color',(#6197),#1380);
#6197 = PRESENTATION_STYLE_ASSIGNMENT((#6198,#6203));
#6198 = SURFACE_STYLE_USAGE(.BOTH.,#6199);
#6199 = SURFACE_SIDE_STYLE('',(#6200));
#6200 = SURFACE_STYLE_FILL_AREA(#6201);
#6201 = FILL_AREA_STYLE('',(#6202));
#6202 = FILL_AREA_STYLE_COLOUR('',#6030);
#6203 = CURVE_STYLE('',#6204,POSITIVE_LENGTH_MEASURE(0.1),#6030);
#6204 = DRAUGHTING_PRE_DEFINED_CURVE_FONT('continuous');
#6205 = STYLED_ITEM('color',(#6206),#1404);
#6206 = PRESENTATION_STYLE_ASSIGNMENT((#6207,#6212));
#6207 = SURFACE_STYLE_USAGE(.BOTH.,#6208);
#6208 = SURFACE_SIDE_STYLE('',(#6209));
#6209 = SURFACE_STYLE_FILL_AREA(#6210);
#6210 = FILL_AREA_STYLE('',(#6211));
#6211 = FILL_AREA_STYLE_COLOUR('',#6030);
#6212 = CURVE_STYLE('',#6213,POSITIVE_LENGTH_MEASURE(0.1),#6030);
#6213 = DRAUGHTING_PRE_DEFINED_CURVE_FONT('continuous');
#6214 = STYLED_ITEM('color',(#6215),#1428);
#6215 = PRESENTATION_STYLE_ASSIGNMENT((#6216,#6221));
#6216 = SURFACE_STYLE_USAGE(.BOTH.,#6217);
#6217 = SURFACE_SIDE_STYLE('',(#6218));
#6218 = SURFACE_STYLE_FILL_AREA(#6219);
#6219 = FILL_AREA_STYLE('',(#6220));
#6220 = FILL_AREA_STYLE_COLOUR('',#6030);
#6221 = CURVE_STYLE('',#6222,POSITIVE_LENGTH_MEASURE(0.1),#6030);
#6222 = DRAUGHTING_PRE_DEFINED_CURVE_FONT('continuous');
#6223 = STYLED_ITEM('color',(#6224),#1445);
#6224 = PRESENTATION_STYLE_ASSIGNMENT((#6225,#6230));
#6225 = SURFACE_STYLE_USAGE(.BOTH.,#6226);
#6226 = SURFACE_SIDE_STYLE('',(#6227));
#6227 = SURFACE_STYLE_FILL_AREA(#6228);
#6228 = FILL_AREA_STYLE('',(#6229));
#6229 = FILL_AREA_STYLE_COLOUR('',#6103);
#6230 = CURVE_STYLE('',#6231,POSITIVE_LENGTH_MEASURE(0.1),#6103);
#6231 = DRAUGHTING_PRE_DEFINED_CURVE_FONT('continuous');
#6232 = STYLED_ITEM('color',(#6233),#1462);
#6233 = PRESENTATION_STYLE_ASSIGNMENT((#6234,#6239));
#6234 = SURFACE_STYLE_USAGE(.BOTH.,#6235);
#6235 = SURFACE_SIDE_STYLE('',(#6236));
#6236 = SURFACE_STYLE_FILL_AREA(#6237);
#6237 = FILL_AREA_STYLE('',(#6238));
#6238 = FILL_AREA_STYLE_COLOUR('',#6103);
#6239 = CURVE_STYLE('',#6240,POSITIVE_LENGTH_MEASURE(0.1),#6103);
#6240 = DRAUGHTING_PRE_DEFINED_CURVE_FONT('continuous');
#6241 = STYLED_ITEM('color',(#6242),#1509);
#6242 = PRESENTATION_STYLE_ASSIGNMENT((#6243,#6248));
#6243 = SURFACE_STYLE_USAGE(.BOTH.,#6244);
#6244 = SURFACE_SIDE_STYLE('',(#6245));
#6245 = SURFACE_STYLE_FILL_AREA(#6246);
#6246 = FILL_AREA_STYLE('',(#6247));
#6247 = FILL_AREA_STYLE_COLOUR('',#6103);
#6248 = CURVE_STYLE('',#6249,POSITIVE_LENGTH_MEASURE(0.1),#6103);
#6249 = DRAUGHTING_PRE_DEFINED_CURVE_FONT('continuous');
#6250 = STYLED_ITEM('color',(#6251),#1526);
#6251 = PRESENTATION_STYLE_ASSIGNMENT((#6252,#6257));
#6252 = SURFACE_STYLE_USAGE(.BOTH.,#6253);
#6253 = SURFACE_SIDE_STYLE('',(#6254));
#6254 = SURFACE_STYLE_FILL_AREA(#6255);
#6255 = FILL_AREA_STYLE('',(#6256));
#6256 = FILL_AREA_STYLE_COLOUR('',#6103);
#6257 = CURVE_STYLE('',#6258,POSITIVE_LENGTH_MEASURE(0.1),#6103);
#6258 = DRAUGHTING_PRE_DEFINED_CURVE_FONT('continuous');
#6259 = STYLED_ITEM('color',(#6260),#1573);
#6260 = PRESENTATION_STYLE_ASSIGNMENT((#6261,#6266));
#6261 = SURFACE_STYLE_USAGE(.BOTH.,#6262);
#6262 = SURFACE_SIDE_STYLE('',(#6263));
#6263 = SURFACE_STYLE_FILL_AREA(#6264);
#6264 = FILL_AREA_STYLE('',(#6265));
#6265 = FILL_AREA_STYLE_COLOUR('',#6103);
#6266 = CURVE_STYLE('',#6267,POSITIVE_LENGTH_MEASURE(0.1),#6103);
#6267 = DRAUGHTING_PRE_DEFINED_CURVE_FONT('continuous');
#6268 = STYLED_ITEM('color',(#6269),#1590);
#6269 = PRESENTATION_STYLE_ASSIGNMENT((#6270,#6275));
#6270 = SURFACE_STYLE_USAGE(.BOTH.,#6271);
#6271 = SURFACE_SIDE_STYLE('',(#6272));
#6272 = SURFACE_STYLE_FILL_AREA(#6273);
#6273 = FILL_AREA_STYLE('',(#6274));
#6274 = FILL_AREA_STYLE_COLOUR('',#6103);
#6275 = CURVE_STYLE('',#6276,POSITIVE_LENGTH_MEASURE(0.1),#6103);
#6276 = DRAUGHTING_PRE_DEFINED_CURVE_FONT('continuous');
#6277 = STYLED_ITEM('color',(#6278),#1637);
#6278 = PRESENTATION_STYLE_ASSIGNMENT((#6279,#6284));
#6279 = SURFACE_STYLE_USAGE(.BOTH.,#6280);
#6280 = SURFACE_SIDE_STYLE('',(#6281));
#6281 = SURFACE_STYLE_FILL_AREA(#6282);
#6282 = FILL_AREA_STYLE('',(#6283));
#6283 = FILL_AREA_STYLE_COLOUR('',#6103);
#6284 = CURVE_STYLE('',#6285,POSITIVE_LENGTH_MEASURE(0.1),#6103);
#6285 = DRAUGHTING_PRE_DEFINED_CURVE_FONT('continuous');
#6286 = STYLED_ITEM('color',(#6287),#1654);
#6287 = PRESENTATION_STYLE_ASSIGNMENT((#6288,#6293));
#6288 = SURFACE_STYLE_USAGE(.BOTH.,#6289);
#6289 = SURFACE_SIDE_STYLE('',(#6290));
#6290 = SURFACE_STYLE_FILL_AREA(#6291);
#6291 = FILL_AREA_STYLE('',(#6292));
#6292 = FILL_AREA_STYLE_COLOUR('',#6103);
#6293 = CURVE_STYLE('',#6294,POSITIVE_LENGTH_MEASURE(0.1),#6103);
#6294 = DRAUGHTING_PRE_DEFINED_CURVE_FONT('continuous');
#6295 = STYLED_ITEM('color',(#6296),#1701);
#6296 = PRESENTATION_STYLE_ASSIGNMENT((#6297,#6302));
#6297 = SURFACE_STYLE_USAGE(.BOTH.,#6298);
#6298 = SURFACE_SIDE_STYLE('',(#6299));
#6299 = SURFACE_STYLE_FILL_AREA(#6300);
#6300 = FILL_AREA_STYLE('',(#6301));
#6301 = FILL_AREA_STYLE_COLOUR('',#6030);
#6302 = CURVE_STYLE('',#6303,POSITIVE_LENGTH_MEASURE(0.1),#6030);
#6303 = DRAUGHTING_PRE_DEFINED_CURVE_FONT('continuous');
#6304 = STYLED_ITEM('color',(#6305),#1732);
#6305 = PRESENTATION_STYLE_ASSIGNMENT((#6306,#6311));
#6306 = SURFACE_STYLE_USAGE(.BOTH.,#6307);
#6307 = SURFACE_SIDE_STYLE('',(#6308));
#6308 = SURFACE_STYLE_FILL_AREA(#6309);
#6309 = FILL_AREA_STYLE('',(#6310));
#6310 = FILL_AREA_STYLE_COLOUR('',#6030);
#6311 = CURVE_STYLE('',#6312,POSITIVE_LENGTH_MEASURE(0.1),#6030);
#6312 = DRAUGHTING_PRE_DEFINED_CURVE_FONT('continuous');
#6313 = OVER_RIDING_STYLED_ITEM('overriding color',(#6314),#1746,#6304);
#6314 = PRESENTATION_STYLE_ASSIGNMENT((#6315,#6320));
#6315 = SURFACE_STYLE_USAGE(.BOTH.,#6316);
#6316 = SURFACE_SIDE_STYLE('',(#6317));
#6317 = SURFACE_STYLE_FILL_AREA(#6318);
#6318 = FILL_AREA_STYLE('',(#6319));
#6319 = FILL_AREA_STYLE_COLOUR('',#6103);
#6320 = CURVE_STYLE('',#6321,POSITIVE_LENGTH_MEASURE(0.1),#6103);
#6321 = DRAUGHTING_PRE_DEFINED_CURVE_FONT('continuous');
#6322 = OVER_RIDING_STYLED_ITEM('overriding color',(#6323),#1762,#6304);
#6323 = PRESENTATION_STYLE_ASSIGNMENT((#6324,#6329));
#6324 = SURFACE_STYLE_USAGE(.BOTH.,#6325);
#6325 = SURFACE_SIDE_STYLE('',(#6326));
#6326 = SURFACE_STYLE_FILL_AREA(#6327);
#6327 = FILL_AREA_STYLE('',(#6328));
#6328 = FILL_AREA_STYLE_COLOUR('',#6103);
#6329 = CURVE_STYLE('',#6330,POSITIVE_LENGTH_MEASURE(0.1),#6103);
#6330 = DRAUGHTING_PRE_DEFINED_CURVE_FONT('continuous');
#6331 = STYLED_ITEM('color',(#6332),#1788);
#6332 = PRESENTATION_STYLE_ASSIGNMENT((#6333,#6338));
#6333 = SURFACE_STYLE_USAGE(.BOTH.,#6334);
#6334 = SURFACE_SIDE_STYLE('',(#6335));
#6335 = SURFACE_STYLE_FILL_AREA(#6336);
#6336 = FILL_AREA_STYLE('',(#6337));
#6337 = FILL_AREA_STYLE_COLOUR('',#6030);
#6338 = CURVE_STYLE('',#6339,POSITIVE_LENGTH_MEASURE(0.1),#6030);
#6339 = DRAUGHTING_PRE_DEFINED_CURVE_FONT('continuous');
#6340 = STYLED_ITEM('color',(#6341),#1812);
#6341 = PRESENTATION_STYLE_ASSIGNMENT((#6342,#6347));
#6342 = SURFACE_STYLE_USAGE(.BOTH.,#6343);
#6343 = SURFACE_SIDE_STYLE('',(#6344));
#6344 = SURFACE_STYLE_FILL_AREA(#6345);
#6345 = FILL_AREA_STYLE('',(#6346));
#6346 = FILL_AREA_STYLE_COLOUR('',#6030);
#6347 = CURVE_STYLE('',#6348,POSITIVE_LENGTH_MEASURE(0.1),#6030);
#6348 = DRAUGHTING_PRE_DEFINED_CURVE_FONT('continuous');
#6349 = OVER_RIDING_STYLED_ITEM('overriding color',(#6350),#1826,#6340);
#6350 = PRESENTATION_STYLE_ASSIGNMENT((#6351,#6356));
#6351 = SURFACE_STYLE_USAGE(.BOTH.,#6352);
#6352 = SURFACE_SIDE_STYLE('',(#6353));
#6353 = SURFACE_STYLE_FILL_AREA(#6354);
#6354 = FILL_AREA_STYLE('',(#6355));
#6355 = FILL_AREA_STYLE_COLOUR('',#6103);
#6356 = CURVE_STYLE('',#6357,POSITIVE_LENGTH_MEASURE(0.1),#6103);
#6357 = DRAUGHTING_PRE_DEFINED_CURVE_FONT('continuous');
#6358 = OVER_RIDING_STYLED_ITEM('overriding color',(#6359),#1842,#6340);
#6359 = PRESENTATION_STYLE_ASSIGNMENT((#6360,#6365));
#6360 = SURFACE_STYLE_USAGE(.BOTH.,#6361);
#6361 = SURFACE_SIDE_STYLE('',(#6362));
#6362 = SURFACE_STYLE_FILL_AREA(#6363);
#6363 = FILL_AREA_STYLE('',(#6364));
#6364 = FILL_AREA_STYLE_COLOUR('',#6103);
#6365 = CURVE_STYLE('',#6366,POSITIVE_LENGTH_MEASURE(0.1),#6103);
#6366 = DRAUGHTING_PRE_DEFINED_CURVE_FONT('continuous');
#6367 = STYLED_ITEM('color',(#6368),#1861);
#6368 = PRESENTATION_STYLE_ASSIGNMENT((#6369,#6374));
#6369 = SURFACE_STYLE_USAGE(.BOTH.,#6370);
#6370 = SURFACE_SIDE_STYLE('',(#6371));
#6371 = SURFACE_STYLE_FILL_AREA(#6372);
#6372 = FILL_AREA_STYLE('',(#6373));
#6373 = FILL_AREA_STYLE_COLOUR('',#6030);
#6374 = CURVE_STYLE('',#6375,POSITIVE_LENGTH_MEASURE(0.1),#6030);
#6375 = DRAUGHTING_PRE_DEFINED_CURVE_FONT('continuous');
#6376 = STYLED_ITEM('color',(#6377),#1892);
#6377 = PRESENTATION_STYLE_ASSIGNMENT((#6378,#6383));
#6378 = SURFACE_STYLE_USAGE(.BOTH.,#6379);
#6379 = SURFACE_SIDE_STYLE('',(#6380));
#6380 = SURFACE_STYLE_FILL_AREA(#6381);
#6381 = FILL_AREA_STYLE('',(#6382));
#6382 = FILL_AREA_STYLE_COLOUR('',#6030);
#6383 = CURVE_STYLE('',#6384,POSITIVE_LENGTH_MEASURE(0.1),#6030);
#6384 = DRAUGHTING_PRE_DEFINED_CURVE_FONT('continuous');
#6385 = OVER_RIDING_STYLED_ITEM('overriding color',(#6386),#1906,#6376);
#6386 = PRESENTATION_STYLE_ASSIGNMENT((#6387,#6392));
#6387 = SURFACE_STYLE_USAGE(.BOTH.,#6388);
#6388 = SURFACE_SIDE_STYLE('',(#6389));
#6389 = SURFACE_STYLE_FILL_AREA(#6390);
#6390 = FILL_AREA_STYLE('',(#6391));
#6391 = FILL_AREA_STYLE_COLOUR('',#6103);
#6392 = CURVE_STYLE('',#6393,POSITIVE_LENGTH_MEASURE(0.1),#6103);
#6393 = DRAUGHTING_PRE_DEFINED_CURVE_FONT('continuous');
#6394 = OVER_RIDING_STYLED_ITEM('overriding color',(#6395),#1922,#6376);
#6395 = PRESENTATION_STYLE_ASSIGNMENT((#6396,#6401));
#6396 = SURFACE_STYLE_USAGE(.BOTH.,#6397);
#6397 = SURFACE_SIDE_STYLE('',(#6398));
#6398 = SURFACE_STYLE_FILL_AREA(#6399);
#6399 = FILL_AREA_STYLE('',(#6400));
#6400 = FILL_AREA_STYLE_COLOUR('',#6103);
#6401 = CURVE_STYLE('',#6402,POSITIVE_LENGTH_MEASURE(0.1),#6103);
#6402 = DRAUGHTING_PRE_DEFINED_CURVE_FONT('continuous');
#6403 = STYLED_ITEM('color',(#6404),#1948);
#6404 = PRESENTATION_STYLE_ASSIGNMENT((#6405,#6410));
#6405 = SURFACE_STYLE_USAGE(.BOTH.,#6406);
#6406 = SURFACE_SIDE_STYLE('',(#6407));
#6407 = SURFACE_STYLE_FILL_AREA(#6408);
#6408 = FILL_AREA_STYLE('',(#6409));
#6409 = FILL_AREA_STYLE_COLOUR('',#6030);
#6410 = CURVE_STYLE('',#6411,POSITIVE_LENGTH_MEASURE(0.1),#6030);
#6411 = DRAUGHTING_PRE_DEFINED_CURVE_FONT('continuous');
#6412 = STYLED_ITEM('color',(#6413),#1972);
#6413 = PRESENTATION_STYLE_ASSIGNMENT((#6414,#6419));
#6414 = SURFACE_STYLE_USAGE(.BOTH.,#6415);
#6415 = SURFACE_SIDE_STYLE('',(#6416));
#6416 = SURFACE_STYLE_FILL_AREA(#6417);
#6417 = FILL_AREA_STYLE('',(#6418));
#6418 = FILL_AREA_STYLE_COLOUR('',#6030);
#6419 = CURVE_STYLE('',#6420,POSITIVE_LENGTH_MEASURE(0.1),#6030);
#6420 = DRAUGHTING_PRE_DEFINED_CURVE_FONT('continuous');
#6421 = OVER_RIDING_STYLED_ITEM('overriding color',(#6422),#1986,#6412);
#6422 = PRESENTATION_STYLE_ASSIGNMENT((#6423,#6428));
#6423 = SURFACE_STYLE_USAGE(.BOTH.,#6424);
#6424 = SURFACE_SIDE_STYLE('',(#6425));
#6425 = SURFACE_STYLE_FILL_AREA(#6426);
#6426 = FILL_AREA_STYLE('',(#6427));
#6427 = FILL_AREA_STYLE_COLOUR('',#6103);
#6428 = CURVE_STYLE('',#6429,POSITIVE_LENGTH_MEASURE(0.1),#6103);
#6429 = DRAUGHTING_PRE_DEFINED_CURVE_FONT('continuous');
#6430 = OVER_RIDING_STYLED_ITEM('overriding color',(#6431),#2002,#6412);
#6431 = PRESENTATION_STYLE_ASSIGNMENT((#6432,#6437));
#6432 = SURFACE_STYLE_USAGE(.BOTH.,#6433);
#6433 = SURFACE_SIDE_STYLE('',(#6434));
#6434 = SURFACE_STYLE_FILL_AREA(#6435);
#6435 = FILL_AREA_STYLE('',(#6436));
#6436 = FILL_AREA_STYLE_COLOUR('',#6103);
#6437 = CURVE_STYLE('',#6438,POSITIVE_LENGTH_MEASURE(0.1),#6103);
#6438 = DRAUGHTING_PRE_DEFINED_CURVE_FONT('continuous');
#6439 = STYLED_ITEM('color',(#6440),#2021);
#6440 = PRESENTATION_STYLE_ASSIGNMENT((#6441,#6446));
#6441 = SURFACE_STYLE_USAGE(.BOTH.,#6442);
#6442 = SURFACE_SIDE_STYLE('',(#6443));
#6443 = SURFACE_STYLE_FILL_AREA(#6444);
#6444 = FILL_AREA_STYLE('',(#6445));
#6445 = FILL_AREA_STYLE_COLOUR('',#6103);
#6446 = CURVE_STYLE('',#6447,POSITIVE_LENGTH_MEASURE(0.1),#6103);
#6447 = DRAUGHTING_PRE_DEFINED_CURVE_FONT('continuous');
#6448 = STYLED_ITEM('color',(#6449),#2038);
#6449 = PRESENTATION_STYLE_ASSIGNMENT((#6450,#6455));
#6450 = SURFACE_STYLE_USAGE(.BOTH.,#6451);
#6451 = SURFACE_SIDE_STYLE('',(#6452));
#6452 = SURFACE_STYLE_FILL_AREA(#6453);
#6453 = FILL_AREA_STYLE('',(#6454));
#6454 = FILL_AREA_STYLE_COLOUR('',#6103);
#6455 = CURVE_STYLE('',#6456,POSITIVE_LENGTH_MEASURE(0.1),#6103);
#6456 = DRAUGHTING_PRE_DEFINED_CURVE_FONT('continuous');
#6457 = STYLED_ITEM('color',(#6458),#2055);
#6458 = PRESENTATION_STYLE_ASSIGNMENT((#6459,#6464));
#6459 = SURFACE_STYLE_USAGE(.BOTH.,#6460);
#6460 = SURFACE_SIDE_STYLE('',(#6461));
#6461 = SURFACE_STYLE_FILL_AREA(#6462);
#6462 = FILL_AREA_STYLE('',(#6463));
#6463 = FILL_AREA_STYLE_COLOUR('',#6103);
#6464 = CURVE_STYLE('',#6465,POSITIVE_LENGTH_MEASURE(0.1),#6103);
#6465 = DRAUGHTING_PRE_DEFINED_CURVE_FONT('continuous');
#6466 = STYLED_ITEM('color',(#6467),#2072);
#6467 = PRESENTATION_STYLE_ASSIGNMENT((#6468,#6473));
#6468 = SURFACE_STYLE_USAGE(.BOTH.,#6469);
#6469 = SURFACE_SIDE_STYLE('',(#6470));
#6470 = SURFACE_STYLE_FILL_AREA(#6471);
#6471 = FILL_AREA_STYLE('',(#6472));
#6472 = FILL_AREA_STYLE_COLOUR('',#6103);
#6473 = CURVE_STYLE('',#6474,POSITIVE_LENGTH_MEASURE(0.1),#6103);
#6474 = DRAUGHTING_PRE_DEFINED_CURVE_FONT('continuous');
#6475 = STYLED_ITEM('color',(#6476),#2089);
#6476 = PRESENTATION_STYLE_ASSIGNMENT((#6477,#6482));
#6477 = SURFACE_STYLE_USAGE(.BOTH.,#6478);
#6478 = SURFACE_SIDE_STYLE('',(#6479));
#6479 = SURFACE_STYLE_FILL_AREA(#6480);
#6480 = FILL_AREA_STYLE('',(#6481));
#6481 = FILL_AREA_STYLE_COLOUR('',#6103);
#6482 = CURVE_STYLE('',#6483,POSITIVE_LENGTH_MEASURE(0.1),#6103);
#6483 = DRAUGHTING_PRE_DEFINED_CURVE_FONT('continuous');
#6484 = STYLED_ITEM('color',(#6485),#2101);
#6485 = PRESENTATION_STYLE_ASSIGNMENT((#6486,#6491));
#6486 = SURFACE_STYLE_USAGE(.BOTH.,#6487);
#6487 = SURFACE_SIDE_STYLE('',(#6488));
#6488 = SURFACE_STYLE_FILL_AREA(#6489);
#6489 = FILL_AREA_STYLE('',(#6490));
#6490 = FILL_AREA_STYLE_COLOUR('',#6103);
#6491 = CURVE_STYLE('',#6492,POSITIVE_LENGTH_MEASURE(0.1),#6103);
#6492 = DRAUGHTING_PRE_DEFINED_CURVE_FONT('continuous');
#6493 = STYLED_ITEM('color',(#6494),#2118);
#6494 = PRESENTATION_STYLE_ASSIGNMENT((#6495,#6500));
#6495 = SURFACE_STYLE_USAGE(.BOTH.,#6496);
#6496 = SURFACE_SIDE_STYLE('',(#6497));
#6497 = SURFACE_STYLE_FILL_AREA(#6498);
#6498 = FILL_AREA_STYLE('',(#6499));
#6499 = FILL_AREA_STYLE_COLOUR('',#6103);
#6500 = CURVE_STYLE('',#6501,POSITIVE_LENGTH_MEASURE(0.1),#6103);
#6501 = DRAUGHTING_PRE_DEFINED_CURVE_FONT('continuous');
#6502 = STYLED_ITEM('color',(#6503),#2135);
#6503 = PRESENTATION_STYLE_ASSIGNMENT((#6504,#6509));
#6504 = SURFACE_STYLE_USAGE(.BOTH.,#6505);
#6505 = SURFACE_SIDE_STYLE('',(#6506));
#6506 = SURFACE_STYLE_FILL_AREA(#6507);
#6507 = FILL_AREA_STYLE('',(#6508));
#6508 = FILL_AREA_STYLE_COLOUR('',#6103);
#6509 = CURVE_STYLE('',#6510,POSITIVE_LENGTH_MEASURE(0.1),#6103);
#6510 = DRAUGHTING_PRE_DEFINED_CURVE_FONT('continuous');
#6511 = STYLED_ITEM('color',(#6512),#2152);
#6512 = PRESENTATION_STYLE_ASSIGNMENT((#6513,#6518));
#6513 = SURFACE_STYLE_USAGE(.BOTH.,#6514);
#6514 = SURFACE_SIDE_STYLE('',(#6515));
#6515 = SURFACE_STYLE_FILL_AREA(#6516);
#6516 = FILL_AREA_STYLE('',(#6517));
#6517 = FILL_AREA_STYLE_COLOUR('',#6103);
#6518 = CURVE_STYLE('',#6519,POSITIVE_LENGTH_MEASURE(0.1),#6103);
#6519 = DRAUGHTING_PRE_DEFINED_CURVE_FONT('continuous');
#6520 = STYLED_ITEM('color',(#6521),#2169);
#6521 = PRESENTATION_STYLE_ASSIGNMENT((#6522,#6527));
#6522 = SURFACE_STYLE_USAGE(.BOTH.,#6523);
#6523 = SURFACE_SIDE_STYLE('',(#6524));
#6524 = SURFACE_STYLE_FILL_AREA(#6525);
#6525 = FILL_AREA_STYLE('',(#6526));
#6526 = FILL_AREA_STYLE_COLOUR('',#6103);
#6527 = CURVE_STYLE('',#6528,POSITIVE_LENGTH_MEASURE(0.1),#6103);
#6528 = DRAUGHTING_PRE_DEFINED_CURVE_FONT('continuous');
#6529 = STYLED_ITEM('color',(#6530),#2181);
#6530 = PRESENTATION_STYLE_ASSIGNMENT((#6531,#6536));
#6531 = SURFACE_STYLE_USAGE(.BOTH.,#6532);
#6532 = SURFACE_SIDE_STYLE('',(#6533));
#6533 = SURFACE_STYLE_FILL_AREA(#6534);
#6534 = FILL_AREA_STYLE('',(#6535));
#6535 = FILL_AREA_STYLE_COLOUR('',#6030);
#6536 = CURVE_STYLE('',#6537,POSITIVE_LENGTH_MEASURE(0.1),#6030);
#6537 = DRAUGHTING_PRE_DEFINED_CURVE_FONT('continuous');
#6538 = OVER_RIDING_STYLED_ITEM('overriding color',(#6539),#2188,#6529);
#6539 = PRESENTATION_STYLE_ASSIGNMENT((#6540,#6545));
#6540 = SURFACE_STYLE_USAGE(.BOTH.,#6541);
#6541 = SURFACE_SIDE_STYLE('',(#6542));
#6542 = SURFACE_STYLE_FILL_AREA(#6543);
#6543 = FILL_AREA_STYLE('',(#6544));
#6544 = FILL_AREA_STYLE_COLOUR('',#6103);
#6545 = CURVE_STYLE('',#6546,POSITIVE_LENGTH_MEASURE(0.1),#6103);
#6546 = DRAUGHTING_PRE_DEFINED_CURVE_FONT('continuous');
#6547 = STYLED_ITEM('color',(#6548),#2198);
#6548 = PRESENTATION_STYLE_ASSIGNMENT((#6549,#6554));
#6549 = SURFACE_STYLE_USAGE(.BOTH.,#6550);
#6550 = SURFACE_SIDE_STYLE('',(#6551));
#6551 = SURFACE_STYLE_FILL_AREA(#6552);
#6552 = FILL_AREA_STYLE('',(#6553));
#6553 = FILL_AREA_STYLE_COLOUR('',#6030);
#6554 = CURVE_STYLE('',#6555,POSITIVE_LENGTH_MEASURE(0.1),#6030);
#6555 = DRAUGHTING_PRE_DEFINED_CURVE_FONT('continuous');
#6556 = OVER_RIDING_STYLED_ITEM('overriding color',(#6557),#2203,#6547);
#6557 = PRESENTATION_STYLE_ASSIGNMENT((#6558,#6563));
#6558 = SURFACE_STYLE_USAGE(.BOTH.,#6559);
#6559 = SURFACE_SIDE_STYLE('',(#6560));
#6560 = SURFACE_STYLE_FILL_AREA(#6561);
#6561 = FILL_AREA_STYLE('',(#6562));
#6562 = FILL_AREA_STYLE_COLOUR('',#6103);
#6563 = CURVE_STYLE('',#6564,POSITIVE_LENGTH_MEASURE(0.1),#6103);
#6564 = DRAUGHTING_PRE_DEFINED_CURVE_FONT('continuous');
#6565 = STYLED_ITEM('color',(#6566),#2215);
#6566 = PRESENTATION_STYLE_ASSIGNMENT((#6567,#6572));
#6567 = SURFACE_STYLE_USAGE(.BOTH.,#6568);
#6568 = SURFACE_SIDE_STYLE('',(#6569));
#6569 = SURFACE_STYLE_FILL_AREA(#6570);
#6570 = FILL_AREA_STYLE('',(#6571));
#6571 = FILL_AREA_STYLE_COLOUR('',#6103);
#6572 = CURVE_STYLE('',#6573,POSITIVE_LENGTH_MEASURE(0.1),#6103);
#6573 = DRAUGHTING_PRE_DEFINED_CURVE_FONT('continuous');
#6574 = STYLED_ITEM('color',(#6575),#2264);
#6575 = PRESENTATION_STYLE_ASSIGNMENT((#6576,#6581));
#6576 = SURFACE_STYLE_USAGE(.BOTH.,#6577);
#6577 = SURFACE_SIDE_STYLE('',(#6578));
#6578 = SURFACE_STYLE_FILL_AREA(#6579);
#6579 = FILL_AREA_STYLE('',(#6580));
#6580 = FILL_AREA_STYLE_COLOUR('',#6103);
#6581 = CURVE_STYLE('',#6582,POSITIVE_LENGTH_MEASURE(0.1),#6103);
#6582 = DRAUGHTING_PRE_DEFINED_CURVE_FONT('continuous');
#6583 = STYLED_ITEM('color',(#6584),#2288);
#6584 = PRESENTATION_STYLE_ASSIGNMENT((#6585,#6590));
#6585 = SURFACE_STYLE_USAGE(.BOTH.,#6586);
#6586 = SURFACE_SIDE_STYLE('',(#6587));
#6587 = SURFACE_STYLE_FILL_AREA(#6588);
#6588 = FILL_AREA_STYLE('',(#6589));
#6589 = FILL_AREA_STYLE_COLOUR('',#6103);
#6590 = CURVE_STYLE('',#6591,POSITIVE_LENGTH_MEASURE(0.1),#6103);
#6591 = DRAUGHTING_PRE_DEFINED_CURVE_FONT('continuous');
#6592 = STYLED_ITEM('color',(#6593),#2330);
#6593 = PRESENTATION_STYLE_ASSIGNMENT((#6594,#6599));
#6594 = SURFACE_STYLE_USAGE(.BOTH.,#6595);
#6595 = SURFACE_SIDE_STYLE('',(#6596));
#6596 = SURFACE_STYLE_FILL_AREA(#6597);
#6597 = FILL_AREA_STYLE('',(#6598));
#6598 = FILL_AREA_STYLE_COLOUR('',#6103);
#6599 = CURVE_STYLE('',#6600,POSITIVE_LENGTH_MEASURE(0.1),#6103);
#6600 = DRAUGHTING_PRE_DEFINED_CURVE_FONT('continuous');
#6601 = STYLED_ITEM('color',(#6602),#2347);
#6602 = PRESENTATION_STYLE_ASSIGNMENT((#6603,#6608));
#6603 = SURFACE_STYLE_USAGE(.BOTH.,#6604);
#6604 = SURFACE_SIDE_STYLE('',(#6605));
#6605 = SURFACE_STYLE_FILL_AREA(#6606);
#6606 = FILL_AREA_STYLE('',(#6607));
#6607 = FILL_AREA_STYLE_COLOUR('',#6030);
#6608 = CURVE_STYLE('',#6609,POSITIVE_LENGTH_MEASURE(0.1),#6030);
#6609 = DRAUGHTING_PRE_DEFINED_CURVE_FONT('continuous');
#6610 = OVER_RIDING_STYLED_ITEM('overriding color',(#6611),#2354,#6601);
#6611 = PRESENTATION_STYLE_ASSIGNMENT((#6612,#6617));
#6612 = SURFACE_STYLE_USAGE(.BOTH.,#6613);
#6613 = SURFACE_SIDE_STYLE('',(#6614));
#6614 = SURFACE_STYLE_FILL_AREA(#6615);
#6615 = FILL_AREA_STYLE('',(#6616));
#6616 = FILL_AREA_STYLE_COLOUR('',#6103);
#6617 = CURVE_STYLE('',#6618,POSITIVE_LENGTH_MEASURE(0.1),#6103);
#6618 = DRAUGHTING_PRE_DEFINED_CURVE_FONT('continuous');
#6619 = STYLED_ITEM('color',(#6620),#2364);
#6620 = PRESENTATION_STYLE_ASSIGNMENT((#6621,#6626));
#6621 = SURFACE_STYLE_USAGE(.BOTH.,#6622);
#6622 = SURFACE_SIDE_STYLE('',(#6623));
#6623 = SURFACE_STYLE_FILL_AREA(#6624);
#6624 = FILL_AREA_STYLE('',(#6625));
#6625 = FILL_AREA_STYLE_COLOUR('',#6030);
#6626 = CURVE_STYLE('',#6627,POSITIVE_LENGTH_MEASURE(0.1),#6030);
#6627 = DRAUGHTING_PRE_DEFINED_CURVE_FONT('continuous');
#6628 = OVER_RIDING_STYLED_ITEM('overriding color',(#6629),#2369,#6619);
#6629 = PRESENTATION_STYLE_ASSIGNMENT((#6630,#6635));
#6630 = SURFACE_STYLE_USAGE(.BOTH.,#6631);
#6631 = SURFACE_SIDE_STYLE('',(#6632));
#6632 = SURFACE_STYLE_FILL_AREA(#6633);
#6633 = FILL_AREA_STYLE('',(#6634));
#6634 = FILL_AREA_STYLE_COLOUR('',#6103);
#6635 = CURVE_STYLE('',#6636,POSITIVE_LENGTH_MEASURE(0.1),#6103);
#6636 = DRAUGHTING_PRE_DEFINED_CURVE_FONT('continuous');
#6637 = STYLED_ITEM('color',(#6638),#2381);
#6638 = PRESENTATION_STYLE_ASSIGNMENT((#6639,#6644));
#6639 = SURFACE_STYLE_USAGE(.BOTH.,#6640);
#6640 = SURFACE_SIDE_STYLE('',(#6641));
#6641 = SURFACE_STYLE_FILL_AREA(#6642);
#6642 = FILL_AREA_STYLE('',(#6643));
#6643 = FILL_AREA_STYLE_COLOUR('',#6103);
#6644 = CURVE_STYLE('',#6645,POSITIVE_LENGTH_MEASURE(0.1),#6103);
#6645 = DRAUGHTING_PRE_DEFINED_CURVE_FONT('continuous');
#6646 = STYLED_ITEM('color',(#6647),#2430);
#6647 = PRESENTATION_STYLE_ASSIGNMENT((#6648,#6653));
#6648 = SURFACE_STYLE_USAGE(.BOTH.,#6649);
#6649 = SURFACE_SIDE_STYLE('',(#6650));
#6650 = SURFACE_STYLE_FILL_AREA(#6651);
#6651 = FILL_AREA_STYLE('',(#6652));
#6652 = FILL_AREA_STYLE_COLOUR('',#6103);
#6653 = CURVE_STYLE('',#6654,POSITIVE_LENGTH_MEASURE(0.1),#6103);
#6654 = DRAUGHTING_PRE_DEFINED_CURVE_FONT('continuous');
#6655 = STYLED_ITEM('color',(#6656),#2454);
#6656 = PRESENTATION_STYLE_ASSIGNMENT((#6657,#6662));
#6657 = SURFACE_STYLE_USAGE(.BOTH.,#6658);
#6658 = SURFACE_SIDE_STYLE('',(#6659));
#6659 = SURFACE_STYLE_FILL_AREA(#6660);
#6660 = FILL_AREA_STYLE('',(#6661));
#6661 = FILL_AREA_STYLE_COLOUR('',#6103);
#6662 = CURVE_STYLE('',#6663,POSITIVE_LENGTH_MEASURE(0.1),#6103);
#6663 = DRAUGHTING_PRE_DEFINED_CURVE_FONT('continuous');
#6664 = STYLED_ITEM('color',(#6665),#2496);
#6665 = PRESENTATION_STYLE_ASSIGNMENT((#6666,#6671));
#6666 = SURFACE_STYLE_USAGE(.BOTH.,#6667);
#6667 = SURFACE_SIDE_STYLE('',(#6668));
#6668 = SURFACE_STYLE_FILL_AREA(#6669);
#6669 = FILL_AREA_STYLE('',(#6670));
#6670 = FILL_AREA_STYLE_COLOUR('',#6103);
#6671 = CURVE_STYLE('',#6672,POSITIVE_LENGTH_MEASURE(0.1),#6103);
#6672 = DRAUGHTING_PRE_DEFINED_CURVE_FONT('continuous');
#6673 = STYLED_ITEM('color',(#6674),#2513);
#6674 = PRESENTATION_STYLE_ASSIGNMENT((#6675,#6680));
#6675 = SURFACE_STYLE_USAGE(.BOTH.,#6676);
#6676 = SURFACE_SIDE_STYLE('',(#6677));
#6677 = SURFACE_STYLE_FILL_AREA(#6678);
#6678 = FILL_AREA_STYLE('',(#6679));
#6679 = FILL_AREA_STYLE_COLOUR('',#6103);
#6680 = CURVE_STYLE('',#6681,POSITIVE_LENGTH_MEASURE(0.1),#6103);
#6681 = DRAUGHTING_PRE_DEFINED_CURVE_FONT('continuous');
#6682 = STYLED_ITEM('color',(#6683),#2530);
#6683 = PRESENTATION_STYLE_ASSIGNMENT((#6684,#6689));
#6684 = SURFACE_STYLE_USAGE(.BOTH.,#6685);
#6685 = SURFACE_SIDE_STYLE('',(#6686));
#6686 = SURFACE_STYLE_FILL_AREA(#6687);
#6687 = FILL_AREA_STYLE('',(#6688));
#6688 = FILL_AREA_STYLE_COLOUR('',#6103);
#6689 = CURVE_STYLE('',#6690,POSITIVE_LENGTH_MEASURE(0.1),#6103);
#6690 = DRAUGHTING_PRE_DEFINED_CURVE_FONT('continuous');
#6691 = STYLED_ITEM('color',(#6692),#2547);
#6692 = PRESENTATION_STYLE_ASSIGNMENT((#6693,#6698));
#6693 = SURFACE_STYLE_USAGE(.BOTH.,#6694);
#6694 = SURFACE_SIDE_STYLE('',(#6695));
#6695 = SURFACE_STYLE_FILL_AREA(#6696);
#6696 = FILL_AREA_STYLE('',(#6697));
#6697 = FILL_AREA_STYLE_COLOUR('',#6103);
#6698 = CURVE_STYLE('',#6699,POSITIVE_LENGTH_MEASURE(0.1),#6103);
#6699 = DRAUGHTING_PRE_DEFINED_CURVE_FONT('continuous');
#6700 = STYLED_ITEM('color',(#6701),#2559);
#6701 = PRESENTATION_STYLE_ASSIGNMENT((#6702,#6707));
#6702 = SURFACE_STYLE_USAGE(.BOTH.,#6703);
#6703 = SURFACE_SIDE_STYLE('',(#6704));
#6704 = SURFACE_STYLE_FILL_AREA(#6705);
#6705 = FILL_AREA_STYLE('',(#6706));
#6706 = FILL_AREA_STYLE_COLOUR('',#6103);
#6707 = CURVE_STYLE('',#6708,POSITIVE_LENGTH_MEASURE(0.1),#6103);
#6708 = DRAUGHTING_PRE_DEFINED_CURVE_FONT('continuous');
#6709 = STYLED_ITEM('color',(#6710),#2576);
#6710 = PRESENTATION_STYLE_ASSIGNMENT((#6711,#6716));
#6711 = SURFACE_STYLE_USAGE(.BOTH.,#6712);
#6712 = SURFACE_SIDE_STYLE('',(#6713));
#6713 = SURFACE_STYLE_FILL_AREA(#6714);
#6714 = FILL_AREA_STYLE('',(#6715));
#6715 = FILL_AREA_STYLE_COLOUR('',#6103);
#6716 = CURVE_STYLE('',#6717,POSITIVE_LENGTH_MEASURE(0.1),#6103);
#6717 = DRAUGHTING_PRE_DEFINED_CURVE_FONT('continuous');
#6718 = STYLED_ITEM('color',(#6719),#2593);
#6719 = PRESENTATION_STYLE_ASSIGNMENT((#6720,#6725));
#6720 = SURFACE_STYLE_USAGE(.BOTH.,#6721);
#6721 = SURFACE_SIDE_STYLE('',(#6722));
#6722 = SURFACE_STYLE_FILL_AREA(#6723);
#6723 = FILL_AREA_STYLE('',(#6724));
#6724 = FILL_AREA_STYLE_COLOUR('',#6103);
#6725 = CURVE_STYLE('',#6726,POSITIVE_LENGTH_MEASURE(0.1),#6103);
#6726 = DRAUGHTING_PRE_DEFINED_CURVE_FONT('continuous');
#6727 = MECHANICAL_DESIGN_GEOMETRIC_PRESENTATION_REPRESENTATION('',(
    #6728),#6011);
#6728 = STYLED_ITEM('color',(#6729),#2624);
#6729 = PRESENTATION_STYLE_ASSIGNMENT((#6730));
#6730 = SURFACE_STYLE_USAGE(.BOTH.,#6731);
#6731 = SURFACE_SIDE_STYLE('',(#6732));
#6732 = SURFACE_STYLE_FILL_AREA(#6733);
#6733 = FILL_AREA_STYLE('',(#6734));
#6734 = FILL_AREA_STYLE_COLOUR('',#6735);
#6735 = COLOUR_RGB('',0.313304153717,0.484529207832,0.410020903123);
#6736 = MECHANICAL_DESIGN_GEOMETRIC_PRESENTATION_REPRESENTATION('',(
    #6737,#6745,#6752,#6759,#6766,#6773,#6781,#6788,#6795,#6802,#6809,
    #6816,#6823,#6830,#6837,#6844,#6851),#747);
#6737 = STYLED_ITEM('color',(#6738),#362);
#6738 = PRESENTATION_STYLE_ASSIGNMENT((#6739));
#6739 = SURFACE_STYLE_USAGE(.BOTH.,#6740);
#6740 = SURFACE_SIDE_STYLE('',(#6741));
#6741 = SURFACE_STYLE_FILL_AREA(#6742);
#6742 = FILL_AREA_STYLE('',(#6743));
#6743 = FILL_AREA_STYLE_COLOUR('',#6744);
#6744 = COLOUR_RGB('',0.883000012551,0.711000022565,0.492000011028);
#6745 = STYLED_ITEM('color',(#6746),#395);
#6746 = PRESENTATION_STYLE_ASSIGNMENT((#6747));
#6747 = SURFACE_STYLE_USAGE(.BOTH.,#6748);
#6748 = SURFACE_SIDE_STYLE('',(#6749));
#6749 = SURFACE_STYLE_FILL_AREA(#6750);
#6750 = FILL_AREA_STYLE('',(#6751));
#6751 = FILL_AREA_STYLE_COLOUR('',#6744);
#6752 = STYLED_ITEM('color',(#6753),#421);
#6753 = PRESENTATION_STYLE_ASSIGNMENT((#6754));
#6754 = SURFACE_STYLE_USAGE(.BOTH.,#6755);
#6755 = SURFACE_SIDE_STYLE('',(#6756));
#6756 = SURFACE_STYLE_FILL_AREA(#6757);
#6757 = FILL_AREA_STYLE('',(#6758));
#6758 = FILL_AREA_STYLE_COLOUR('',#6744);
#6759 = STYLED_ITEM('color',(#6760),#441);
#6760 = PRESENTATION_STYLE_ASSIGNMENT((#6761));
#6761 = SURFACE_STYLE_USAGE(.BOTH.,#6762);
#6762 = SURFACE_SIDE_STYLE('',(#6763));
#6763 = SURFACE_STYLE_FILL_AREA(#6764);
#6764 = FILL_AREA_STYLE('',(#6765));
#6765 = FILL_AREA_STYLE_COLOUR('',#6744);
#6766 = STYLED_ITEM('color',(#6767),#461);
#6767 = PRESENTATION_STYLE_ASSIGNMENT((#6768));
#6768 = SURFACE_STYLE_USAGE(.BOTH.,#6769);
#6769 = SURFACE_SIDE_STYLE('',(#6770));
#6770 = SURFACE_STYLE_FILL_AREA(#6771);
#6771 = FILL_AREA_STYLE('',(#6772));
#6772 = FILL_AREA_STYLE_COLOUR('',#6744);
#6773 = STYLED_ITEM('color',(#6774),#486);
#6774 = PRESENTATION_STYLE_ASSIGNMENT((#6775));
#6775 = SURFACE_STYLE_USAGE(.BOTH.,#6776);
#6776 = SURFACE_SIDE_STYLE('',(#6777));
#6777 = SURFACE_STYLE_FILL_AREA(#6778);
#6778 = FILL_AREA_STYLE('',(#6779));
#6779 = FILL_AREA_STYLE_COLOUR('',#6780);
#6780 = COLOUR_RGB('',0.823999987314,0.819999987296,0.781000009244);
#6781 = STYLED_ITEM('color',(#6782),#511);
#6782 = PRESENTATION_STYLE_ASSIGNMENT((#6783));
#6783 = SURFACE_STYLE_USAGE(.BOTH.,#6784);
#6784 = SURFACE_SIDE_STYLE('',(#6785));
#6785 = SURFACE_STYLE_FILL_AREA(#6786);
#6786 = FILL_AREA_STYLE('',(#6787));
#6787 = FILL_AREA_STYLE_COLOUR('',#6744);
#6788 = STYLED_ITEM('color',(#6789),#531);
#6789 = PRESENTATION_STYLE_ASSIGNMENT((#6790));
#6790 = SURFACE_STYLE_USAGE(.BOTH.,#6791);
#6791 = SURFACE_SIDE_STYLE('',(#6792));
#6792 = SURFACE_STYLE_FILL_AREA(#6793);
#6793 = FILL_AREA_STYLE('',(#6794));
#6794 = FILL_AREA_STYLE_COLOUR('',#6780);
#6795 = STYLED_ITEM('color',(#6796),#557);
#6796 = PRESENTATION_STYLE_ASSIGNMENT((#6797));
#6797 = SURFACE_STYLE_USAGE(.BOTH.,#6798);
#6798 = SURFACE_SIDE_STYLE('',(#6799));
#6799 = SURFACE_STYLE_FILL_AREA(#6800);
#6800 = FILL_AREA_STYLE('',(#6801));
#6801 = FILL_AREA_STYLE_COLOUR('',#6744);
#6802 = STYLED_ITEM('color',(#6803),#582);
#6803 = PRESENTATION_STYLE_ASSIGNMENT((#6804));
#6804 = SURFACE_STYLE_USAGE(.BOTH.,#6805);
#6805 = SURFACE_SIDE_STYLE('',(#6806));
#6806 = SURFACE_STYLE_FILL_AREA(#6807);
#6807 = FILL_AREA_STYLE('',(#6808));
#6808 = FILL_AREA_STYLE_COLOUR('',#6780);
#6809 = STYLED_ITEM('color',(#6810),#607);
#6810 = PRESENTATION_STYLE_ASSIGNMENT((#6811));
#6811 = SURFACE_STYLE_USAGE(.BOTH.,#6812);
#6812 = SURFACE_SIDE_STYLE('',(#6813));
#6813 = SURFACE_STYLE_FILL_AREA(#6814);
#6814 = FILL_AREA_STYLE('',(#6815));
#6815 = FILL_AREA_STYLE_COLOUR('',#6744);
#6816 = STYLED_ITEM('color',(#6817),#633);
#6817 = PRESENTATION_STYLE_ASSIGNMENT((#6818));
#6818 = SURFACE_STYLE_USAGE(.BOTH.,#6819);
#6819 = SURFACE_SIDE_STYLE('',(#6820));
#6820 = SURFACE_STYLE_FILL_AREA(#6821);
#6821 = FILL_AREA_STYLE('',(#6822));
#6822 = FILL_AREA_STYLE_COLOUR('',#6780);
#6823 = STYLED_ITEM('color',(#6824),#642);
#6824 = PRESENTATION_STYLE_ASSIGNMENT((#6825));
#6825 = SURFACE_STYLE_USAGE(.BOTH.,#6826);
#6826 = SURFACE_SIDE_STYLE('',(#6827));
#6827 = SURFACE_STYLE_FILL_AREA(#6828);
#6828 = FILL_AREA_STYLE('',(#6829));
#6829 = FILL_AREA_STYLE_COLOUR('',#6744);
#6830 = STYLED_ITEM('color',(#6831),#662);
#6831 = PRESENTATION_STYLE_ASSIGNMENT((#6832));
#6832 = SURFACE_STYLE_USAGE(.BOTH.,#6833);
#6833 = SURFACE_SIDE_STYLE('',(#6834));
#6834 = SURFACE_STYLE_FILL_AREA(#6835);
#6835 = FILL_AREA_STYLE('',(#6836));
#6836 = FILL_AREA_STYLE_COLOUR('',#6780);
#6837 = STYLED_ITEM('color',(#6838),#687);
#6838 = PRESENTATION_STYLE_ASSIGNMENT((#6839));
#6839 = SURFACE_STYLE_USAGE(.BOTH.,#6840);
#6840 = SURFACE_SIDE_STYLE('',(#6841));
#6841 = SURFACE_STYLE_FILL_AREA(#6842);
#6842 = FILL_AREA_STYLE('',(#6843));
#6843 = FILL_AREA_STYLE_COLOUR('',#6780);
#6844 = STYLED_ITEM('color',(#6845),#713);
#6845 = PRESENTATION_STYLE_ASSIGNMENT((#6846));
#6846 = SURFACE_STYLE_USAGE(.BOTH.,#6847);
#6847 = SURFACE_SIDE_STYLE('',(#6848));
#6848 = SURFACE_STYLE_FILL_AREA(#6849);
#6849 = FILL_AREA_STYLE('',(#6850));
#6850 = FILL_AREA_STYLE_COLOUR('',#6780);
#6851 = STYLED_ITEM('color',(#6852),#738);
#6852 = PRESENTATION_STYLE_ASSIGNMENT((#6853));
#6853 = SURFACE_STYLE_USAGE(.BOTH.,#6854);
#6854 = SURFACE_SIDE_STYLE('',(#6855));
#6855 = SURFACE_STYLE_FILL_AREA(#6856);
#6856 = FILL_AREA_STYLE('',(#6857));
#6857 = FILL_AREA_STYLE_COLOUR('',#6780);
#6858 = MECHANICAL_DESIGN_GEOMETRIC_PRESENTATION_REPRESENTATION('',(
    #6859,#6867,#6874,#6881,#6888,#6895,#6902,#6909,#6916,#6923,#6930,
    #6938,#6945),#341);
#6859 = STYLED_ITEM('color',(#6860),#51);
#6860 = PRESENTATION_STYLE_ASSIGNMENT((#6861));
#6861 = SURFACE_STYLE_USAGE(.BOTH.,#6862);
#6862 = SURFACE_SIDE_STYLE('',(#6863));
#6863 = SURFACE_STYLE_FILL_AREA(#6864);
#6864 = FILL_AREA_STYLE('',(#6865));
#6865 = FILL_AREA_STYLE_COLOUR('',#6866);
#6866 = COLOUR_RGB('',0.147999998088,0.144999993226,0.144999993226);
#6867 = STYLED_ITEM('color',(#6868),#84);
#6868 = PRESENTATION_STYLE_ASSIGNMENT((#6869));
#6869 = SURFACE_STYLE_USAGE(.BOTH.,#6870);
#6870 = SURFACE_SIDE_STYLE('',(#6871));
#6871 = SURFACE_STYLE_FILL_AREA(#6872);
#6872 = FILL_AREA_STYLE('',(#6873));
#6873 = FILL_AREA_STYLE_COLOUR('',#6866);
#6874 = STYLED_ITEM('color',(#6875),#110);
#6875 = PRESENTATION_STYLE_ASSIGNMENT((#6876));
#6876 = SURFACE_STYLE_USAGE(.BOTH.,#6877);
#6877 = SURFACE_SIDE_STYLE('',(#6878));
#6878 = SURFACE_STYLE_FILL_AREA(#6879);
#6879 = FILL_AREA_STYLE('',(#6880));
#6880 = FILL_AREA_STYLE_COLOUR('',#6866);
#6881 = STYLED_ITEM('color',(#6882),#136);
#6882 = PRESENTATION_STYLE_ASSIGNMENT((#6883));
#6883 = SURFACE_STYLE_USAGE(.BOTH.,#6884);
#6884 = SURFACE_SIDE_STYLE('',(#6885));
#6885 = SURFACE_STYLE_FILL_AREA(#6886);
#6886 = FILL_AREA_STYLE('',(#6887));
#6887 = FILL_AREA_STYLE_COLOUR('',#6866);
#6888 = STYLED_ITEM('color',(#6889),#167);
#6889 = PRESENTATION_STYLE_ASSIGNMENT((#6890));
#6890 = SURFACE_STYLE_USAGE(.BOTH.,#6891);
#6891 = SURFACE_SIDE_STYLE('',(#6892));
#6892 = SURFACE_STYLE_FILL_AREA(#6893);
#6893 = FILL_AREA_STYLE('',(#6894));
#6894 = FILL_AREA_STYLE_COLOUR('',#6866);
#6895 = STYLED_ITEM('color',(#6896),#187);
#6896 = PRESENTATION_STYLE_ASSIGNMENT((#6897));
#6897 = SURFACE_STYLE_USAGE(.BOTH.,#6898);
#6898 = SURFACE_SIDE_STYLE('',(#6899));
#6899 = SURFACE_STYLE_FILL_AREA(#6900);
#6900 = FILL_AREA_STYLE('',(#6901));
#6901 = FILL_AREA_STYLE_COLOUR('',#6780);
#6902 = STYLED_ITEM('color',(#6903),#212);
#6903 = PRESENTATION_STYLE_ASSIGNMENT((#6904));
#6904 = SURFACE_STYLE_USAGE(.BOTH.,#6905);
#6905 = SURFACE_SIDE_STYLE('',(#6906));
#6906 = SURFACE_STYLE_FILL_AREA(#6907);
#6907 = FILL_AREA_STYLE('',(#6908));
#6908 = FILL_AREA_STYLE_COLOUR('',#6780);
#6909 = STYLED_ITEM('color',(#6910),#237);
#6910 = PRESENTATION_STYLE_ASSIGNMENT((#6911));
#6911 = SURFACE_STYLE_USAGE(.BOTH.,#6912);
#6912 = SURFACE_SIDE_STYLE('',(#6913));
#6913 = SURFACE_STYLE_FILL_AREA(#6914);
#6914 = FILL_AREA_STYLE('',(#6915));
#6915 = FILL_AREA_STYLE_COLOUR('',#6866);
#6916 = STYLED_ITEM('color',(#6917),#262);
#6917 = PRESENTATION_STYLE_ASSIGNMENT((#6918));
#6918 = SURFACE_STYLE_USAGE(.BOTH.,#6919);
#6919 = SURFACE_SIDE_STYLE('',(#6920));
#6920 = SURFACE_STYLE_FILL_AREA(#6921);
#6921 = FILL_AREA_STYLE('',(#6922));
#6922 = FILL_AREA_STYLE_COLOUR('',#6780);
#6923 = STYLED_ITEM('color',(#6924),#288);
#6924 = PRESENTATION_STYLE_ASSIGNMENT((#6925));
#6925 = SURFACE_STYLE_USAGE(.BOTH.,#6926);
#6926 = SURFACE_SIDE_STYLE('',(#6927));
#6927 = SURFACE_STYLE_FILL_AREA(#6928);
#6928 = FILL_AREA_STYLE('',(#6929));
#6929 = FILL_AREA_STYLE_COLOUR('',#6780);
#6930 = STYLED_ITEM('color',(#6931),#314);
#6931 = PRESENTATION_STYLE_ASSIGNMENT((#6932));
#6932 = SURFACE_STYLE_USAGE(.BOTH.,#6933);
#6933 = SURFACE_SIDE_STYLE('',(#6934));
#6934 = SURFACE_STYLE_FILL_AREA(#6935);
#6935 = FILL_AREA_STYLE('',(#6936));
#6936 = FILL_AREA_STYLE_COLOUR('',#6937);
#6937 = COLOUR_RGB('',0.809000013735,0.426000008053,0.147999998088);
#6938 = STYLED_ITEM('color',(#6939),#323);
#6939 = PRESENTATION_STYLE_ASSIGNMENT((#6940));
#6940 = SURFACE_STYLE_USAGE(.BOTH.,#6941);
#6941 = SURFACE_SIDE_STYLE('',(#6942));
#6942 = SURFACE_STYLE_FILL_AREA(#6943);
#6943 = FILL_AREA_STYLE('',(#6944));
#6944 = FILL_AREA_STYLE_COLOUR('',#6780);
#6945 = STYLED_ITEM('color',(#6946),#332);
#6946 = PRESENTATION_STYLE_ASSIGNMENT((#6947));
#6947 = SURFACE_STYLE_USAGE(.BOTH.,#6948);
#6948 = SURFACE_SIDE_STYLE('',(#6949));
#6949 = SURFACE_STYLE_FILL_AREA(#6950);
#6950 = FILL_AREA_STYLE('',(#6951));
#6951 = FILL_AREA_STYLE_COLOUR('',#6780);
ENDSEC;
END-ISO-10303-21;
